{"type":"FeatureCollection","features":[{"type":"Feature","properties":{},"geometry":{"type":"Polygon","coordinates":[[[33.875,34.941],[33.702,34.973],[33.679,35.056],[33.719,35.063],[33.708,35.029],[33.824,35.067],[33.854,35.058],[33.876,35.119],[33.921,35.081],[33.799,35.039],[33.875,34.941]],[[33.741,35.014],[33.752,35.004],[33.752,35.014],[33.741,35.014]]]}},{"type":"Feature","properties":{},"geometry":{"type":"MultiPolygon","coordinates":[[[[33.794,34.978],[33.78,34.979],[33.759,34.989],[33.794,34.978]]],[[[33.752,35.004],[33.741,35.014],[33.752,35.014],[33.752,35.004]]],[[[33.702,34.973],[33.606,34.822],[33.26,34.701],[33.086,34.695],[32.963,34.625],[32.988,34.673],[32.914,34.66],[32.86,34.701],[32.707,34.645],[32.459,34.722],[32.329,34.886],[32.272,35.073],[32.287,35.097],[32.414,35.043],[32.548,35.176],[32.622,35.152],[32.66,35.187],[32.826,35.059],[33.174,35.163],[33.301,35.114],[33.416,35.16],[33.459,35.095],[33.459,34.978],[33.52,35.044],[33.534,35.0],[33.62,35.017],[33.702,34.973]]],[[[33.804,35.05],[34.022,35.057],[34.099,34.965],[33.838,34.964],[33.859,34.992],[33.804,35.05]]]]}},{"type":"Feature","properties":{},"geometry":{"type":"Polygon","coordinates":[[[34.264,31.224],[34.351,31.289],[34.367,31.393],[34.556,31.54],[34.481,31.583],[34.712,31.952],[34.838,32.281],[34.948,32.814],[35.063,32.858],[35.1,33.088],[35.284,33.101],[35.345,33.056],[35.48,33.087],[35.549,33.281],[35.604,33.24],[35.821,33.407],[35.764,33.334],[35.802,33.312],[35.769,33.273],[35.83,33.19],[35.811,33.112],[35.849,33.099],[35.888,32.945],[35.758,32.744],[35.561,32.641],[35.561,32.385],[35.407,32.415],[35.363,32.51],[35.191,32.542],[35.045,32.434],[34.997,32.323],[35.008,32.244],[34.961,32.202],[35.007,32.021],[34.987,31.967],[35.039,31.909],[35.034,31.861],[34.977,31.833],[35.076,31.854],[35.186,31.809],[35.222,31.879],[35.265,31.826],[35.263,31.749],[35.238,31.709],[35.126,31.733],[34.974,31.63],[34.879,31.363],[35.165,31.362],[35.459,31.492],[35.396,31.258],[35.438,31.104],[35.14,30.43],[35.145,30.123],[34.911,29.49],[34.855,29.546],[34.824,29.742],[34.599,30.345],[34.527,30.41],[34.536,30.482],[34.264,31.224]]]}},{"type":"Feature","properties":{},"geometry":{"type":"MultiPolygon","coordinates":[[[[34.481,31.583],[34.556,31.54],[34.367,31.393],[34.351,31.289],[34.248,31.211],[34.2,31.314],[34.481,31.583]]],[[[35.034,31.861],[34.958,32.186],[35.008,32.244],[34.997,32.323],[35.064,32.463],[35.209,32.543],[35.393,32.494],[35.407,32.415],[35.561,32.385],[35.573,32.238],[35.523,32.058],[35.559,31.765],[35.48,31.641],[35.459,31.492],[35.165,31.362],[34.879,31.363],[34.974,31.63],[35.126,31.733],[35.238,31.709],[35.263,31.749],[35.265,31.826],[35.222,31.879],[35.186,31.809],[35.076,31.854],[34.977,31.833],[35.034,31.861]]]]}},{"type":"Feature","properties":{},"geometry":{"type":"Polygon","coordinates":[[[35.105,33.091],[35.205,33.225],[35.188,33.28],[35.271,33.458],[35.349,33.514],[35.438,33.711],[35.47,33.902],[35.572,33.91],[35.641,33.999],[35.627,34.201],[35.665,34.311],[35.806,34.415],[35.805,34.465],[35.903,34.478],[35.983,34.539],[35.97,34.65],[36.262,34.627],[36.309,34.688],[36.368,34.629],[36.44,34.629],[36.32,34.514],[36.433,34.494],[36.525,34.423],[36.519,34.354],[36.582,34.3],[36.563,34.263],[36.604,34.199],[36.475,34.054],[36.391,34.045],[36.289,33.947],[36.275,33.897],[36.37,33.837],[36.138,33.851],[36.05,33.816],[35.922,33.64],[36.035,33.568],[35.933,33.528],[35.919,33.462],[35.604,33.24],[35.549,33.281],[35.48,33.087],[35.345,33.056],[35.284,33.101],[35.105,33.091]]]}},{"type":"Feature","properties":{},"geometry":{"type":"Polygon","coordinates":[[[34.213,10.0],[34.303,10.114],[34.326,10.224],[34.279,10.566],[34.42,10.781],[34.575,10.884],[34.751,10.744],[34.765,10.68],[34.951,10.869],[34.914,10.964],[34.984,11.186],[34.944,11.253],[35.073,11.549],[35.041,11.727],[35.073,11.819],[35.216,11.897],[35.317,12.024],[35.354,12.146],[35.688,12.659],[36.115,12.702],[36.137,13.032],[36.234,13.362],[36.391,13.599],[36.458,13.82],[36.432,13.97],[36.526,14.264],[36.748,14.332],[37.06,14.277],[37.121,14.421],[37.294,14.457],[37.554,14.105],[37.891,14.88],[38.007,14.724],[38.229,14.68],[38.313,14.519],[38.427,14.417],[38.866,14.494],[38.98,14.567],[39.01,14.651],[39.127,14.602],[39.208,14.44],[39.269,14.486],[39.449,14.505],[39.515,14.568],[39.651,14.497],[39.797,14.495],[39.892,14.427],[40.105,14.466],[40.277,14.405],[40.48,14.244],[40.833,14.106],[41.044,13.872],[41.192,13.616],[41.712,13.248],[41.947,12.876],[42.185,12.733],[42.379,12.466],[41.936,11.827],[41.792,11.704],[41.749,11.538],[41.788,11.26],[41.761,10.996],[41.938,10.93],[42.096,10.99],[42.392,11.006],[42.616,11.09],[42.73,11.065],[42.772,10.996],[42.924,10.999],[42.649,10.611],[42.766,10.452],[42.836,10.208],[42.982,10.092],[43.02,10.0],[34.213,10.0]]]}},{"type":"Feature","properties":{},"geometry":{"type":"MultiPolygon","coordinates":[[[[24.991,10.003],[25.017,10.168],[25.084,10.293],[25.839,10.421],[25.894,10.351],[25.903,10.186],[26.011,10.123],[26.091,10.0],[24.991,10.003]]],[[[29.615,10.058],[30.013,10.27],[30.44,10.0],[29.615,10.0],[29.615,10.058]]],[[[31.45,10.003],[31.802,10.376],[31.943,10.656],[32.431,11.082],[32.349,11.308],[32.348,11.703],[32.082,12.0],[32.747,12.003],[32.732,12.216],[33.209,12.21],[33.132,11.686],[33.083,11.599],[33.182,10.843],[33.14,10.739],[33.381,10.646],[33.902,10.192],[33.967,10.0],[31.45,10.003]]]]}},{"type":"Feature","properties":{},"geometry":{"type":"Polygon","coordinates":[[[48.939,10.013],[48.939,11.249],[49.419,11.345],[49.577,11.46],[49.851,11.465],[50.268,11.589],[50.437,11.691],[50.513,11.771],[50.561,11.908],[50.641,11.954],[50.798,11.989],[51.049,11.879],[51.293,11.833],[51.248,11.652],[51.121,11.505],[51.081,11.341],[51.086,11.188],[51.19,11.138],[51.115,10.993],[51.161,10.598],[51.107,10.577],[51.092,10.482],[51.01,10.434],[51.22,10.442],[51.176,10.563],[51.293,10.48],[51.395,10.479],[51.417,10.447],[51.376,10.368],[51.273,10.378],[51.241,10.426],[51.09,10.407],[50.927,10.328],[50.899,10.0],[48.939,10.013]]]}},{"type":"Feature","properties":{},"geometry":{"type":"Polygon","coordinates":[[[35.758,32.744],[35.888,32.945],[35.849,33.099],[35.811,33.112],[35.83,33.19],[35.769,33.273],[35.802,33.312],[35.764,33.334],[35.919,33.462],[35.933,33.528],[36.035,33.568],[35.922,33.64],[35.948,33.709],[36.05,33.816],[36.138,33.851],[36.358,33.824],[36.368,33.858],[36.269,33.907],[36.289,33.947],[36.391,34.045],[36.475,34.054],[36.604,34.199],[36.563,34.263],[36.582,34.3],[36.519,34.354],[36.525,34.423],[36.433,34.494],[36.32,34.514],[36.44,34.629],[36.368,34.629],[36.309,34.688],[36.262,34.627],[35.97,34.65],[35.867,34.924],[35.888,35.109],[35.962,35.198],[35.915,35.288],[35.919,35.418],[35.818,35.509],[35.771,35.504],[35.778,35.541],[35.723,35.582],[35.778,35.613],[35.771,35.668],[35.84,35.747],[35.799,35.85],[35.871,35.852],[35.911,35.918],[35.98,35.927],[36.004,35.869],[36.158,35.823],[36.197,35.952],[36.358,35.994],[36.373,36.228],[36.451,36.2],[36.664,36.229],[36.649,36.306],[36.578,36.333],[36.593,36.373],[36.531,36.479],[36.64,36.828],[36.965,36.754],[37.053,36.62],[37.242,36.659],[37.446,36.634],[38.224,36.908],[38.48,36.856],[38.725,36.694],[39.032,36.701],[39.24,36.661],[39.765,36.742],[40.709,37.1],[40.896,37.123],[41.201,37.065],[41.48,37.076],[42.009,37.176],[42.211,37.325],[42.347,37.24],[42.377,37.062],[41.844,36.618],[41.385,36.516],[41.277,36.355],[41.237,36.06],[41.355,35.826],[41.364,35.655],[41.261,35.494],[41.201,35.243],[41.204,34.793],[40.965,34.402],[40.69,34.331],[38.775,33.372],[36.819,32.317],[36.388,32.379],[36.177,32.527],[36.066,32.517],[36.004,32.655],[35.758,32.744]]]}},{"type":"Feature","properties":{},"geometry":{"type":"Polygon","coordinates":[[[48.939,11.249],[48.939,10.0],[43.02,10.0],[42.982,10.092],[42.836,10.208],[42.766,10.452],[42.649,10.611],[42.819,10.873],[42.894,10.92],[43.241,11.488],[43.288,11.46],[43.283,11.499],[43.376,11.392],[43.46,11.351],[43.489,11.381],[43.488,11.239],[43.83,10.803],[44.348,10.415],[44.586,10.384],[44.751,10.428],[44.962,10.416],[45.321,10.662],[45.487,10.685],[45.769,10.878],[45.856,10.824],[46.102,10.771],[46.238,10.792],[46.37,10.697],[46.646,10.748],[47.406,11.185],[47.523,11.187],[47.71,11.101],[48.13,11.137],[48.343,11.275],[48.655,11.331],[48.939,11.249]]]}},{"type":"Feature","properties":{},"geometry":{"type":"MultiPolygon","coordinates":[[[[2.537,51.065],[2.608,50.961],[2.587,50.845],[2.787,50.723],[2.887,50.697],[2.971,50.758],[3.129,50.779],[3.232,50.696],[3.271,50.527],[3.608,50.477],[3.697,50.298],[3.755,50.346],[4.003,50.344],[4.125,50.257],[4.198,50.258],[4.126,50.128],[4.181,50.127],[4.21,50.06],[4.137,50.025],[4.132,49.975],[4.435,49.932],[4.646,49.984],[4.682,50.084],[4.816,50.161],[4.872,50.14],[4.784,49.958],[4.86,49.913],[4.849,49.794],[4.971,49.797],[5.169,49.687],[5.259,49.691],[5.298,49.613],[5.402,49.602],[5.456,49.499],[5.746,49.549],[5.961,49.441],[6.194,49.499],[6.403,49.465],[6.512,49.425],[6.714,49.159],[6.822,49.148],[6.833,49.209],[6.914,49.207],[7.009,49.182],[7.043,49.108],[7.08,49.142],[7.274,49.105],[7.41,49.169],[7.635,49.038],[7.932,49.035],[8.2,48.959],[8.09,48.808],[7.97,48.757],[7.81,48.615],[7.813,48.519],[7.738,48.407],[7.751,48.341],[7.586,48.13],[7.576,48.054],[7.621,47.971],[7.512,47.707],[7.586,47.585],[7.483,47.542],[7.484,47.493],[7.414,47.49],[7.426,47.456],[7.379,47.431],[7.238,47.417],[7.168,47.444],[7.181,47.488],[6.973,47.489],[6.991,47.452],[6.867,47.354],[7.004,47.368],[7.037,47.33],[6.69,47.078],[6.665,47.021],[6.443,46.944],[6.429,46.761],[6.118,46.583],[6.146,46.552],[6.054,46.419],[6.135,46.37],[6.094,46.253],[5.955,46.2],[5.983,46.171],[5.959,46.13],[6.14,46.15],[6.281,46.24],[6.214,46.315],[6.269,46.375],[6.483,46.449],[6.787,46.414],[6.75,46.346],[6.828,46.269],[6.766,46.152],[6.869,46.112],[6.851,46.05],[6.915,46.049],[7.022,45.925],[6.949,45.858],[6.801,45.826],[6.796,45.718],[6.963,45.641],[6.983,45.511],[7.161,45.411],[7.093,45.324],[7.108,45.259],[7.055,45.214],[6.959,45.21],[6.844,45.13],[6.736,45.157],[6.603,45.103],[6.652,45.036],[6.723,45.013],[6.745,44.908],[7.007,44.822],[7.055,44.685],[6.96,44.683],[6.946,44.625],[6.836,44.534],[6.918,44.436],[6.866,44.372],[6.983,44.242],[7.331,44.125],[7.656,44.176],[7.69,44.067],[7.478,43.866],[7.502,43.792],[7.476,43.765],[7.388,43.758],[7.331,43.686],[7.152,43.655],[7.139,43.554],[6.962,43.54],[6.894,43.428],[6.731,43.408],[6.718,43.351],[6.591,43.269],[6.693,43.273],[6.68,43.202],[6.402,43.147],[6.375,43.091],[6.193,43.109],[6.153,43.072],[6.18,43.036],[6.089,43.035],[6.129,43.071],[6.027,43.078],[5.941,43.134],[5.879,43.12],[5.951,43.08],[5.857,43.045],[5.674,43.18],[5.612,43.16],[5.525,43.213],[5.347,43.216],[5.369,43.27],[5.294,43.355],[5.034,43.335],[5.026,43.409],[5.174,43.428],[5.226,43.48],[5.14,43.486],[5.029,43.559],[5.009,43.518],[5.051,43.429],[4.868,43.421],[4.868,43.365],[4.901,43.367],[4.856,43.342],[4.758,43.422],[4.742,43.524],[4.695,43.579],[4.743,43.423],[4.82,43.346],[4.592,43.36],[4.58,43.43],[4.513,43.456],[4.182,43.464],[4.105,43.552],[3.953,43.54],[3.622,43.375],[3.513,43.281],[3.318,43.263],[3.114,43.106],[3.039,42.943],[3.042,42.629],[3.052,42.555],[3.137,42.525],[3.181,42.431],[2.934,42.47],[2.69,42.406],[2.64,42.373],[2.662,42.339],[2.515,42.326],[2.277,42.429],[2.137,42.416],[1.996,42.349],[1.927,42.437],[1.712,42.494],[1.722,42.549],[1.765,42.563],[1.722,42.61],[1.543,42.649],[1.467,42.641],[1.429,42.595],[1.343,42.709],[1.151,42.707],[1.089,42.771],[0.813,42.832],[0.656,42.838],[0.644,42.684],[0.409,42.682],[0.354,42.717],[0.275,42.669],[0.169,42.726],[-0.039,42.685],[-0.119,42.717],[-0.161,42.795],[-0.235,42.786],[-0.323,42.843],[-0.569,42.773],[-0.74,42.885],[-0.76,42.947],[-0.943,42.948],[-1.15,43.006],[-1.294,43.055],[-1.315,43.083],[-1.286,43.109],[-1.348,43.093],[-1.366,43.033],[-1.457,43.045],[-1.488,43.082],[-1.426,43.135],[-1.404,43.243],[-1.559,43.284],[-1.622,43.247],[-1.655,43.298],[-1.747,43.291],[-1.796,43.374],[-1.661,43.4],[-1.477,43.58],[-1.282,44.302],[-1.257,44.556],[-1.187,44.665],[-1.045,44.669],[-1.172,44.778],[-1.26,44.627],[-1.14,45.49],[-1.085,45.569],[-0.766,45.326],[-0.716,45.135],[-0.569,44.998],[-0.535,44.895],[-0.539,44.977],[-0.596,45.025],[-0.494,44.998],[-0.656,45.099],[-0.72,45.361],[-0.795,45.477],[-1.084,45.66],[-1.247,45.71],[-1.23,45.792],[-1.164,45.807],[-0.987,45.717],[-1.125,45.808],[-1.152,45.868],[-1.073,45.904],[-1.111,46.018],[-1.049,46.039],[-1.211,46.175],[-1.111,46.259],[-1.111,46.303],[-1.177,46.326],[-1.24,46.284],[-1.37,46.354],[-1.449,46.343],[-1.481,46.408],[-1.626,46.431],[-1.789,46.533],[-1.795,46.495],[-1.823,46.594],[-1.91,46.692],[-2.119,46.82],[-2.129,46.893],[-1.991,47.035],[-2.03,47.092],[-2.241,47.142],[-2.165,47.168],[-2.161,47.271],[-2.015,47.3],[-1.804,47.219],[-1.727,47.211],[-2.01,47.32],[-2.148,47.313],[-2.278,47.246],[-2.542,47.3],[-2.436,47.307],[-2.556,47.383],[-2.392,47.424],[-2.448,47.431],[-2.495,47.491],[-2.364,47.506],[-2.632,47.52],[-2.599,47.529],[-2.577,47.554],[-2.681,47.504],[-2.817,47.499],[-2.909,47.558],[-2.741,47.551],[-2.689,47.604],[-2.684,47.623],[-2.707,47.643],[-2.709,47.602],[-2.775,47.629],[-2.746,47.634],[-2.789,47.643],[-2.919,47.596],[-2.975,47.664],[-2.94,47.561],[-3.012,47.607],[-3.074,47.576],[-3.123,47.599],[-3.085,47.478],[-3.132,47.478],[-3.141,47.598],[-3.201,47.64],[-3.118,47.732],[-3.193,47.746],[-3.159,47.711],[-3.224,47.656],[-3.358,47.697],[-3.283,47.691],[-3.358,47.711],[-3.283,47.787],[-3.446,47.705],[-3.528,47.78],[-3.852,47.801],[-3.962,47.9],[-4.037,47.855],[-4.132,47.924],[-4.111,47.869],[-4.186,47.874],[-4.153,47.842],[-4.185,47.813],[-4.372,47.807],[-4.347,47.863],[-4.435,47.976],[-4.533,48.026],[-4.728,48.041],[-4.701,48.075],[-4.285,48.115],[-4.302,48.196],[-4.379,48.232],[-4.485,48.243],[-4.557,48.177],[-4.547,48.253],[-4.626,48.287],[-4.575,48.29],[-4.547,48.347],[-4.516,48.296],[-4.269,48.288],[-4.187,48.308],[-4.325,48.322],[-4.269,48.363],[-4.454,48.335],[-4.29,48.432],[-4.599,48.35],[-4.768,48.345],[-4.765,48.52],[-4.722,48.568],[-4.577,48.568],[-4.608,48.603],[-4.53,48.602],[-4.564,48.63],[-4.343,48.679],[-4.307,48.642],[-4.194,48.65],[-4.174,48.691],[-4.064,48.685],[-3.974,48.733],[-3.955,48.658],[-3.892,48.678],[-3.852,48.63],[-3.858,48.685],[-3.81,48.733],[-3.585,48.683],[-3.58,48.733],[-3.528,48.739],[-3.582,48.791],[-3.515,48.842],[-3.398,48.807],[-3.23,48.872],[-3.221,48.794],[-3.091,48.871],[-3.077,48.828],[-3.125,48.76],[-3.066,48.824],[-3.008,48.821],[-3.042,48.788],[-2.933,48.767],[-2.947,48.733],[-2.682,48.509],[-2.46,48.636],[-2.487,48.65],[-2.386,48.65],[-2.316,48.699],[-2.282,48.671],[-2.33,48.63],[-2.251,48.65],[-2.214,48.582],[-2.052,48.65],[-1.98,48.514],[-1.939,48.534],[-1.98,48.589],[-1.953,48.575],[-2.029,48.643],[-1.946,48.699],[-1.844,48.712],[-1.861,48.641],[-1.796,48.616],[-1.357,48.643],[-1.554,48.747],[-1.603,48.849],[-1.543,48.935],[-1.546,49.03],[-1.508,49.034],[-1.594,49.029],[-1.608,49.103],[-1.569,49.144],[-1.61,49.216],[-1.548,49.225],[-1.625,49.219],[-1.699,49.356],[-1.816,49.384],[-1.819,49.452],[-1.885,49.531],[-1.84,49.62],[-1.946,49.678],[-1.935,49.724],[-1.607,49.65],[-1.409,49.712],[-1.263,49.696],[-1.228,49.624],[-1.306,49.558],[-1.176,49.415],[-1.182,49.356],[-1.123,49.345],[-1.072,49.397],[-0.94,49.392],[-0.411,49.343],[-0.219,49.28],[0.013,49.335],[0.162,49.415],[0.411,49.452],[0.493,49.494],[0.257,49.464],[0.104,49.494],[0.077,49.535],[0.171,49.692],[0.236,49.729],[0.597,49.857],[1.221,49.979],[1.456,50.124],[1.521,50.215],[1.673,50.193],[1.542,50.278],[1.552,50.349],[1.61,50.371],[1.555,50.405],[1.61,50.548],[1.563,50.678],[1.606,50.79],[1.581,50.869],[1.921,50.997],[2.537,51.065]],[[1.948,42.451],[1.999,42.444],[1.957,42.482],[1.948,42.451]]],[[[-60.823,14.457],[-60.871,14.408],[-60.869,14.476],[-61.07,14.467],[-61.106,14.517],[-60.996,14.565],[-61.016,14.613],[-61.092,14.606],[-61.16,14.667],[-61.219,14.847],[-61.136,14.877],[-61.002,14.811],[-60.961,14.75],[-60.879,14.777],[-60.934,14.75],[-60.907,14.703],[-60.939,14.675],[-60.832,14.579],[-60.823,14.457]]],[[[-61.195,15.92],[-61.275,15.874],[-61.332,15.932],[-61.268,16.009],[-61.195,15.92]]],[[[-61.04,16.314],[-61.092,16.305],[-60.989,16.346],[-61.04,16.314]]],[[[-61.549,16.281],[-61.579,16.222],[-61.566,16.034],[-61.695,15.949],[-61.769,16.088],[-61.797,16.312],[-61.738,16.365],[-61.549,16.281]]],[[[-61.534,16.233],[-61.496,16.365],[-61.534,16.449],[-61.463,16.513],[-61.409,16.472],[-61.366,16.349],[-61.164,16.253],[-61.462,16.202],[-61.534,16.233]]],[[[9.482,42.62],[9.477,42.619],[9.457,42.647],[9.482,42.62]]],[[[8.594,42.167],[8.549,42.242],[8.688,42.273],[8.605,42.31],[8.613,42.352],[8.552,42.339],[8.549,42.377],[8.66,42.43],[8.709,42.579],[8.787,42.562],[8.805,42.606],[9.05,42.662],[9.118,42.732],[9.237,42.723],[9.292,42.675],[9.343,42.749],[9.306,42.839],[9.36,42.929],[9.347,43.004],[9.464,42.99],[9.483,42.802],[9.443,42.641],[9.528,42.564],[9.56,42.147],[9.403,41.953],[9.402,41.706],[9.347,41.62],[9.292,41.626],[9.279,41.598],[9.351,41.581],[9.265,41.531],[9.271,41.469],[9.211,41.448],[9.211,41.407],[9.25,41.428],[9.223,41.373],[9.096,41.404],[9.121,41.435],[9.08,41.482],[8.936,41.489],[8.792,41.561],[8.802,41.639],[8.923,41.695],[8.655,41.75],[8.785,41.824],[8.751,41.846],[8.805,41.907],[8.764,41.934],[8.614,41.901],[8.586,41.969],[8.745,42.057],[8.699,42.109],[8.56,42.154],[8.594,42.167]]],[[[-1.248,46.002],[-1.176,45.899],[-1.209,45.814],[-1.378,45.976],[-1.405,46.053],[-1.248,46.002]]],[[[-1.254,46.162],[-1.504,46.208],[-1.556,46.252],[-1.308,46.207],[-1.254,46.162]]],[[[-2.357,46.734],[-2.269,46.697],[-2.383,46.723],[-2.357,46.734]]],[[[-2.2,47.024],[-2.145,46.957],[-2.143,46.91],[-2.296,47.033],[-2.2,47.024]]],[[[-3.262,47.383],[-3.067,47.302],[-3.223,47.312],[-3.262,47.383]]],[[[-5.048,48.477],[-5.088,48.447],[-5.133,48.458],[-5.092,48.481],[-5.048,48.477]]],[[[-61.635,15.866],[-61.619,15.852],[-61.638,15.853],[-61.635,15.866]]],[[[-61.58,15.881],[-61.582,15.862],[-61.596,15.863],[-61.58,15.881]]],[[[6.233,43.016],[6.252,43.003],[6.166,43.0],[6.233,43.016]]]]}},{"type":"Feature","properties":{},"geometry":{"type":"Polygon","coordinates":[[[-8.818,27.659],[-8.773,27.46],[-8.796,27.308],[-8.753,27.19],[-8.794,27.12],[-9.412,27.088],[-9.734,26.86],[-9.817,26.85],[-10.032,26.91],[-10.25,26.86],[-10.55,26.99],[-10.757,27.02],[-10.922,27.01],[-11.392,26.883],[-11.316,26.744],[-11.337,26.633],[-11.511,26.47],[-11.717,26.104],[-12.03,26.03],[-12.06,25.99],[-12.31,25.11],[-12.43,24.83],[-12.99,24.47],[-13.31,23.981],[-13.77,23.79],[-13.89,23.69],[-14.02,23.41],[-14.1,23.1],[-14.22,22.31],[-14.63,21.86],[-14.61,21.75],[-14.75,21.5],[-14.97,21.441],[-16.04,21.5],[-16.73,21.47],[-17.014,21.42],[-16.921,21.931],[-16.707,22.275],[-16.522,22.315],[-16.467,22.377],[-16.429,22.51],[-16.357,22.583],[-16.29,22.9],[-16.163,22.993],[-16.16,23.082],[-16.213,23.094],[-15.773,23.788],[-15.775,23.912],[-15.995,23.645],[-15.94,23.775],[-15.841,23.903],[-15.62,24.026],[-15.204,24.467],[-15.015,24.562],[-14.896,24.706],[-14.836,24.919],[-14.85,25.214],[-14.819,25.33],[-14.621,25.784],[-14.514,25.937],[-14.466,26.194],[-14.18,26.424],[-13.924,26.501],[-13.561,26.749],[-13.171,27.685],[-13.045,27.76],[-12.952,27.929],[-12.061,28.089],[-11.486,28.326],[-11.063,28.752],[-10.574,28.99],[-10.248,29.299],[-10.053,29.6],[-9.82,29.839],[-9.655,30.127],[-9.612,30.404],[-9.7,30.543],[-9.889,30.648],[-9.813,30.827],[-9.848,31.121],[-9.807,31.343],[-9.848,31.402],[-9.694,31.626],[-9.667,31.731],[-9.366,32.026],[-9.278,32.197],[-9.26,32.577],[-8.868,32.882],[-8.529,33.269],[-8.452,33.264],[-8.285,33.39],[-7.529,33.633],[-7.406,33.727],[-7.032,33.874],[-6.822,34.04],[-6.292,34.881],[-5.927,35.781],[-5.599,35.822],[-5.399,35.925],[-5.249,35.585],[-5.066,35.417],[-4.77,35.241],[-4.376,35.152],[-3.919,35.267],[-3.904,35.214],[-3.787,35.209],[-3.7,35.291],[-3.591,35.233],[-3.319,35.202],[-3.077,35.288],[-2.969,35.446],[-2.964,35.286],[-2.899,35.26],[-2.91,35.187],[-2.856,35.131],[-2.748,35.116],[-2.878,35.246],[-2.667,35.108],[-2.517,35.099],[-2.417,35.149],[-2.275,35.11],[-2.223,35.089],[-2.194,35.004],[-2.016,34.926],[-1.98,34.865],[-1.77,34.741],[-1.871,34.597],[-1.703,34.48],[-1.81,34.372],[-1.67,34.079],[-1.719,33.898],[-1.703,33.762],[-1.747,33.702],[-1.662,33.645],[-1.617,33.554],[-1.683,33.369],[-1.674,33.238],[-1.5,33.06],[-1.503,32.975],[-1.559,32.934],[-1.423,32.742],[-1.032,32.494],[-1.244,32.357],[-1.31,32.167],[-1.196,32.146],[-1.21,32.09],[-2.516,32.132],[-2.881,32.076],[-2.939,32.049],[-2.828,31.795],[-3.66,31.648],[-3.673,31.389],[-3.815,31.337],[-3.843,31.17],[-3.811,31.143],[-3.731,31.176],[-3.624,31.087],[-3.555,30.956],[-3.66,30.837],[-3.646,30.711],[-3.834,30.627],[-4.156,30.586],[-4.372,30.509],[-4.624,30.285],[-4.876,30.18],[-5.176,29.977],[-5.54,29.523],[-5.637,29.495],[-5.721,29.523],[-5.756,29.614],[-6.273,29.579],[-6.7,29.516],[-6.784,29.446],[-6.958,29.509],[-7.147,29.509],[-7.35,29.383],[-7.654,29.376],[-8.668,28.712],[-8.682,27.661],[-8.818,27.659]]]}},{"type":"Feature","properties":{},"geometry":{"type":"Polygon","coordinates":[[[-8.817,27.661],[-8.682,27.661],[-8.688,26.0],[-12.015,25.995],[-12.019,23.461],[-12.354,23.322],[-12.619,23.271],[-13.015,23.018],[-13.152,22.82],[-13.155,22.689],[-13.093,22.495],[-13.015,21.333],[-16.959,21.333],[-17.077,20.905],[-17.057,20.767],[-17.105,20.862],[-17.014,21.42],[-16.73,21.47],[-16.04,21.5],[-14.97,21.441],[-14.75,21.5],[-14.61,21.75],[-14.63,21.86],[-14.22,22.31],[-14.1,23.1],[-14.02,23.41],[-13.89,23.69],[-13.77,23.79],[-13.31,23.981],[-12.99,24.47],[-12.43,24.83],[-12.31,25.11],[-12.06,25.99],[-12.03,26.03],[-11.717,26.104],[-11.511,26.47],[-11.337,26.633],[-11.316,26.744],[-11.392,26.883],[-10.922,27.01],[-10.757,27.02],[-10.55,26.99],[-10.25,26.86],[-10.032,26.91],[-9.817,26.85],[-9.734,26.86],[-9.412,27.088],[-8.794,27.12],[-8.753,27.19],[-8.796,27.308],[-8.773,27.46],[-8.817,27.661]]]}},{"type":"Feature","properties":{},"geometry":{"type":"MultiPolygon","coordinates":[[[[-83.687,10.938],[-83.624,10.903],[-83.581,10.807],[-83.583,10.776],[-83.624,10.858],[-83.609,10.746],[-83.638,10.721],[-83.589,10.748],[-83.589,10.721],[-83.575,10.768],[-83.395,10.376],[-83.125,10.041],[-83.022,10.0],[-84.866,10.0],[-85.09,10.172],[-85.193,10.17],[-85.289,10.282],[-85.238,10.102],[-85.145,10.0],[-85.713,10.0],[-85.844,10.231],[-85.838,10.312],[-85.875,10.355],[-85.776,10.447],[-85.809,10.515],[-85.7,10.549],[-85.632,10.621],[-85.652,10.645],[-85.7,10.611],[-85.663,10.679],[-85.68,10.796],[-85.946,10.899],[-85.858,10.926],[-85.878,10.946],[-85.816,10.946],[-85.796,10.905],[-85.782,10.937],[-85.711,10.928],[-85.698,10.983],[-85.746,11.023],[-85.668,11.04],[-85.702,11.081],[-85.598,11.21],[-84.931,10.942],[-84.676,11.07],[-84.438,10.952],[-84.355,10.995],[-84.311,10.919],[-84.208,10.861],[-84.227,10.819],[-84.192,10.782],[-84.009,10.789],[-83.917,10.713],[-83.663,10.807],[-83.687,10.938]]],[[[-85.199,10.118],[-85.097,10.084],[-85.159,10.076],[-85.199,10.118]]]]}},{"type":"Feature","properties":{},"geometry":{"type":"MultiPolygon","coordinates":[[[[-85.702,11.081],[-85.786,11.112],[-85.928,11.311],[-86.496,11.759],[-86.773,12.197],[-87.171,12.451],[-87.098,12.434],[-87.345,12.619],[-87.48,12.8],[-87.523,12.817],[-87.492,12.771],[-87.671,12.894],[-87.667,12.982],[-87.578,13.085],[-87.392,12.913],[-87.29,12.92],[-87.379,12.938],[-87.314,12.982],[-87.035,12.98],[-86.923,13.086],[-86.911,13.24],[-86.85,13.289],[-86.749,13.261],[-86.704,13.299],[-86.766,13.745],[-86.542,13.782],[-86.34,13.757],[-86.097,14.044],[-86.02,14.055],[-86.028,13.996],[-85.929,13.912],[-85.742,13.824],[-85.727,13.965],[-85.528,14.051],[-85.321,14.281],[-85.17,14.322],[-85.159,14.361],[-85.206,14.407],[-85.145,14.564],[-85.086,14.545],[-85.03,14.589],[-85.054,14.663],[-84.904,14.817],[-84.792,14.821],[-84.699,14.675],[-84.527,14.66],[-84.483,14.619],[-84.363,14.716],[-84.338,14.675],[-84.267,14.678],[-84.262,14.759],[-84.168,14.715],[-84.095,14.736],[-84.112,14.793],[-83.925,14.763],[-83.925,14.804],[-83.869,14.777],[-83.801,14.804],[-83.821,14.825],[-83.705,14.839],[-83.692,14.887],[-83.616,14.873],[-83.509,15.012],[-83.459,14.982],[-83.39,15.031],[-83.266,14.982],[-83.13,14.997],[-83.192,14.974],[-83.294,14.804],[-83.328,14.791],[-83.328,14.832],[-83.287,14.826],[-83.322,14.914],[-83.37,14.883],[-83.425,14.804],[-83.338,14.731],[-83.356,14.77],[-83.299,14.771],[-83.187,14.348],[-83.431,13.957],[-83.559,13.416],[-83.569,13.243],[-83.508,12.903],[-83.541,12.581],[-83.482,12.417],[-83.638,12.386],[-83.603,12.425],[-83.638,12.565],[-83.588,12.56],[-83.555,12.636],[-83.564,12.813],[-83.646,12.787],[-83.589,12.632],[-83.775,12.534],[-83.676,12.28],[-83.65,12.353],[-83.617,12.348],[-83.686,12.137],[-83.671,11.988],[-83.724,12.075],[-83.698,12.135],[-83.729,12.172],[-83.778,12.177],[-83.713,12.126],[-83.739,12.052],[-83.804,12.06],[-83.761,12.035],[-83.76,11.947],[-83.836,11.871],[-83.768,11.805],[-83.7,11.85],[-83.652,11.619],[-83.761,11.557],[-83.794,11.444],[-83.863,11.392],[-83.868,11.274],[-83.816,11.09],[-83.679,10.916],[-83.663,10.807],[-83.927,10.715],[-84.009,10.789],[-84.192,10.782],[-84.227,10.819],[-84.208,10.861],[-84.311,10.919],[-84.355,10.995],[-84.438,10.952],[-84.676,11.07],[-84.931,10.942],[-85.598,11.21],[-85.702,11.081]]],[[[-83.665,10.935],[-83.676,10.926],[-83.687,10.938],[-83.665,10.935]]],[[[-83.72,11.87],[-83.729,11.973],[-83.707,11.987],[-83.72,11.87]]],[[[-83.054,12.144],[-83.033,12.191],[-83.021,12.182],[-83.054,12.144]]],[[[-82.751,14.422],[-82.733,14.37],[-82.751,14.361],[-82.808,14.366],[-82.751,14.422]]]]}},{"type":"Feature","properties":{},"geometry":{"type":"MultiPolygon","coordinates":[[[[31.826,52.104],[31.91,52.029],[32.233,52.081],[32.367,52.247],[32.354,52.322],[32.394,52.327],[32.909,52.241],[33.183,52.367],[33.481,52.358],[33.51,52.288],[33.688,52.356],[33.804,52.355],[34.065,52.159],[34.096,51.952],[34.295,51.874],[34.413,51.778],[34.376,51.709],[34.089,51.667],[34.224,51.515],[34.186,51.394],[34.3,51.368],[34.309,51.335],[34.186,51.249],[34.608,51.234],[34.675,51.168],[35.079,51.208],[35.144,51.058],[35.355,51.026],[35.278,50.993],[35.285,50.944],[35.342,50.916],[35.469,50.669],[35.378,50.622],[35.425,50.5],[35.541,50.45],[35.611,50.352],[35.697,50.345],[35.837,50.423],[36.106,50.421],[36.269,50.281],[36.41,50.305],[36.536,50.268],[36.535,50.22],[36.594,50.204],[36.849,50.324],[37.197,50.362],[37.415,50.432],[37.48,50.34],[37.599,50.291],[37.597,50.197],[37.728,50.079],[37.916,50.003],[38.0,49.9],[38.166,49.941],[38.174,50.06],[38.3,50.061],[38.356,49.981],[38.498,49.948],[38.665,49.965],[38.687,49.914],[38.937,49.803],[39.049,49.811],[39.156,49.874],[39.261,49.745],[39.558,49.724],[39.623,49.613],[39.802,49.542],[39.998,49.608],[40.116,49.591],[40.126,49.559],[40.035,49.487],[40.16,49.334],[40.142,49.246],[39.952,49.125],[39.919,49.048],[39.698,49.028],[39.674,48.97],[39.759,48.895],[39.95,48.853],[40.034,48.886],[40.053,48.85],[39.975,48.79],[39.779,48.808],[39.703,48.747],[39.632,48.587],[39.855,48.556],[39.845,48.484],[39.924,48.376],[39.816,48.308],[39.979,48.29],[39.991,48.254],[39.843,48.12],[39.843,48.036],[39.76,48.015],[39.796,47.961],[39.734,47.816],[38.877,47.861],[38.796,47.82],[38.735,47.677],[38.319,47.591],[38.26,47.493],[38.258,47.393],[38.189,47.301],[38.292,47.287],[38.298,47.256],[38.203,47.192],[38.217,47.103],[38.142,47.038],[38.108,47.026],[38.13,47.075],[38.072,47.1],[37.546,47.082],[37.335,46.882],[37.227,46.937],[36.854,46.8],[36.862,46.777],[36.769,46.637],[36.744,46.65],[36.772,46.643],[36.803,46.725],[36.696,46.78],[36.4,46.724],[36.278,46.607],[36.189,46.669],[35.902,46.653],[35.491,46.448],[35.162,46.128],[34.982,46.078],[35.044,46.142],[35.2,46.183],[35.342,46.336],[35.346,46.361],[35.268,46.351],[35.285,46.437],[35.188,46.512],[35.209,46.396],[35.108,46.298],[35.031,46.252],[34.894,46.252],[34.812,46.177],[34.874,45.926],[35.002,45.729],[34.976,45.717],[34.789,45.804],[34.784,45.899],[34.689,45.974],[34.465,45.955],[34.334,46.07],[34.068,46.105],[33.846,46.196],[33.67,46.218],[33.66,46.148],[33.55,46.136],[33.558,46.087],[33.496,46.068],[33.516,46.046],[33.29,46.095],[33.316,46.131],[33.215,46.128],[33.235,46.224],[33.123,46.136],[33.023,46.17],[33.018,46.128],[32.766,46.136],[32.503,46.076],[32.262,46.128],[32.269,46.205],[32.129,46.21],[31.886,46.32],[31.882,46.279],[31.801,46.285],[31.767,46.318],[31.8,46.342],[32.062,46.394],[32.008,46.449],[31.749,46.5],[31.69,46.479],[31.687,46.43],[31.508,46.588],[31.582,46.545],[31.756,46.554],[32.318,46.464],[32.4,46.478],[32.436,46.543],[32.646,46.65],[32.336,46.562],[32.248,46.607],[32.146,46.56],[32.118,46.607],[32.023,46.629],[31.94,46.759],[32.007,46.915],[31.996,46.94],[31.936,46.955],[31.977,47.009],[31.865,47.026],[31.897,47.093],[31.831,47.187],[31.758,47.216],[31.742,47.259],[31.727,47.221],[31.806,47.193],[31.816,47.123],[31.874,47.094],[31.837,47.008],[31.947,46.999],[31.899,46.944],[31.968,46.937],[31.945,46.86],[31.865,46.807],[31.907,46.738],[31.899,46.65],[31.493,46.629],[31.618,46.813],[31.508,46.745],[31.441,46.8],[31.506,46.72],[31.416,46.629],[31.338,46.601],[31.16,46.629],[30.791,46.553],[30.755,46.516],[30.798,46.446],[30.772,46.396],[30.652,46.345],[30.682,46.3],[30.494,46.08],[30.138,45.82],[30.127,45.891],[30.095,45.815],[29.991,45.847],[29.953,45.772],[29.926,45.814],[29.932,45.724],[29.888,45.765],[29.802,45.737],[29.86,45.669],[29.734,45.614],[29.683,45.697],[29.694,45.781],[29.638,45.826],[29.59,45.559],[29.707,45.573],[29.606,45.478],[29.713,45.436],[29.732,45.476],[29.756,45.428],[29.728,45.416],[29.756,45.321],[29.73,45.238],[29.674,45.214],[29.65,45.346],[29.431,45.43],[29.228,45.424],[28.93,45.279],[28.79,45.321],[28.76,45.274],[28.803,45.244],[28.71,45.227],[28.33,45.323],[28.286,45.422],[28.199,45.462],[28.271,45.522],[28.502,45.509],[28.498,45.559],[28.537,45.58],[28.474,45.658],[28.577,45.762],[28.67,45.777],[28.67,45.812],[28.738,45.838],[28.74,45.953],[28.957,46.001],[28.939,46.089],[29.015,46.183],[28.934,46.259],[28.946,46.455],[29.184,46.538],[29.201,46.357],[29.283,46.397],[29.307,46.472],[29.375,46.416],[29.458,46.485],[29.481,46.425],[29.616,46.362],[29.714,46.471],[29.828,46.339],[30.081,46.374],[30.132,46.423],[29.902,46.531],[29.95,46.579],[29.928,46.81],[29.559,46.946],[29.602,47.061],[29.57,47.091],[29.52,47.06],[29.478,47.112],[29.545,47.136],[29.544,47.234],[29.58,47.26],[29.557,47.324],[29.481,47.338],[29.41,47.28],[29.233,47.446],[29.156,47.45],[29.117,47.533],[29.239,47.756],[29.178,47.79],[29.236,47.871],[29.173,47.891],[29.124,47.976],[28.95,47.935],[28.833,48.025],[28.799,48.112],[28.574,48.155],[28.519,48.149],[28.48,48.065],[28.412,48.171],[28.317,48.135],[28.358,48.239],[28.217,48.208],[28.179,48.259],[28.093,48.237],[28.076,48.315],[27.926,48.339],[27.785,48.442],[27.583,48.486],[27.403,48.411],[27.342,48.436],[27.209,48.361],[27.037,48.4],[27.033,48.36],[26.943,48.351],[26.832,48.391],[26.778,48.366],[26.774,48.287],[26.68,48.33],[26.587,48.249],[26.303,48.212],[26.271,48.094],[26.173,47.993],[25.262,47.899],[25.08,47.743],[24.897,47.71],[24.542,47.944],[24.409,47.952],[24.231,47.897],[24.009,47.961],[23.855,47.934],[23.78,47.988],[23.563,48.006],[23.461,47.971],[23.139,48.098],[23.063,48.007],[22.924,48.005],[22.878,47.947],[22.832,47.979],[22.855,48.047],[22.801,48.091],[22.605,48.097],[22.481,48.243],[22.357,48.243],[22.299,48.349],[22.257,48.357],[22.272,48.403],[22.133,48.405],[22.139,48.57],[22.31,48.682],[22.369,48.856],[22.449,48.971],[22.521,48.993],[22.54,49.072],[22.867,49.01],[22.841,49.095],[22.682,49.161],[22.738,49.275],[22.641,49.529],[22.666,49.567],[23.101,49.957],[23.682,50.368],[23.981,50.405],[24.011,50.493],[24.108,50.541],[24.081,50.713],[23.958,50.808],[24.143,50.856],[23.979,50.938],[23.912,51.007],[23.864,51.148],[23.635,51.305],[23.698,51.404],[23.608,51.511],[23.617,51.625],[23.75,51.644],[23.981,51.586],[24.244,51.718],[24.391,51.88],[24.722,51.882],[25.138,51.949],[25.768,51.929],[26.408,51.851],[26.446,51.806],[26.666,51.801],[26.855,51.749],[27.151,51.757],[27.189,51.664],[27.277,51.651],[27.267,51.587],[27.477,51.624],[27.693,51.589],[27.664,51.493],[27.714,51.464],[27.793,51.517],[27.831,51.613],[28.071,51.558],[28.21,51.652],[28.334,51.528],[28.461,51.572],[28.604,51.554],[28.637,51.45],[28.729,51.401],[28.8,51.533],[28.981,51.569],[29.063,51.631],[29.16,51.603],[29.227,51.519],[29.228,51.456],[29.32,51.366],[29.466,51.385],[29.638,51.491],[29.829,51.43],[30.149,51.484],[30.32,51.402],[30.355,51.305],[30.54,51.235],[30.646,51.367],[30.588,51.427],[30.618,51.467],[30.563,51.522],[30.584,51.542],[30.523,51.563],[30.515,51.604],[30.742,51.898],[30.941,51.994],[30.919,52.059],[31.096,52.08],[31.229,52.038],[31.383,52.117],[31.826,52.104]]],[[[29.731,45.591],[30.126,45.811],[29.908,45.666],[29.807,45.614],[29.731,45.591]]],[[[32.619,46.06],[33.057,46.025],[33.04,46.012],[32.619,46.06]]],[[[31.618,46.259],[32.166,46.149],[31.58,46.263],[31.522,46.313],[31.504,46.373],[31.618,46.259]]]]}},{"type":"Feature","properties":{},"geometry":{"type":"Polygon","coordinates":[[[23.624,51.516],[23.56,51.555],[23.532,51.659],[23.56,51.755],[23.629,51.81],[23.595,51.843],[23.676,51.994],[23.637,52.084],[23.512,52.124],[23.488,52.182],[23.19,52.241],[23.166,52.289],[23.392,52.51],[23.869,52.67],[23.922,52.743],[23.911,53.005],[23.859,53.068],[23.894,53.152],[23.801,53.242],[23.591,53.611],[23.486,53.939],[23.627,53.898],[24.17,53.959],[24.257,53.894],[24.378,53.887],[24.667,53.994],[24.806,53.975],[24.782,54.093],[24.822,54.135],[25.072,54.132],[25.157,54.176],[25.206,54.257],[25.37,54.248],[25.459,54.299],[25.554,54.231],[25.502,54.222],[25.516,54.145],[25.763,54.156],[25.789,54.236],[25.696,54.321],[25.529,54.321],[25.613,54.422],[25.631,54.508],[25.74,54.569],[25.721,54.767],[25.778,54.805],[25.783,54.87],[25.87,54.939],[26.139,54.969],[26.264,55.14],[26.601,55.121],[26.657,55.215],[26.801,55.273],[26.45,55.327],[26.543,55.46],[26.532,55.516],[26.596,55.568],[26.616,55.688],[26.823,55.706],[26.981,55.827],[27.593,55.794],[27.645,55.923],[27.927,56.109],[28.111,56.157],[28.311,56.043],[28.39,56.089],[28.611,56.088],[28.732,55.947],[28.831,55.938],[29.031,56.024],[29.396,55.948],[29.444,55.907],[29.384,55.88],[29.344,55.787],[29.481,55.681],[29.684,55.771],[29.806,55.771],[29.908,55.843],[30.106,55.822],[30.2,55.858],[30.469,55.794],[30.481,55.754],[30.587,55.718],[30.596,55.665],[30.694,55.652],[30.742,55.594],[30.886,55.6],[30.919,55.492],[30.881,55.451],[30.918,55.388],[30.794,55.286],[30.96,55.163],[31.006,55.023],[30.913,55.025],[30.917,54.954],[30.815,54.928],[30.826,54.877],[30.771,54.786],[31.168,54.622],[31.065,54.492],[31.209,54.448],[31.325,54.229],[31.823,54.053],[31.838,53.962],[31.745,53.795],[32.084,53.81],[32.442,53.714],[32.49,53.677],[32.399,53.635],[32.429,53.562],[32.72,53.439],[32.717,53.335],[32.455,53.3],[32.479,53.275],[32.424,53.204],[32.117,53.081],[31.796,53.112],[31.756,53.187],[31.614,53.21],[31.379,53.182],[31.364,53.089],[31.247,53.014],[31.561,52.787],[31.57,52.725],[31.481,52.682],[31.629,52.548],[31.551,52.512],[31.608,52.372],[31.567,52.311],[31.699,52.251],[31.682,52.202],[31.763,52.15],[31.764,52.101],[31.383,52.117],[31.229,52.038],[31.096,52.08],[30.919,52.059],[30.941,51.994],[30.742,51.898],[30.515,51.604],[30.523,51.563],[30.584,51.542],[30.563,51.522],[30.618,51.467],[30.588,51.427],[30.646,51.367],[30.551,51.237],[30.355,51.305],[30.32,51.402],[30.149,51.484],[29.829,51.43],[29.638,51.491],[29.466,51.385],[29.32,51.366],[29.228,51.456],[29.227,51.519],[29.16,51.603],[29.063,51.631],[28.981,51.569],[28.8,51.533],[28.729,51.401],[28.637,51.45],[28.604,51.554],[28.461,51.572],[28.334,51.528],[28.21,51.652],[28.071,51.558],[27.831,51.613],[27.793,51.517],[27.714,51.464],[27.664,51.493],[27.693,51.589],[27.477,51.624],[27.267,51.587],[27.277,51.651],[27.189,51.664],[27.151,51.757],[26.855,51.749],[26.666,51.801],[26.446,51.806],[26.408,51.851],[25.768,51.929],[25.138,51.949],[24.722,51.882],[24.391,51.88],[24.244,51.718],[23.981,51.586],[23.726,51.645],[23.606,51.618],[23.624,51.516]]]}},{"type":"Feature","properties":{},"geometry":{"type":"Polygon","coordinates":[[[-63.018,18.033],[-63.147,18.07],[-63.018,18.122],[-63.018,18.033]]]}},{"type":"Feature","properties":{},"geometry":{"type":"Polygon","coordinates":[[[-63.086,18.059],[-63.018,18.033],[-63.119,18.051],[-63.086,18.059]]]}},{"type":"Feature","properties":{},"geometry":{"type":"Polygon","coordinates":[[[54.999,17.02],[54.808,16.951],[54.592,17.038],[54.085,17.011],[54.013,16.978],[53.981,16.909],[53.753,16.868],[53.615,16.758],[53.339,16.735],[53.09,16.642],[52.802,17.267],[52.721,17.298],[51.979,18.996],[54.978,19.995],[55.0,20.06],[54.999,17.02]]]}},{"type":"Feature","properties":{},"geometry":{"type":"MultiPolygon","coordinates":[[[[54.951,41.796],[54.931,41.909],[54.738,42.048],[54.195,42.318],[54.047,42.345],[53.412,42.258],[52.979,42.127],[52.438,41.749],[52.491,41.902],[52.402,42.093],[52.436,42.18],[52.594,42.335],[52.676,42.538],[52.564,42.742],[52.71,42.585],[52.745,42.657],[52.713,42.731],[52.471,42.826],[52.345,42.829],[52.3,42.791],[52.169,42.887],[51.912,42.842],[51.676,43.1],[51.651,43.191],[51.276,43.154],[51.315,43.462],[51.207,43.624],[51.115,43.661],[50.991,43.908],[50.861,44.025],[50.847,44.189],[50.696,44.264],[50.345,44.311],[50.237,44.369],[50.225,44.568],[50.268,44.571],[50.311,44.662],[50.757,44.605],[50.873,44.629],[51.005,44.566],[51.007,44.529],[51.143,44.485],[51.366,44.56],[51.374,44.528],[51.56,44.511],[51.554,44.55],[51.439,44.61],[51.319,44.596],[51.234,44.719],[50.962,44.864],[50.994,44.936],[50.959,44.979],[51.197,45.066],[51.273,45.025],[51.244,45.162],[51.416,45.39],[51.544,45.335],[51.7,45.392],[51.758,45.457],[51.792,45.405],[51.94,45.367],[52.519,45.409],[52.91,45.313],[53.108,45.3],[53.261,45.343],[52.755,45.517],[52.732,45.554],[52.746,45.639],[53.04,45.936],[53.118,46.114],[53.157,46.342],[53.033,46.471],[53.102,46.444],[53.082,46.512],[53.018,46.479],[52.997,46.505],[53.04,46.574],[53.088,46.553],[53.108,46.622],[53.201,46.643],[53.208,46.695],[53.106,46.737],[53.06,46.892],[52.992,46.895],[52.92,46.957],[52.615,46.95],[52.456,47.001],[52.357,46.894],[52.189,46.884],[52.245,46.81],[52.113,46.813],[52.0,46.891],[52.019,46.937],[51.941,46.88],[51.854,46.895],[51.896,46.931],[51.744,46.927],[51.676,46.979],[51.68,47.057],[51.592,46.987],[51.527,47.053],[51.213,47.121],[50.905,47.019],[50.847,47.037],[50.741,46.906],[50.752,46.975],[50.616,46.936],[50.569,46.829],[50.578,46.878],[50.43,46.897],[50.384,46.818],[50.374,46.854],[50.231,46.726],[50.213,46.766],[50.169,46.749],[50.034,46.635],[49.84,46.581],[49.817,46.54],[49.703,46.56],[49.703,46.519],[49.623,46.583],[49.627,46.519],[49.579,46.499],[49.469,46.594],[49.493,46.5],[49.305,46.588],[49.394,46.478],[49.278,46.519],[49.371,46.399],[49.223,46.471],[49.292,46.396],[49.168,46.409],[49.227,46.328],[48.705,46.55],[48.539,46.568],[48.563,46.591],[48.53,46.638],[48.455,46.661],[48.557,46.762],[48.677,46.758],[48.764,46.683],[48.917,46.703],[49.006,46.769],[48.697,47.101],[48.525,47.41],[48.411,47.446],[48.174,47.713],[48.044,47.77],[47.65,47.766],[47.412,47.836],[47.36,47.683],[47.174,47.771],[47.119,47.82],[47.155,47.877],[47.044,47.986],[47.192,48.072],[47.104,48.101],[47.116,48.154],[47.075,48.205],[47.099,48.265],[46.478,48.411],[46.754,48.914],[46.93,49.004],[47.021,49.097],[47.029,49.201],[46.775,49.333],[46.923,49.861],[47.177,49.947],[47.329,50.073],[47.265,50.186],[47.322,50.237],[47.306,50.295],[47.392,50.323],[47.511,50.437],[47.599,50.453],[47.993,50.182],[48.239,49.865],[48.43,49.81],[48.785,49.933],[48.886,50.02],[48.874,50.07],[48.783,50.111],[48.789,50.173],[48.701,50.335],[48.673,50.58],[48.568,50.637],[48.83,50.596],[49.144,50.782],[49.369,50.827],[49.424,50.882],[49.347,50.964],[49.437,51.112],[49.779,51.102],[49.987,51.23],[50.325,51.303],[50.36,51.413],[50.527,51.47],[50.525,51.566],[50.582,51.635],[50.694,51.611],[50.671,51.568],[50.791,51.597],[50.747,51.709],[50.767,51.759],[50.925,51.68],[51.234,51.685],[51.372,51.63],[51.359,51.561],[51.237,51.536],[51.304,51.472],[51.462,51.475],[51.584,51.535],[51.647,51.451],[51.693,51.454],[51.782,51.493],[51.765,51.593],[51.869,51.673],[52.092,51.659],[52.308,51.775],[52.479,51.505],[52.546,51.46],[52.669,51.455],[52.78,51.508],[52.944,51.453],[53.166,51.515],[53.407,51.484],[53.61,51.388],[53.574,51.353],[53.594,51.289],[53.674,51.22],[53.936,51.186],[54.112,51.096],[54.145,50.993],[54.276,50.904],[54.479,50.853],[54.38,50.619],[54.479,50.526],[54.591,50.542],[54.676,50.603],[54.638,50.886],[54.503,50.928],[54.546,50.953],[54.534,51.003],[54.686,51.024],[55.0,50.893],[55.0,41.746],[54.951,41.796]]],[[[50.264,44.964],[50.277,45.072],[50.348,45.085],[50.304,44.959],[50.264,44.964]]],[[[50.143,44.818],[50.064,44.844],[49.986,44.947],[50.068,45.071],[50.113,45.08],[50.054,45.039],[50.021,44.944],[50.073,44.862],[50.189,44.861],[50.143,44.818]]],[[[50.758,44.871],[50.698,44.858],[50.628,44.967],[50.714,44.954],[50.758,44.871]]],[[[52.699,45.441],[52.677,45.397],[52.552,45.478],[52.6,45.527],[52.655,45.521],[52.699,45.441]]],[[[49.838,46.286],[49.805,46.211],[49.72,46.357],[49.792,46.339],[49.838,46.286]]]]}},{"type":"Feature","properties":{},"geometry":{"type":"MultiPolygon","coordinates":[[[[26.604,55.643],[26.596,55.568],[26.532,55.516],[26.543,55.46],[26.45,55.327],[26.801,55.273],[26.657,55.215],[26.601,55.121],[26.264,55.14],[26.139,54.969],[25.87,54.939],[25.783,54.87],[25.778,54.805],[25.721,54.767],[25.74,54.569],[25.631,54.508],[25.613,54.422],[25.529,54.321],[25.696,54.321],[25.789,54.236],[25.763,54.156],[25.516,54.145],[25.502,54.222],[25.554,54.231],[25.459,54.299],[25.37,54.248],[25.206,54.257],[25.157,54.176],[25.072,54.132],[24.822,54.135],[24.782,54.093],[24.821,54.02],[24.789,53.97],[24.667,53.994],[24.378,53.887],[24.257,53.894],[24.17,53.959],[23.627,53.898],[23.486,53.939],[23.474,54.113],[23.354,54.217],[23.05,54.295],[23.042,54.341],[22.963,54.382],[22.838,54.401],[22.767,54.356],[22.707,54.419],[22.675,54.492],[22.701,54.68],[22.848,54.814],[22.821,54.885],[22.633,54.958],[22.565,55.068],[22.251,55.071],[22.077,55.029],[22.003,55.093],[21.943,55.078],[21.504,55.194],[21.375,55.29],[21.268,55.249],[21.291,55.297],[21.257,55.369],[21.183,55.346],[21.248,55.418],[21.223,55.52],[21.147,55.678],[21.061,55.789],[21.053,56.073],[21.19,56.084],[21.23,56.163],[21.328,56.224],[22.094,56.417],[22.512,56.396],[22.666,56.349],[22.925,56.412],[23.062,56.304],[23.288,56.373],[23.482,56.33],[23.707,56.354],[24.139,56.257],[24.319,56.299],[24.481,56.269],[24.871,56.443],[25.073,56.198],[25.662,56.141],[25.697,56.088],[26.179,55.85],[26.28,55.743],[26.604,55.643]]],[[[20.925,55.283],[21.082,55.498],[21.085,55.723],[21.132,55.656],[21.106,55.421],[20.989,55.273],[20.925,55.283]]]]}},{"type":"Feature","properties":{},"geometry":{"type":"MultiPolygon","coordinates":[[[[55.0,50.893],[54.686,51.024],[54.534,51.003],[54.546,50.953],[54.503,50.928],[54.638,50.886],[54.676,50.603],[54.591,50.542],[54.479,50.526],[54.38,50.619],[54.479,50.853],[54.276,50.904],[54.145,50.993],[54.112,51.096],[53.936,51.186],[53.674,51.22],[53.594,51.289],[53.574,51.353],[53.61,51.388],[53.407,51.484],[53.166,51.515],[52.944,51.453],[52.78,51.508],[52.669,51.455],[52.546,51.46],[52.479,51.505],[52.308,51.775],[52.092,51.659],[51.869,51.673],[51.765,51.593],[51.782,51.493],[51.693,51.454],[51.647,51.451],[51.584,51.535],[51.462,51.475],[51.304,51.472],[51.237,51.536],[51.359,51.561],[51.372,51.63],[51.234,51.685],[50.925,51.68],[50.767,51.759],[50.747,51.709],[50.791,51.597],[50.671,51.568],[50.694,51.611],[50.582,51.635],[50.525,51.566],[50.527,51.47],[50.36,51.413],[50.325,51.303],[49.987,51.23],[49.779,51.102],[49.437,51.112],[49.347,50.964],[49.424,50.882],[49.369,50.827],[49.144,50.782],[48.83,50.596],[48.568,50.637],[48.673,50.58],[48.701,50.335],[48.789,50.173],[48.783,50.111],[48.874,50.07],[48.886,50.02],[48.785,49.933],[48.43,49.81],[48.239,49.865],[47.993,50.182],[47.625,50.441],[47.557,50.453],[47.306,50.295],[47.322,50.237],[47.265,50.186],[47.328,50.109],[47.309,50.045],[47.177,49.947],[46.923,49.861],[46.775,49.333],[46.979,49.244],[47.04,49.15],[46.93,49.004],[46.754,48.914],[46.478,48.411],[47.099,48.265],[47.075,48.205],[47.116,48.154],[47.104,48.101],[47.192,48.072],[47.044,47.986],[47.159,47.872],[47.124,47.808],[47.36,47.683],[47.412,47.836],[47.65,47.766],[48.044,47.77],[48.174,47.713],[48.411,47.446],[48.525,47.41],[48.697,47.101],[49.006,46.769],[48.917,46.703],[48.764,46.683],[48.677,46.758],[48.557,46.762],[48.455,46.661],[48.53,46.638],[48.563,46.591],[48.539,46.568],[48.918,46.474],[49.306,46.263],[49.16,46.292],[49.15,46.336],[49.059,46.252],[49.105,46.241],[49.115,46.151],[49.042,46.196],[48.935,46.142],[48.932,46.085],[48.899,46.148],[48.887,46.108],[48.839,46.149],[48.874,46.078],[48.791,46.128],[48.818,46.056],[48.714,46.13],[48.627,46.087],[48.729,46.02],[48.655,45.957],[48.752,45.966],[48.791,45.841],[48.716,45.814],[48.687,45.849],[48.71,45.882],[48.555,45.967],[48.357,45.869],[48.399,45.835],[48.289,45.837],[48.277,45.786],[48.221,45.765],[48.243,45.71],[48.079,45.752],[48.007,45.701],[47.859,45.724],[47.818,45.608],[47.752,45.691],[47.56,45.772],[47.626,45.709],[47.609,45.639],[47.661,45.622],[47.654,45.559],[47.541,45.666],[47.433,45.694],[47.503,45.717],[47.385,45.75],[47.428,45.676],[47.551,45.628],[47.572,45.567],[47.542,45.537],[47.494,45.585],[47.538,45.506],[47.497,45.43],[47.381,45.411],[47.46,45.391],[47.384,45.299],[47.37,45.186],[47.297,45.187],[47.201,44.97],[47.146,44.929],[47.099,44.956],[47.078,44.785],[46.989,44.915],[47.01,44.83],[46.962,44.765],[46.722,44.655],[46.723,44.549],[46.68,44.528],[46.701,44.446],[46.759,44.401],[47.026,44.36],[47.122,44.223],[47.246,44.212],[47.462,43.86],[47.441,43.819],[47.483,43.825],[47.503,43.781],[47.445,43.738],[47.455,43.689],[47.394,43.606],[47.366,43.621],[47.404,43.511],[47.465,43.552],[47.544,43.865],[47.596,43.901],[47.702,43.874],[47.602,43.766],[47.491,43.463],[47.493,43.296],[47.57,43.334],[47.586,43.3],[47.486,43.213],[47.462,43.021],[47.698,42.867],[47.727,42.663],[47.868,42.585],[47.993,42.42],[48.096,42.35],[48.304,42.103],[48.387,41.937],[48.579,41.845],[48.37,41.58],[48.054,41.461],[48.002,41.362],[47.892,41.283],[47.871,41.208],[47.547,41.206],[47.268,41.303],[47.239,41.416],[47.141,41.552],[47.027,41.557],[46.902,41.713],[46.769,41.776],[46.741,41.851],[46.568,41.787],[46.526,41.882],[46.294,41.939],[46.224,41.993],[45.934,42.028],[45.881,42.102],[45.631,42.201],[45.736,42.448],[45.699,42.508],[45.323,42.53],[45.123,42.702],[45.03,42.689],[44.859,42.76],[44.773,42.61],[44.679,42.724],[44.508,42.75],[44.272,42.702],[44.197,42.629],[44.055,42.615],[43.94,42.552],[43.723,42.625],[43.812,42.717],[43.801,42.746],[43.517,42.86],[43.156,42.942],[42.999,43.042],[43.0,43.099],[42.83,43.169],[42.615,43.137],[42.355,43.236],[42.043,43.181],[41.578,43.215],[41.381,43.335],[41.012,43.375],[40.652,43.539],[40.52,43.505],[40.233,43.576],[40.073,43.551],[39.963,43.393],[39.329,43.896],[38.758,44.274],[38.217,44.387],[38.056,44.559],[37.985,44.564],[37.875,44.689],[37.778,44.73],[37.822,44.668],[37.8,44.635],[37.499,44.668],[37.371,44.748],[37.292,44.868],[37.306,44.91],[37.192,44.991],[36.84,45.109],[36.641,45.128],[36.586,45.203],[36.73,45.206],[36.968,45.291],[36.947,45.32],[36.789,45.292],[36.758,45.354],[36.803,45.313],[36.848,45.367],[36.782,45.388],[36.668,45.326],[36.705,45.391],[36.833,45.443],[37.139,45.336],[37.078,45.239],[37.319,45.272],[37.159,45.326],[37.381,45.306],[37.519,45.369],[37.505,45.334],[37.601,45.331],[37.567,45.3],[37.591,45.289],[37.635,45.334],[37.729,45.302],[37.7,45.339],[37.758,45.402],[37.717,45.389],[37.703,45.457],[37.744,45.45],[37.686,45.484],[37.7,45.563],[37.635,45.608],[37.662,45.567],[37.641,45.456],[37.619,45.418],[37.586,45.432],[37.595,45.635],[37.626,45.668],[37.615,45.642],[37.703,45.622],[37.667,45.669],[37.829,45.753],[37.94,46.02],[38.098,46.058],[38.032,46.025],[38.074,46.025],[38.042,45.961],[38.08,45.946],[38.001,45.833],[38.04,45.816],[38.167,46.121],[38.249,46.142],[38.427,46.038],[38.56,46.033],[38.571,46.105],[38.3,46.219],[38.123,46.378],[37.981,46.4],[38.019,46.368],[37.995,46.354],[37.905,46.411],[37.827,46.477],[37.731,46.67],[37.982,46.617],[38.272,46.732],[38.314,46.676],[38.575,46.654],[38.586,46.696],[38.513,46.732],[38.428,46.745],[38.378,46.708],[38.415,46.833],[38.804,46.894],[39.075,47.033],[39.28,47.013],[39.304,47.085],[39.389,47.115],[39.329,47.128],[39.28,47.088],[39.249,47.148],[39.264,47.261],[39.088,47.286],[38.945,47.253],[38.938,47.19],[38.847,47.164],[38.553,47.136],[38.568,47.115],[38.478,47.142],[38.56,47.218],[38.776,47.246],[38.81,47.288],[38.553,47.23],[38.428,47.134],[38.217,47.103],[38.203,47.192],[38.301,47.276],[38.191,47.317],[38.258,47.393],[38.26,47.493],[38.319,47.591],[38.735,47.677],[38.831,47.848],[39.759,47.833],[39.796,47.961],[39.76,48.015],[39.843,48.036],[39.843,48.12],[39.993,48.273],[39.816,48.308],[39.924,48.376],[39.845,48.484],[39.87,48.51],[39.835,48.573],[39.632,48.587],[39.703,48.747],[39.779,48.808],[39.975,48.79],[40.054,48.869],[40.009,48.888],[39.95,48.853],[39.759,48.895],[39.674,48.97],[39.681,49.02],[39.919,49.048],[39.952,49.125],[40.142,49.246],[40.16,49.334],[40.035,49.487],[40.131,49.58],[39.998,49.608],[39.802,49.542],[39.623,49.613],[39.558,49.724],[39.261,49.745],[39.156,49.874],[39.049,49.811],[38.937,49.803],[38.687,49.914],[38.665,49.965],[38.498,49.948],[38.356,49.981],[38.3,50.061],[38.174,50.06],[38.166,49.941],[38.0,49.9],[37.916,50.003],[37.728,50.079],[37.597,50.197],[37.599,50.291],[37.48,50.34],[37.415,50.432],[37.197,50.362],[36.849,50.324],[36.594,50.204],[36.535,50.22],[36.536,50.268],[36.41,50.305],[36.269,50.281],[36.106,50.421],[35.837,50.423],[35.697,50.345],[35.611,50.352],[35.541,50.45],[35.425,50.5],[35.378,50.622],[35.469,50.669],[35.342,50.916],[35.285,50.944],[35.278,50.993],[35.355,51.026],[35.144,51.058],[35.079,51.208],[34.675,51.168],[34.608,51.234],[34.186,51.249],[34.309,51.335],[34.3,51.368],[34.186,51.394],[34.224,51.515],[34.089,51.667],[34.376,51.709],[34.413,51.778],[34.295,51.874],[34.096,51.952],[34.065,52.159],[33.804,52.355],[33.688,52.356],[33.51,52.288],[33.481,52.358],[33.183,52.367],[32.909,52.241],[32.394,52.327],[32.354,52.322],[32.367,52.247],[32.233,52.081],[31.91,52.029],[31.859,52.1],[31.764,52.101],[31.763,52.15],[31.682,52.202],[31.699,52.251],[31.567,52.311],[31.608,52.372],[31.551,52.512],[31.629,52.548],[31.481,52.682],[31.57,52.725],[31.561,52.787],[31.247,53.014],[31.364,53.089],[31.379,53.182],[31.416,53.2],[31.739,53.193],[31.796,53.112],[31.931,53.088],[32.201,53.098],[32.424,53.204],[32.479,53.275],[32.455,53.3],[32.717,53.335],[32.72,53.439],[32.429,53.562],[32.399,53.635],[32.49,53.677],[32.442,53.714],[32.084,53.81],[31.745,53.795],[31.838,53.962],[31.823,54.053],[31.325,54.229],[31.209,54.448],[31.065,54.492],[31.168,54.622],[30.771,54.786],[30.826,54.877],[30.815,54.928],[30.917,54.954],[30.913,55.025],[31.006,55.023],[30.96,55.163],[30.794,55.286],[30.918,55.388],[30.881,55.451],[30.919,55.492],[30.913,55.572],[30.848,55.611],[30.742,55.594],[30.694,55.652],[30.596,55.665],[30.587,55.718],[30.481,55.754],[30.469,55.794],[30.218,55.855],[30.106,55.822],[29.908,55.843],[29.806,55.771],[29.684,55.771],[29.481,55.681],[29.351,55.766],[29.384,55.88],[29.444,55.907],[29.377,55.954],[29.031,56.024],[28.831,55.938],[28.732,55.947],[28.621,56.083],[28.538,56.098],[28.29,56.047],[28.149,56.142],[28.217,56.271],[28.164,56.438],[28.093,56.502],[28.132,56.536],[28.011,56.588],[27.981,56.687],[27.865,56.743],[27.914,56.82],[27.786,56.871],[27.628,56.844],[27.751,57.042],[27.682,57.104],[27.824,57.159],[27.84,57.291],[27.511,57.43],[27.528,57.528],[27.353,57.528],[27.328,57.583],[27.382,57.603],[27.391,57.68],[27.508,57.715],[27.502,57.773],[27.554,57.795],[27.525,57.807],[27.799,57.861],[27.665,57.918],[27.63,58.088],[27.495,58.221],[27.494,58.32],[27.555,58.395],[27.411,58.755],[27.478,58.875],[27.713,58.992],[27.882,59.276],[28.097,59.319],[28.001,59.334],[28.182,59.356],[28.019,59.482],[28.073,59.578],[28.0,59.681],[28.007,59.758],[28.124,59.792],[28.224,59.691],[28.375,59.666],[28.476,59.852],[28.833,59.787],[28.976,59.831],[29.034,59.887],[28.98,59.93],[29.161,60.003],[30.162,59.868],[30.246,59.975],[29.948,60.03],[29.849,60.167],[29.701,60.201],[29.052,60.184],[28.799,60.369],[28.746,60.342],[28.617,60.382],[28.439,60.56],[28.703,60.461],[28.645,60.67],[28.735,60.693],[28.69,60.738],[28.574,60.683],[28.401,60.665],[28.383,60.624],[28.322,60.621],[28.343,60.594],[28.216,60.548],[27.9,60.528],[27.863,60.567],[27.794,60.533],[28.336,60.859],[28.615,60.962],[28.798,61.097],[29.203,61.246],[29.517,61.475],[29.779,61.593],[30.648,62.193],[30.926,62.302],[31.244,62.503],[31.441,62.789],[31.57,62.906],[31.263,63.101],[31.204,63.213],[30.821,63.376],[30.461,63.473],[29.981,63.742],[30.202,63.793],[30.552,64.022],[30.586,64.085],[30.533,64.163],[30.558,64.22],[30.032,64.397],[30.07,64.472],[29.99,64.504],[29.955,64.569],[30.181,64.643],[30.109,64.72],[30.119,64.768],[29.78,64.796],[29.634,64.907],[29.598,65.034],[29.85,65.122],[29.808,65.135],[29.833,65.205],[29.58,65.235],[29.72,65.329],[29.726,65.492],[29.839,65.565],[29.703,65.629],[30.003,65.678],[30.099,65.656],[30.112,65.712],[29.9,66.108],[29.651,66.288],[29.524,66.491],[29.089,66.838],[29.052,66.908],[29.1,66.991],[29.52,67.298],[29.916,67.508],[30.009,67.686],[29.651,67.824],[29.331,68.073],[28.69,68.183],[28.448,68.53],[28.716,68.728],[28.801,68.835],[28.444,68.866],[28.41,68.899],[29.12,69.047],[29.24,69.115],[29.377,69.302],[29.967,69.373],[30.123,69.442],[30.225,69.541],[30.22,69.6],[30.119,69.635],[30.231,69.637],[30.512,69.536],[30.853,69.527],[30.927,69.578],[30.928,69.672],[30.841,69.806],[31.409,69.716],[31.297,69.613],[31.478,69.698],[31.811,69.688],[31.701,69.737],[31.711,69.827],[31.848,69.853],[32.029,69.782],[32.099,69.792],[31.913,69.936],[32.054,69.964],[32.267,69.876],[32.488,69.851],[32.523,69.803],[32.92,69.78],[33.133,69.729],[33.107,69.649],[32.872,69.583],[32.17,69.655],[32.174,69.729],[32.112,69.753],[32.102,69.674],[31.968,69.654],[32.056,69.637],[32.016,69.564],[32.133,69.598],[32.399,69.584],[32.434,69.564],[32.392,69.537],[32.502,69.517],[32.194,69.435],[32.537,69.51],[32.899,69.482],[32.77,69.414],[33.085,69.476],[32.862,69.365],[32.823,69.301],[32.989,69.394],[33.318,69.451],[33.524,69.428],[33.414,69.373],[33.496,69.38],[33.376,69.308],[33.235,69.27],[33.448,69.288],[33.476,69.27],[33.297,69.229],[33.544,69.209],[33.318,69.119],[33.061,69.083],[33.016,69.039],[33.023,68.955],[33.064,69.058],[33.427,69.105],[33.576,69.199],[33.572,69.304],[33.724,69.337],[33.722,69.304],[33.873,69.311],[33.852,69.339],[34.421,69.311],[34.662,69.249],[34.982,69.229],[34.973,69.193],[35.087,69.226],[35.169,69.181],[35.264,69.215],[35.147,69.27],[35.183,69.28],[35.874,69.195],[37.21,68.845],[37.454,68.745],[37.681,68.713],[38.067,68.51],[38.33,68.442],[38.391,68.399],[38.389,68.343],[38.765,68.291],[38.51,68.365],[38.639,68.385],[38.926,68.311],[38.954,68.266],[39.521,68.076],[39.86,68.047],[39.71,68.169],[39.793,68.165],[39.913,68.123],[40.004,68.02],[40.411,67.875],[40.322,67.845],[40.467,67.761],[40.538,67.755],[40.564,67.807],[40.655,67.815],[40.801,67.728],[40.923,67.735],[41.04,67.678],[41.052,67.619],[40.989,67.564],[40.999,67.467],[41.15,67.423],[41.109,67.254],[41.34,67.224],[41.336,67.16],[41.39,67.125],[41.343,67.087],[41.36,67.014],[41.267,66.988],[41.305,66.95],[41.178,66.81],[40.745,66.597],[40.705,66.528],[40.566,66.456],[40.085,66.289],[39.344,66.135],[38.554,66.055],[37.656,66.123],[37.273,66.23],[36.887,66.285],[36.406,66.295],[35.558,66.387],[34.804,66.614],[34.48,66.538],[34.356,66.63],[34.503,66.638],[34.522,66.657],[34.092,66.672],[34.161,66.735],[34.141,66.774],[34.069,66.702],[33.947,66.685],[33.833,66.696],[33.764,66.767],[33.592,66.831],[33.606,66.79],[33.524,66.831],[33.52,66.802],[33.626,66.748],[33.524,66.782],[33.572,66.742],[33.489,66.769],[33.558,66.728],[33.517,66.724],[33.101,66.858],[32.805,67.01],[32.817,67.063],[32.969,67.091],[32.93,67.1],[32.383,67.16],[31.851,67.153],[32.262,67.125],[32.358,67.07],[32.29,67.078],[32.314,67.06],[32.55,67.0],[32.507,66.949],[32.392,66.954],[32.496,66.933],[32.42,66.886],[32.545,66.883],[32.667,66.81],[32.891,66.782],[32.935,66.742],[32.77,66.742],[33.324,66.646],[33.121,66.65],[33.066,66.598],[32.865,66.598],[32.901,66.575],[33.26,66.618],[33.537,66.536],[33.193,66.579],[32.941,66.528],[33.229,66.533],[33.509,66.464],[33.602,66.502],[33.634,66.474],[33.585,66.46],[33.735,66.426],[33.516,66.406],[33.675,66.357],[33.629,66.344],[33.311,66.317],[33.599,66.33],[33.871,66.267],[33.9,66.229],[34.103,66.247],[34.167,66.221],[34.161,66.185],[34.553,66.094],[34.723,65.988],[34.661,65.953],[34.716,65.933],[34.695,65.909],[34.852,65.9],[34.825,65.843],[34.9,65.824],[34.871,65.774],[34.969,65.728],[34.9,65.706],[34.689,65.81],[34.689,65.728],[34.757,65.713],[34.695,65.686],[34.777,65.597],[34.633,65.487],[34.682,65.453],[34.511,65.456],[34.511,65.412],[34.297,65.385],[34.463,65.364],[34.48,65.281],[34.64,65.241],[34.606,65.227],[34.682,65.2],[34.627,65.172],[34.663,65.127],[34.774,65.1],[34.754,65.055],[34.816,65.043],[34.702,64.98],[34.942,64.858],[34.757,64.774],[35.009,64.743],[34.832,64.698],[34.978,64.612],[34.743,64.556],[35.009,64.494],[34.956,64.452],[35.014,64.423],[35.307,64.372],[35.349,64.296],[35.589,64.322],[35.618,64.34],[35.583,64.411],[35.811,64.342],[35.977,64.199],[36.06,64.218],[36.227,64.136],[36.222,64.075],[36.292,64.01],[36.703,63.925],[37.194,63.891],[37.279,63.822],[37.438,63.792],[37.608,63.816],[37.614,63.881],[37.657,63.899],[37.985,63.946],[38.074,64.017],[38.046,64.148],[37.902,64.24],[38.02,64.309],[37.909,64.343],[37.957,64.364],[37.833,64.358],[37.797,64.377],[37.806,64.425],[37.749,64.442],[37.63,64.377],[37.339,64.34],[37.122,64.395],[36.744,64.681],[36.56,64.717],[36.504,64.836],[36.573,64.83],[36.44,64.917],[36.631,64.904],[36.807,64.959],[36.867,65.076],[36.82,65.147],[37.008,65.173],[37.673,65.036],[37.795,64.921],[38.046,64.854],[38.385,64.845],[38.368,64.809],[38.403,64.774],[38.294,64.804],[38.067,64.781],[38.045,64.744],[38.126,64.696],[38.048,64.646],[38.339,64.758],[38.473,64.743],[38.492,64.768],[38.416,64.802],[38.448,64.818],[39.331,64.64],[39.567,64.545],[39.924,64.603],[39.786,64.597],[39.85,64.676],[40.182,64.559],[40.517,64.541],[40.528,64.578],[40.411,64.737],[40.517,64.774],[40.437,64.809],[40.273,65.021],[40.114,65.075],[39.741,65.357],[39.709,65.448],[39.749,65.552],[39.827,65.607],[40.472,65.813],[40.71,65.972],[41.343,66.063],[41.644,66.173],[42.201,66.532],[42.661,66.443],[42.549,66.385],[43.302,66.426],[43.367,66.347],[43.555,66.324],[43.693,66.237],[43.288,66.09],[43.353,66.041],[43.451,66.037],[43.515,65.974],[43.501,66.053],[43.382,66.072],[43.48,66.131],[43.836,66.186],[44.046,66.081],[44.041,65.994],[44.18,65.864],[44.191,65.905],[44.125,65.988],[44.159,66.087],[44.084,66.159],[44.096,66.262],[44.236,66.447],[44.36,66.508],[44.395,66.622],[44.563,66.666],[44.488,66.676],[44.364,66.782],[44.466,66.82],[44.522,66.919],[44.303,67.056],[44.378,67.104],[44.287,67.088],[44.096,67.159],[43.815,67.177],[43.761,67.221],[43.767,67.278],[44.003,67.576],[44.042,67.68],[44.145,67.679],[44.07,67.714],[44.131,67.792],[44.087,67.885],[44.268,67.927],[44.125,67.934],[44.138,67.975],[44.214,67.989],[44.138,67.995],[44.412,68.063],[44.181,68.036],[44.228,68.297],[43.274,68.658],[43.477,68.669],[43.985,68.551],[45.582,68.514],[45.944,68.446],[46.029,68.324],[46.535,68.133],[46.461,68.112],[46.54,68.108],[46.558,68.016],[46.703,67.892],[46.698,67.816],[45.35,67.73],[45.303,67.694],[45.351,67.663],[45.315,67.592],[45.028,67.532],[44.919,67.441],[44.912,67.372],[45.055,67.284],[45.594,67.158],[45.824,66.899],[46.025,66.833],[46.489,66.878],[46.598,66.858],[46.379,66.748],[46.407,66.746],[46.583,66.815],[47.41,66.929],[47.559,66.905],[47.581,66.87],[47.607,66.946],[47.742,67.031],[47.75,67.121],[47.689,67.196],[47.787,67.252],[47.77,67.338],[47.948,67.444],[47.825,67.56],[47.846,67.601],[48.052,67.652],[48.099,67.639],[48.093,67.592],[48.256,67.683],[48.487,67.664],[48.7,67.716],[49.107,67.639],[48.86,67.735],[48.778,67.727],[48.794,67.831],[48.586,67.934],[48.843,67.865],[49.133,67.863],[50.018,68.091],[49.847,68.016],[50.001,68.058],[50.201,68.169],[50.435,68.221],[50.779,68.379],[50.896,68.342],[51.059,68.351],[51.569,68.436],[51.532,68.454],[51.561,68.483],[52.177,68.582],[52.217,68.585],[52.052,68.492],[52.361,68.475],[52.136,68.379],[52.249,68.318],[52.402,68.338],[52.677,68.423],[52.731,68.474],[52.491,68.592],[52.634,68.659],[52.495,68.64],[52.411,68.586],[52.279,68.598],[52.328,68.633],[53.437,68.918],[54.104,69.001],[54.556,69.005],[54.356,68.959],[53.595,68.907],[53.666,68.866],[53.732,68.866],[53.691,68.886],[53.728,68.897],[54.026,68.845],[53.865,68.798],[53.818,68.689],[53.72,68.657],[53.904,68.507],[53.944,68.406],[53.804,68.345],[53.609,68.413],[53.574,68.4],[53.691,68.345],[53.44,68.373],[53.319,68.348],[53.211,68.269],[53.993,68.221],[54.185,68.321],[54.219,68.318],[54.173,68.262],[54.203,68.21],[54.504,68.312],[54.691,68.176],[54.832,68.173],[54.924,68.253],[54.856,68.324],[54.908,68.329],[55.0,68.44],[55.0,50.893]]],[[[22.767,54.356],[19.68,54.437],[19.61,54.457],[19.9,54.667],[19.962,54.773],[19.921,54.89],[19.977,54.965],[20.366,54.946],[20.482,54.976],[20.634,55.049],[20.925,55.283],[20.99,55.27],[20.531,54.965],[21.091,54.902],[21.243,54.961],[21.183,55.202],[21.259,55.205],[21.268,55.249],[21.375,55.29],[21.504,55.194],[21.943,55.078],[22.003,55.093],[22.077,55.029],[22.541,55.076],[22.633,54.958],[22.821,54.885],[22.846,54.796],[22.701,54.68],[22.68,54.453],[22.767,54.356]]],[[[33.629,46.125],[33.67,46.218],[33.846,46.196],[34.068,46.105],[34.334,46.07],[34.465,45.955],[34.642,45.981],[34.735,45.953],[34.81,45.785],[35.002,45.729],[35.332,45.371],[35.481,45.298],[35.716,45.341],[35.833,45.471],[35.854,45.414],[35.986,45.363],[36.118,45.457],[36.284,45.477],[36.299,45.443],[36.583,45.427],[36.638,45.351],[36.502,45.347],[36.491,45.292],[36.437,45.272],[36.409,45.149],[36.44,45.067],[36.225,45.008],[36.048,45.049],[35.993,44.998],[35.848,44.992],[35.706,45.095],[35.506,45.114],[35.408,45.062],[35.435,45.005],[35.374,44.998],[35.367,44.943],[35.256,44.959],[35.154,44.901],[35.081,44.794],[34.986,44.84],[34.721,44.811],[34.469,44.73],[34.331,44.545],[34.271,44.545],[34.103,44.425],[33.938,44.381],[33.721,44.4],[33.372,44.576],[33.572,44.621],[33.516,44.634],[33.548,44.699],[33.516,44.785],[33.609,44.872],[33.62,44.931],[33.537,45.117],[33.396,45.19],[33.26,45.156],[32.899,45.354],[32.729,45.361],[32.591,45.32],[32.513,45.341],[32.482,45.409],[32.644,45.522],[32.828,45.562],[32.868,45.63],[33.176,45.743],[33.169,45.784],[33.265,45.754],[33.482,45.854],[33.692,45.861],[33.694,45.914],[33.777,45.93],[33.62,45.951],[33.647,45.98],[33.629,46.125]]],[[[28.599,60.577],[28.562,60.594],[28.576,60.643],[28.631,60.618],[28.599,60.577]]],[[[51.498,68.489],[51.172,68.457],[50.792,68.379],[51.172,68.501],[51.498,68.489]]],[[[54.629,69.006],[54.686,68.969],[54.571,68.964],[54.629,69.006]]],[[[51.401,71.871],[51.61,72.092],[51.866,72.159],[52.053,72.108],[52.067,72.074],[52.188,72.129],[52.2,72.083],[52.368,72.075],[52.409,72.086],[52.368,72.162],[52.49,72.164],[52.402,72.223],[52.485,72.21],[52.491,72.244],[52.417,72.289],[52.588,72.264],[52.684,72.323],[52.581,72.374],[52.723,72.345],[52.868,72.347],[52.69,72.367],[52.684,72.447],[52.82,72.45],[52.68,72.479],[52.869,72.519],[52.91,72.573],[53.102,72.601],[52.724,72.559],[52.812,72.614],[52.755,72.638],[52.98,72.676],[53.218,72.648],[53.006,72.683],[52.575,72.671],[52.375,72.73],[52.617,72.863],[53.027,72.925],[53.382,72.889],[53.293,72.908],[53.396,72.93],[53.142,72.962],[53.153,73.014],[53.382,73.012],[53.122,73.101],[53.19,73.173],[53.753,73.299],[54.191,73.272],[54.585,73.386],[55.0,73.415],[55.0,70.615],[54.761,70.681],[54.712,70.758],[54.513,70.825],[54.568,70.777],[54.492,70.784],[54.479,70.736],[54.767,70.648],[54.571,70.675],[54.287,70.777],[54.294,70.744],[54.225,70.73],[54.045,70.748],[53.855,70.822],[53.89,70.784],[53.545,70.854],[53.54,70.805],[53.3,70.866],[53.577,70.889],[53.705,70.846],[53.674,70.89],[53.725,70.969],[53.502,71.094],[53.904,71.055],[53.937,71.059],[53.807,71.134],[54.009,71.14],[54.068,71.12],[53.939,71.13],[53.936,71.101],[54.244,71.123],[53.992,71.161],[54.095,71.189],[54.057,71.209],[54.164,71.21],[54.064,71.237],[53.943,71.176],[53.801,71.21],[53.832,71.17],[53.796,71.155],[53.451,71.264],[53.595,71.302],[53.682,71.398],[53.951,71.462],[53.576,71.391],[53.544,71.317],[53.413,71.312],[53.252,71.456],[53.444,71.545],[53.348,71.568],[53.206,71.51],[53.113,71.422],[53.03,71.5],[53.039,71.443],[52.882,71.394],[52.821,71.47],[52.82,71.429],[52.74,71.442],[52.718,71.49],[52.61,71.469],[52.644,71.546],[52.574,71.576],[52.547,71.635],[52.499,71.566],[52.368,71.535],[52.416,71.477],[52.28,71.514],[52.269,71.588],[52.142,71.545],[52.279,71.477],[51.84,71.456],[51.532,71.566],[51.55,71.614],[51.416,71.751],[51.401,71.871]]],[[[54.9,73.448],[54.25,73.328],[54.033,73.375],[54.294,73.418],[54.417,73.478],[54.204,73.505],[54.542,73.611],[55.0,73.684],[55.0,73.444],[54.9,73.448]]],[[[55.0,73.718],[54.856,73.684],[54.828,73.691],[54.87,73.732],[54.53,73.704],[54.281,73.601],[53.966,73.627],[53.631,73.76],[53.654,73.812],[53.869,73.779],[54.316,73.931],[54.802,73.97],[54.589,74.019],[55.0,74.167],[55.0,73.718]]],[[[29.714,60.022],[29.787,59.975],[29.657,60.025],[29.714,60.022]]],[[[27.892,60.004],[27.82,59.983],[27.803,59.999],[27.82,60.031],[27.892,60.004]]],[[[27.025,60.037],[26.985,60.018],[26.95,60.1],[26.964,60.099],[27.025,60.037]]],[[[28.715,60.292],[28.695,60.261],[28.624,60.27],[28.551,60.303],[28.541,60.347],[28.715,60.292]]],[[[28.485,60.362],[28.504,60.311],[28.426,60.361],[28.485,60.362]]],[[[35.856,64.403],[36.045,64.36],[35.975,64.333],[35.856,64.403]]],[[[35.865,65.013],[35.745,64.962],[35.723,65.026],[35.563,65.052],[35.506,65.121],[35.786,65.165],[35.867,65.076],[35.797,65.114],[35.781,65.073],[35.865,65.013]]],[[[42.585,66.77],[42.681,66.682],[42.644,66.666],[42.426,66.752],[42.585,66.77]]],[[[32.356,67.139],[32.394,67.1],[32.338,67.125],[32.356,67.139]]],[[[33.976,69.37],[34.216,69.408],[34.407,69.353],[33.976,69.37]]],[[[50.312,69.11],[50.113,68.996],[50.223,69.154],[50.133,69.142],[49.872,69.026],[49.909,68.996],[49.72,68.89],[49.539,68.835],[48.798,68.729],[48.72,68.757],[48.592,68.731],[48.291,68.866],[48.332,68.886],[48.219,68.896],[48.266,68.983],[48.212,69.002],[48.256,69.044],[48.217,69.064],[48.304,69.277],[48.566,69.42],[48.906,69.508],[49.272,69.508],[49.695,69.398],[50.164,69.261],[50.323,69.151],[50.312,69.11]]],[[[53.211,71.257],[53.151,71.096],[53.047,71.072],[53.041,71.034],[53.139,70.994],[53.01,70.968],[52.956,71.057],[52.8,71.093],[52.756,71.177],[52.558,71.249],[52.352,71.246],[52.212,71.308],[52.258,71.349],[52.53,71.388],[52.721,71.349],[52.687,71.398],[52.741,71.406],[52.91,71.367],[53.02,71.281],[52.862,71.354],[52.803,71.372],[52.745,71.374],[52.875,71.333],[52.779,71.319],[53.061,71.238],[53.211,71.257]]],[[[51.201,80.011],[51.505,79.933],[50.045,79.974],[50.553,79.988],[50.654,80.044],[51.001,80.103],[51.265,80.056],[51.201,80.011]]],[[[36.653,80.175],[36.854,80.152],[36.594,80.159],[36.653,80.175]]],[[[50.041,80.059],[49.883,80.07],[49.531,80.159],[49.899,80.234],[50.229,80.226],[50.336,80.182],[50.126,80.142],[50.041,80.059]]],[[[46.668,80.517],[46.519,80.519],[46.495,80.508],[46.53,80.474],[46.48,80.46],[46.084,80.44],[46.021,80.489],[46.084,80.556],[46.044,80.574],[45.515,80.52],[45.271,80.59],[44.857,80.617],[46.517,80.721],[46.399,80.735],[46.442,80.745],[46.921,80.749],[47.201,80.81],[47.092,80.831],[47.138,80.842],[47.536,80.857],[48.496,80.798],[48.655,80.755],[48.456,80.727],[48.764,80.66],[48.727,80.611],[48.064,80.662],[47.99,80.68],[48.0,80.709],[47.716,80.768],[47.558,80.748],[47.613,80.727],[47.476,80.735],[47.572,80.68],[47.359,80.688],[47.304,80.653],[47.431,80.594],[47.2,80.626],[46.992,80.553],[46.633,80.556],[46.668,80.517]]],[[[55.0,80.73],[54.664,80.742],[54.69,80.769],[54.657,80.788],[53.98,80.816],[54.323,80.864],[54.722,80.872],[54.823,80.836],[55.0,80.895],[55.0,80.73]]],[[[51.483,80.737],[51.744,80.714],[51.701,80.677],[51.175,80.618],[50.95,80.537],[50.121,80.527],[49.675,80.482],[49.798,80.452],[49.816,80.401],[49.49,80.364],[48.84,80.388],[48.791,80.364],[48.818,80.351],[48.627,80.295],[48.943,80.273],[49.038,80.241],[48.976,80.213],[49.107,80.19],[48.969,80.152],[48.734,80.159],[48.528,80.209],[48.497,80.193],[48.552,80.159],[48.511,80.124],[48.372,80.092],[48.116,80.137],[48.019,80.089],[47.628,80.072],[47.633,80.118],[47.737,80.162],[48.085,80.207],[47.845,80.213],[47.969,80.235],[47.929,80.247],[47.451,80.24],[47.338,80.213],[47.387,80.187],[47.102,80.17],[46.895,80.192],[46.89,80.237],[46.618,80.295],[47.089,80.372],[47.224,80.309],[48.133,80.326],[48.189,80.338],[47.619,80.405],[48.236,80.427],[48.099,80.446],[48.14,80.468],[48.1,80.476],[47.379,80.454],[48.375,80.571],[48.565,80.543],[48.531,80.515],[48.569,80.506],[49.188,80.521],[49.23,80.537],[49.175,80.556],[49.407,80.617],[49.285,80.645],[49.631,80.64],[49.668,80.653],[49.613,80.687],[49.682,80.721],[49.203,80.694],[49.34,80.735],[48.955,80.735],[49.114,80.769],[49.004,80.776],[50.237,80.933],[50.443,80.906],[49.997,80.865],[50.856,80.919],[51.045,80.851],[50.47,80.81],[50.545,80.79],[50.251,80.742],[50.372,80.713],[50.653,80.766],[50.765,80.742],[51.009,80.778],[51.102,80.748],[51.313,80.79],[51.483,80.737]]],[[[54.86,81.002],[54.417,81.008],[54.455,81.049],[54.647,81.122],[55.0,81.074],[55.0,80.951],[54.86,81.002]]],[[[50.347,81.091],[50.388,81.105],[50.367,81.125],[50.519,81.129],[50.491,81.159],[50.53,81.168],[50.82,81.166],[50.977,81.106],[50.766,81.088],[50.774,81.044],[50.409,81.013],[50.374,81.023],[50.477,81.07],[50.347,81.091]]],[[[52.645,80.172],[52.357,80.209],[52.183,80.276],[52.569,80.289],[52.731,80.323],[52.684,80.358],[52.86,80.405],[53.15,80.413],[53.341,80.399],[53.349,80.361],[53.532,80.31],[53.869,80.271],[53.733,80.218],[53.59,80.242],[53.49,80.172],[52.645,80.172]]],[[[53.854,80.482],[53.848,80.51],[53.973,80.529],[53.859,80.554],[53.883,80.611],[54.269,80.589],[54.315,80.577],[54.136,80.556],[54.41,80.543],[54.387,80.525],[54.465,80.482],[54.239,80.42],[53.798,80.473],[53.854,80.482]]],[[[40.458,64.578],[40.195,64.574],[40.055,64.653],[39.824,64.68],[39.984,64.719],[40.188,64.708],[40.302,64.635],[40.431,64.613],[40.458,64.578]]],[[[39.98,64.729],[39.944,64.728],[40.002,64.737],[39.98,64.729]]],[[[40.252,64.699],[40.035,64.761],[40.334,64.772],[40.388,64.736],[40.407,64.642],[40.326,64.638],[40.252,64.699]]],[[[36.024,65.046],[35.921,65.021],[35.892,65.041],[35.974,65.056],[36.024,65.046]]],[[[36.25,65.159],[36.066,65.125],[35.942,65.155],[35.99,65.191],[36.25,65.159]]],[[[54.341,68.307],[54.317,68.259],[54.197,68.262],[54.303,68.327],[54.341,68.307]]],[[[53.853,68.337],[53.991,68.346],[53.958,68.293],[53.853,68.337]]],[[[48.812,68.697],[49.124,68.668],[48.766,68.697],[48.812,68.697]]],[[[49.57,68.817],[49.55,68.795],[49.492,68.792],[49.57,68.817]]],[[[54.267,68.817],[54.395,68.783],[54.193,68.814],[54.267,68.817]]],[[[49.753,68.88],[49.842,68.906],[49.752,68.877],[49.753,68.88]]],[[[55.0,68.937],[54.988,68.912],[54.912,68.931],[54.928,68.94],[55.0,68.937]]],[[[50.001,68.932],[50.108,68.964],[50.07,68.943],[50.001,68.932]]],[[[53.38,71.285],[53.242,71.309],[53.161,71.355],[53.24,71.354],[53.38,71.285]]],[[[54.419,80.279],[54.382,80.21],[54.178,80.189],[54.101,80.273],[54.243,80.309],[54.419,80.279]]],[[[55.0,80.261],[54.932,80.244],[54.93,80.26],[55.0,80.261]]],[[[54.987,80.414],[55.0,80.399],[54.973,80.408],[54.987,80.414]]],[[[54.845,80.43],[54.771,80.393],[54.39,80.387],[54.627,80.477],[54.845,80.43]]],[[[54.631,80.502],[54.886,80.533],[55.0,80.513],[55.0,80.453],[54.631,80.502]]],[[[47.862,43.994],[47.763,43.928],[47.628,43.963],[47.666,43.996],[47.862,43.994]]],[[[47.999,45.454],[47.918,45.57],[47.917,45.633],[47.957,45.65],[47.999,45.454]]]]}},{"type":"Feature","properties":{},"geometry":{"type":"Polygon","coordinates":[[[14.832,50.858],[14.982,50.859],[14.997,50.959],[14.961,50.993],[15.004,51.021],[15.108,50.981],[15.144,51.012],[15.27,50.953],[15.256,50.9],[15.356,50.775],[15.442,50.8],[15.684,50.731],[15.792,50.743],[15.848,50.675],[15.971,50.679],[15.982,50.604],[16.086,50.647],[16.332,50.644],[16.426,50.568],[16.353,50.493],[16.211,50.451],[16.2,50.406],[16.263,50.364],[16.344,50.37],[16.661,50.093],[16.818,50.187],[17.015,50.218],[16.866,50.408],[16.893,50.433],[17.188,50.378],[17.424,50.241],[17.63,50.262],[17.708,50.311],[17.748,50.218],[17.589,50.163],[17.633,50.106],[17.732,50.095],[17.839,49.974],[18.032,50.003],[18.002,50.047],[18.292,49.908],[18.559,49.907],[18.618,49.714],[18.788,49.669],[18.833,49.51],[18.536,49.482],[18.388,49.39],[18.385,49.342],[18.161,49.259],[18.076,49.047],[17.914,49.01],[17.879,48.934],[17.727,48.863],[17.535,48.813],[17.167,48.86],[17.025,48.746],[16.945,48.604],[16.873,48.719],[16.675,48.734],[16.643,48.778],[16.52,48.806],[16.436,48.795],[16.358,48.727],[16.085,48.743],[15.818,48.872],[15.681,48.858],[15.275,48.987],[15.142,48.937],[15.137,48.993],[15.004,49.01],[14.965,48.972],[14.94,48.763],[14.8,48.777],[14.704,48.673],[14.676,48.576],[14.458,48.643],[14.316,48.558],[14.041,48.601],[13.991,48.7],[13.816,48.766],[13.609,48.946],[13.427,48.96],[13.3,49.094],[13.179,49.118],[13.0,49.295],[12.778,49.333],[12.644,49.429],[12.496,49.67],[12.384,49.743],[12.453,49.78],[12.524,49.905],[12.463,49.931],[12.451,49.981],[12.247,50.045],[12.179,50.118],[12.175,50.183],[12.08,50.243],[12.111,50.277],[12.076,50.315],[12.149,50.312],[12.3,50.161],[12.336,50.259],[12.51,50.389],[12.692,50.395],[12.817,50.443],[12.953,50.404],[13.01,50.493],[13.16,50.497],[13.232,50.582],[13.306,50.576],[13.369,50.628],[13.448,50.597],[13.557,50.707],[13.835,50.724],[13.96,50.802],[14.347,50.88],[14.382,50.921],[14.238,50.982],[14.288,51.037],[14.482,51.037],[14.574,50.975],[14.55,50.912],[14.629,50.921],[14.613,50.846],[14.7,50.816],[14.775,50.813],[14.832,50.858]]]}},{"type":"Feature","properties":{},"geometry":{"type":"MultiPolygon","coordinates":[[[[13.786,48.725],[13.817,48.696],[13.802,48.612],[13.717,48.522],[13.455,48.573],[13.406,48.377],[12.863,48.197],[12.739,48.113],[12.991,47.847],[12.892,47.724],[13.02,47.713],[13.072,47.659],[13.002,47.466],[12.779,47.555],[12.813,47.612],[12.762,47.667],[12.497,47.629],[12.424,47.692],[12.239,47.679],[12.242,47.732],[12.177,47.706],[12.207,47.646],[12.174,47.605],[11.62,47.59],[11.551,47.514],[11.413,47.506],[11.365,47.469],[11.384,47.445],[11.237,47.394],[11.194,47.429],[10.979,47.391],[10.858,47.485],[10.892,47.515],[10.859,47.531],[10.761,47.514],[10.584,47.562],[10.483,47.533],[10.429,47.577],[10.428,47.396],[10.306,47.302],[10.16,47.271],[10.209,47.372],[10.083,47.359],[10.072,47.439],[9.946,47.541],[9.833,47.535],[9.782,47.588],[9.613,47.522],[9.183,47.67],[8.882,47.656],[8.798,47.72],[8.717,47.695],[8.713,47.757],[8.644,47.791],[8.617,47.757],[8.558,47.801],[8.464,47.764],[8.391,47.665],[8.607,47.656],[8.574,47.592],[8.522,47.622],[8.354,47.581],[8.233,47.622],[8.042,47.561],[7.82,47.595],[7.767,47.556],[7.61,47.565],[7.66,47.597],[7.586,47.585],[7.512,47.707],[7.621,47.971],[7.579,48.114],[7.751,48.341],[7.738,48.407],[7.813,48.519],[7.81,48.615],[7.97,48.757],[8.09,48.808],[8.2,48.959],[7.932,49.035],[7.635,49.038],[7.41,49.169],[7.274,49.105],[7.08,49.142],[7.043,49.108],[7.009,49.182],[6.914,49.207],[6.833,49.209],[6.822,49.148],[6.726,49.156],[6.556,49.326],[6.578,49.356],[6.512,49.425],[6.345,49.455],[6.351,49.567],[6.403,49.656],[6.5,49.712],[6.503,49.796],[6.303,49.835],[6.162,49.942],[6.096,50.049],[6.121,50.162],[6.165,50.182],[6.147,50.214],[6.286,50.304],[6.375,50.315],[6.337,50.481],[6.171,50.518],[6.249,50.614],[6.159,50.622],[6.081,50.713],[6.012,50.709],[5.973,50.782],[6.057,50.853],[6.064,50.908],[6.0,50.929],[6.004,50.974],[5.875,50.965],[5.858,51.019],[6.147,51.152],[6.157,51.179],[6.061,51.171],[6.057,51.212],[6.208,51.388],[6.193,51.509],[6.086,51.596],[6.099,51.644],[5.939,51.732],[5.964,51.777],[5.931,51.816],[6.156,51.842],[6.093,51.885],[6.127,51.897],[6.345,51.821],[6.378,51.86],[6.744,51.908],[6.809,51.98],[6.68,52.06],[7.026,52.231],[7.048,52.365],[6.973,52.451],[6.715,52.462],[6.672,52.542],[6.744,52.56],[6.704,52.583],[6.737,52.635],[7.018,52.626],[7.062,52.824],[7.193,52.998],[7.195,53.245],[7.255,53.32],[7.367,53.303],[7.303,53.333],[7.075,53.338],[7.024,53.376],[7.051,53.513],[7.142,53.537],[7.087,53.587],[7.226,53.666],[8.031,53.708],[8.053,53.636],[8.168,53.553],[8.059,53.502],[8.077,53.469],[8.205,53.411],[8.259,53.412],[8.315,53.475],[8.292,53.529],[8.231,53.525],[8.271,53.613],[8.552,53.544],[8.49,53.486],[8.504,53.358],[8.498,53.475],[8.566,53.547],[8.486,53.7],[8.588,53.87],[8.673,53.892],[8.861,53.831],[9.211,53.872],[9.283,53.862],[9.582,53.591],[9.832,53.544],[9.584,53.612],[9.532,53.711],[9.436,53.749],[9.395,53.831],[9.258,53.886],[8.985,53.897],[8.916,53.937],[8.833,54.036],[8.997,54.03],[9.018,54.098],[8.953,54.15],[8.861,54.125],[8.813,54.18],[8.84,54.256],[8.963,54.318],[8.678,54.269],[8.6,54.338],[8.696,54.359],[8.635,54.365],[8.648,54.406],[8.886,54.418],[9.005,54.466],[9.012,54.506],[8.879,54.607],[8.826,54.598],[8.853,54.619],[8.805,54.688],[8.689,54.735],[8.643,54.844],[8.661,54.896],[8.904,54.898],[9.195,54.85],[9.244,54.802],[9.451,54.81],[9.58,54.866],[9.583,54.83],[9.824,54.757],[9.948,54.78],[10.018,54.701],[9.929,54.674],[10.039,54.667],[10.027,54.56],[9.84,54.475],[10.143,54.492],[10.204,54.461],[10.142,54.324],[10.224,54.414],[10.318,54.443],[10.731,54.31],[10.935,54.38],[11.136,54.386],[11.067,54.359],[11.094,54.284],[11.067,54.184],[10.753,54.05],[10.902,53.961],[11.175,54.018],[11.243,53.945],[11.334,53.961],[11.458,53.906],[11.519,54.036],[11.573,54.039],[11.69,54.155],[12.088,54.194],[12.092,54.114],[12.115,54.098],[12.095,54.146],[12.143,54.18],[12.109,54.183],[12.342,54.304],[12.502,54.474],[12.534,54.488],[12.591,54.452],[12.921,54.433],[12.624,54.423],[12.527,54.372],[12.438,54.388],[12.363,54.31],[12.369,54.269],[12.412,54.251],[12.458,54.256],[12.41,54.269],[12.479,54.332],[12.681,54.411],[12.718,54.414],[12.692,54.396],[12.684,54.372],[12.705,54.4],[12.855,54.358],[13.009,54.438],[13.096,54.372],[13.115,54.28],[13.289,54.234],[13.349,54.18],[13.322,54.167],[13.403,54.174],[13.383,54.153],[13.484,54.091],[13.479,54.125],[13.712,54.174],[13.808,54.105],[13.746,54.036],[13.906,53.943],[13.819,53.878],[13.817,53.853],[14.037,53.755],[14.264,53.752],[14.213,53.708],[14.264,53.7],[14.304,53.509],[14.442,53.252],[14.381,53.19],[14.343,53.049],[14.144,52.96],[14.165,52.896],[14.124,52.851],[14.645,52.577],[14.609,52.518],[14.632,52.497],[14.54,52.422],[14.545,52.382],[14.584,52.291],[14.712,52.236],[14.686,52.121],[14.761,52.077],[14.687,51.912],[14.586,51.804],[14.732,51.658],[14.71,51.53],[14.955,51.435],[14.961,51.335],[15.022,51.237],[14.955,51.064],[14.759,50.81],[14.613,50.846],[14.629,50.921],[14.55,50.912],[14.574,50.975],[14.482,51.037],[14.288,51.037],[14.238,50.982],[14.382,50.921],[14.347,50.88],[13.96,50.802],[13.835,50.724],[13.557,50.707],[13.448,50.597],[13.369,50.628],[13.306,50.576],[13.232,50.582],[13.16,50.497],[13.01,50.493],[12.953,50.404],[12.817,50.443],[12.692,50.395],[12.51,50.389],[12.336,50.259],[12.3,50.161],[12.24,50.257],[12.076,50.315],[12.111,50.277],[12.08,50.243],[12.175,50.183],[12.179,50.118],[12.247,50.045],[12.451,49.981],[12.463,49.931],[12.524,49.905],[12.453,49.78],[12.384,49.743],[12.496,49.67],[12.644,49.429],[12.778,49.333],[13.0,49.295],[13.179,49.118],[13.3,49.094],[13.427,48.96],[13.609,48.946],[13.816,48.766],[13.786,48.725]]],[[[14.21,53.938],[14.201,53.878],[13.84,53.85],[13.932,53.899],[13.904,53.995],[13.973,53.989],[13.959,53.941],[14.048,53.941],[14.051,54.005],[13.946,54.067],[13.891,54.01],[13.856,54.002],[13.864,54.05],[13.774,54.023],[13.815,54.101],[13.753,54.153],[13.815,54.174],[13.882,54.102],[14.21,53.938]]],[[[6.776,53.602],[6.722,53.591],[6.757,53.563],[6.66,53.599],[6.776,53.602]]],[[[6.874,53.673],[7.047,53.694],[7.085,53.687],[6.874,53.673]]],[[[7.133,53.708],[7.233,53.729],[7.347,53.723],[7.133,53.708]]],[[[7.367,53.728],[7.403,53.737],[7.436,53.728],[7.367,53.728]]],[[[8.12,53.714],[8.152,53.739],[8.196,53.728],[8.12,53.714]]],[[[7.487,53.761],[7.627,53.751],[7.47,53.745],[7.487,53.761]]],[[[7.661,53.762],[7.728,53.787],[7.813,53.776],[7.661,53.762]]],[[[7.874,53.776],[7.898,53.796],[7.956,53.783],[7.874,53.776]]],[[[11.376,53.982],[11.468,54.031],[11.498,54.023],[11.458,53.961],[11.447,53.997],[11.376,53.982]]],[[[11.54,54.057],[11.534,54.085],[11.616,54.112],[11.54,54.057]]],[[[8.959,54.522],[8.888,54.468],[8.813,54.482],[8.844,54.52],[8.959,54.522]]],[[[11.314,54.414],[11.113,54.415],[11.099,54.452],[11.006,54.468],[11.121,54.536],[11.232,54.502],[11.314,54.414]]],[[[13.157,54.599],[13.103,54.53],[13.061,54.468],[13.102,54.596],[13.157,54.599]]],[[[13.579,54.455],[13.766,54.345],[13.723,54.278],[13.651,54.297],[13.712,54.332],[13.617,54.318],[13.691,54.352],[13.5,54.345],[13.36,54.275],[13.356,54.249],[13.418,54.266],[13.407,54.228],[13.312,54.251],[13.335,54.284],[13.268,54.256],[13.15,54.29],[13.178,54.31],[13.115,54.338],[13.149,54.377],[13.267,54.386],[13.157,54.427],[13.273,54.482],[13.143,54.543],[13.26,54.554],[13.298,54.52],[13.369,54.585],[13.349,54.524],[13.377,54.565],[13.431,54.493],[13.507,54.488],[13.521,54.571],[13.441,54.557],[13.369,54.612],[13.253,54.565],[13.293,54.642],[13.231,54.653],[13.391,54.688],[13.445,54.68],[13.383,54.636],[13.425,54.585],[13.671,54.566],[13.579,54.455]]],[[[8.382,54.639],[8.354,54.619],[8.292,54.667],[8.36,54.715],[8.332,54.694],[8.382,54.639]]],[[[8.553,54.754],[8.594,54.729],[8.566,54.688],[8.395,54.715],[8.553,54.754]]],[[[8.355,54.913],[8.437,54.887],[8.654,54.894],[8.307,54.865],[8.284,54.742],[8.298,54.913],[8.374,55.035],[8.416,55.065],[8.463,55.051],[8.395,55.044],[8.43,55.03],[8.362,54.987],[8.355,54.913]]],[[[8.699,54.559],[8.67,54.502],[8.596,54.514],[8.62,54.538],[8.699,54.559]]],[[[7.901,54.191],[7.898,54.182],[7.88,54.194],[7.901,54.191]]],[[[7.93,54.195],[7.933,54.19],[7.912,54.192],[7.93,54.195]]]]}},{"type":"Feature","properties":{},"geometry":{"type":"MultiPolygon","coordinates":[[[[24.317,57.877],[24.464,58.072],[24.471,58.251],[24.549,58.289],[24.551,58.334],[24.362,58.397],[24.243,58.28],[24.112,58.241],[23.98,58.318],[23.741,58.343],[23.677,58.435],[23.679,58.524],[23.561,58.583],[23.501,58.562],[23.498,58.697],[23.547,58.71],[23.533,58.747],[23.803,58.731],[23.785,58.778],[23.874,58.772],[23.784,58.801],[23.429,58.765],[23.526,58.82],[23.422,58.929],[23.628,58.979],[23.622,59.015],[23.56,59.053],[23.614,59.011],[23.553,58.971],[23.408,59.026],[23.518,59.073],[23.471,59.212],[23.642,59.257],[23.73,59.23],[23.757,59.284],[24.081,59.271],[24.1,59.295],[24.035,59.389],[24.222,59.355],[24.163,59.402],[24.306,59.419],[24.334,59.471],[24.643,59.436],[24.622,59.471],[24.675,59.496],[24.773,59.45],[24.816,59.489],[24.773,59.56],[24.803,59.571],[24.934,59.508],[25.098,59.498],[25.146,59.539],[25.409,59.491],[25.416,59.527],[25.544,59.535],[25.497,59.571],[25.485,59.67],[25.677,59.566],[25.719,59.588],[25.671,59.656],[25.695,59.671],[25.826,59.575],[25.883,59.631],[25.945,59.595],[25.989,59.634],[26.091,59.586],[26.665,59.552],[26.938,59.45],[27.873,59.408],[28.019,59.482],[28.186,59.375],[28.001,59.334],[28.077,59.305],[27.882,59.276],[27.713,58.992],[27.478,58.875],[27.411,58.755],[27.555,58.395],[27.494,58.32],[27.495,58.221],[27.63,58.088],[27.665,57.918],[27.799,57.861],[27.525,57.807],[27.554,57.795],[27.502,57.773],[27.508,57.715],[27.391,57.68],[27.382,57.603],[27.328,57.583],[27.353,57.528],[27.085,57.549],[26.873,57.627],[26.796,57.571],[26.5,57.516],[26.025,57.774],[26.015,57.843],[25.793,57.856],[25.73,57.923],[25.602,57.912],[25.282,58.073],[25.25,58.051],[25.284,58.008],[25.232,57.985],[25.167,58.059],[25.094,58.067],[24.817,57.977],[24.734,57.992],[24.685,57.948],[24.534,57.945],[24.378,57.859],[24.317,57.877]]],[[[23.938,58.137],[23.984,58.157],[24.022,58.13],[23.971,58.1],[23.938,58.137]]],[[[23.255,58.5],[23.325,58.442],[23.157,58.478],[23.042,58.371],[22.955,58.381],[22.903,58.312],[22.721,58.27],[22.757,58.242],[22.723,58.225],[22.535,58.254],[22.323,58.207],[22.272,58.174],[22.203,57.994],[22.048,57.915],[21.963,57.984],[22.086,58.083],[22.148,58.08],[22.203,58.148],[21.844,58.294],[21.908,58.299],[21.873,58.342],[21.945,58.319],[22.011,58.354],[21.832,58.511],[21.996,58.513],[22.089,58.422],[22.104,58.487],[22.195,58.546],[22.273,58.502],[22.322,58.585],[22.583,58.635],[22.648,58.587],[22.922,58.617],[23.255,58.5]]],[[[23.397,58.564],[23.362,58.532],[23.224,58.535],[23.059,58.603],[23.198,58.681],[23.33,58.653],[23.397,58.564]]],[[[23.39,59.008],[23.374,58.976],[23.174,58.968],[23.114,59.022],[23.344,59.039],[23.39,59.008]]],[[[22.382,58.882],[22.045,58.936],[22.463,58.971],[22.442,58.985],[22.488,58.981],[22.488,59.016],[22.598,59.09],[22.714,59.07],[22.692,59.041],[22.737,59.005],[22.934,58.984],[23.041,58.841],[22.88,58.833],[22.887,58.79],[22.845,58.777],[22.778,58.792],[22.819,58.83],[22.778,58.824],[22.655,58.703],[22.556,58.687],[22.463,58.716],[22.497,58.738],[22.382,58.882]]],[[[24.5,59.596],[24.543,59.548],[24.489,59.56],[24.5,59.596]]],[[[23.224,57.824],[23.27,57.786],[23.218,57.801],[23.224,57.824]]]]}},{"type":"Feature","properties":{},"geometry":{"type":"Polygon","coordinates":[[[27.528,57.528],[27.511,57.43],[27.828,57.305],[27.846,57.267],[27.824,57.159],[27.682,57.104],[27.751,57.042],[27.628,56.844],[27.786,56.871],[27.914,56.82],[27.865,56.743],[27.981,56.687],[28.011,56.588],[28.126,56.548],[28.093,56.502],[28.164,56.438],[28.217,56.271],[28.149,56.142],[27.927,56.109],[27.645,55.923],[27.593,55.794],[26.981,55.827],[26.823,55.706],[26.481,55.678],[26.28,55.743],[26.179,55.85],[25.697,56.088],[25.662,56.141],[25.073,56.198],[24.871,56.443],[24.481,56.269],[24.319,56.299],[24.139,56.257],[23.707,56.354],[23.482,56.33],[23.288,56.373],[23.062,56.304],[22.925,56.412],[22.666,56.349],[22.512,56.396],[22.094,56.417],[21.328,56.224],[21.23,56.163],[21.19,56.084],[21.053,56.073],[20.969,56.253],[21.006,56.52],[21.045,56.462],[21.031,56.408],[21.08,56.403],[21.058,56.504],[20.992,56.549],[21.058,56.689],[21.053,56.829],[21.382,57.009],[21.434,57.306],[21.73,57.574],[21.999,57.6],[22.484,57.742],[22.61,57.755],[22.591,57.645],[22.656,57.586],[23.13,57.371],[23.261,57.099],[23.695,56.967],[23.953,57.013],[24.211,57.124],[24.401,57.258],[24.375,57.613],[24.3,57.744],[24.306,57.868],[24.378,57.859],[24.534,57.945],[24.685,57.948],[24.734,57.992],[24.817,57.977],[25.094,58.067],[25.167,58.059],[25.217,57.985],[25.284,58.008],[25.25,58.051],[25.282,58.073],[25.602,57.912],[25.73,57.923],[25.793,57.856],[26.015,57.843],[26.025,57.774],[26.5,57.516],[26.796,57.571],[26.873,57.627],[27.085,57.549],[27.528,57.528]]]}},{"type":"Feature","properties":{},"geometry":{"type":"MultiPolygon","coordinates":[[[[20.623,69.036],[20.102,69.022],[20.341,68.91],[20.357,68.805],[20.237,68.659],[19.962,68.541],[20.246,68.477],[19.971,68.351],[19.038,68.506],[18.645,68.501],[18.436,68.574],[18.162,68.53],[18.136,68.396],[18.189,68.199],[17.921,67.973],[17.321,68.105],[16.783,67.897],[16.587,67.626],[16.429,67.534],[16.2,67.508],[16.127,67.423],[16.438,67.2],[16.416,67.053],[16.039,66.888],[15.669,66.599],[15.426,66.491],[15.482,66.275],[15.053,66.153],[14.541,66.125],[14.649,65.802],[14.561,65.701],[14.514,65.318],[14.38,65.24],[14.311,65.084],[13.643,64.584],[14.097,64.465],[14.148,64.169],[13.964,64.01],[13.234,64.091],[12.982,64.059],[12.682,63.956],[12.17,63.598],[12.22,63.474],[11.992,63.289],[12.223,63.001],[12.093,62.907],[12.156,62.734],[12.091,62.586],[12.314,62.286],[12.162,61.725],[12.416,61.582],[12.614,61.547],[12.888,61.35],[12.704,61.046],[12.253,61.002],[12.377,60.754],[12.594,60.515],[12.605,60.419],[12.492,60.312],[12.525,60.162],[12.483,60.081],[12.144,59.898],[11.85,59.872],[11.902,59.785],[11.897,59.714],[11.675,59.607],[11.812,59.25],[11.664,58.92],[11.452,58.896],[11.389,59.081],[11.182,59.116],[11.207,59.146],[11.176,59.197],[11.136,59.142],[11.088,59.176],[11.099,59.134],[11.032,59.128],[10.948,59.183],[10.916,59.142],[10.902,59.197],[10.823,59.164],[10.779,59.189],[10.773,59.252],[10.738,59.217],[10.779,59.313],[10.674,59.316],[10.66,59.4],[10.592,59.431],[10.645,59.493],[10.662,59.438],[10.69,59.481],[10.615,59.697],[10.56,59.726],[10.656,59.857],[10.718,59.738],[10.753,59.889],[10.689,59.912],[10.475,59.85],[10.502,59.709],[10.615,59.608],[10.543,59.536],[10.437,59.518],[10.398,59.688],[10.224,59.724],[10.379,59.658],[10.381,59.535],[10.237,59.56],[10.369,59.455],[10.478,59.43],[10.445,59.349],[10.514,59.303],[10.47,59.248],[10.361,59.271],[10.29,59.135],[10.307,59.06],[10.272,59.114],[10.262,59.039],[10.224,59.114],[10.207,59.016],[10.115,59.005],[10.163,59.052],[10.017,59.034],[10.015,58.973],[9.846,58.956],[9.782,59.051],[9.758,59.032],[9.688,59.091],[9.669,59.051],[9.631,59.131],[9.539,59.121],[9.727,59.015],[9.724,58.984],[9.656,58.984],[9.69,58.957],[9.576,58.921],[9.47,58.929],[9.511,58.895],[9.299,58.882],[9.271,58.833],[9.45,58.833],[9.306,58.739],[9.071,58.741],[9.216,58.703],[9.059,58.683],[9.201,58.672],[9.034,58.595],[8.913,58.607],[8.95,58.547],[8.909,58.501],[8.707,58.379],[8.579,58.347],[8.501,58.257],[8.409,58.272],[8.244,58.203],[8.272,58.196],[8.223,58.135],[8.158,58.144],[8.123,58.102],[8.025,58.141],[8.08,58.162],[8.03,58.225],[8.007,58.144],[7.934,58.109],[7.956,58.093],[7.664,58.067],[7.579,58.018],[7.25,58.059],[7.007,57.993],[6.999,58.031],[7.147,58.1],[6.935,58.045],[6.98,58.105],[6.901,58.052],[6.908,58.1],[6.804,58.1],[6.989,58.141],[6.874,58.135],[6.778,58.182],[6.808,58.121],[6.731,58.12],[6.722,58.189],[6.688,58.121],[6.783,58.065],[6.619,58.068],[6.531,58.121],[6.846,58.271],[6.681,58.223],[6.634,58.275],[6.695,58.292],[6.687,58.327],[6.62,58.319],[6.626,58.245],[6.562,58.243],[6.01,58.385],[5.955,58.477],[5.646,58.549],[5.478,58.755],[5.573,58.894],[5.537,58.956],[5.626,58.926],[5.551,58.971],[5.579,58.989],[5.523,58.991],[5.551,59.039],[5.716,58.977],[5.716,58.867],[5.736,58.929],[5.854,58.965],[6.093,58.847],[6.229,58.84],[6.058,58.902],[6.195,58.984],[6.626,59.053],[6.16,58.998],[6.034,58.905],[5.975,58.963],[6.051,58.998],[5.875,59.066],[5.891,59.104],[6.126,59.148],[6.009,59.149],[6.171,59.261],[6.462,59.32],[6.314,59.323],[6.154,59.268],[6.085,59.307],[6.236,59.32],[6.199,59.352],[6.172,59.321],[5.995,59.334],[6.042,59.384],[6.189,59.43],[6.243,59.511],[6.544,59.56],[6.236,59.526],[6.312,59.656],[6.286,59.649],[6.153,59.459],[6.027,59.402],[5.983,59.43],[5.995,59.381],[5.924,59.356],[5.886,59.447],[6.153,59.477],[5.902,59.479],[5.807,59.539],[5.777,59.526],[5.798,59.463],[5.708,59.471],[5.646,59.409],[5.784,59.429],[5.86,59.351],[5.612,59.293],[5.646,59.334],[5.587,59.416],[5.568,59.316],[5.505,59.278],[5.436,59.308],[5.433,59.405],[5.399,59.297],[5.348,59.416],[5.297,59.345],[5.202,59.43],[5.182,59.511],[5.243,59.526],[5.202,59.546],[5.344,59.648],[5.386,59.649],[5.413,59.595],[5.4,59.67],[5.489,59.738],[5.488,59.575],[5.417,59.543],[5.417,59.505],[5.516,59.539],[5.564,59.677],[5.722,59.663],[5.716,59.608],[5.754,59.61],[5.789,59.656],[5.879,59.656],[5.746,59.676],[5.814,59.729],[5.903,59.765],[6.038,59.745],[6.292,59.84],[6.002,59.759],[5.934,59.779],[5.969,59.861],[5.914,59.791],[5.832,59.772],[5.715,59.832],[5.722,59.861],[5.681,59.841],[5.646,59.854],[5.743,59.882],[5.772,59.931],[5.972,59.96],[5.948,59.998],[6.01,60.057],[6.291,60.122],[6.257,60.163],[6.105,60.107],[6.075,60.198],[6.352,60.368],[6.503,60.431],[6.64,60.416],[6.531,60.262],[6.51,60.135],[6.524,60.081],[6.572,60.273],[6.654,60.382],[6.803,60.473],[7.106,60.506],[6.901,60.506],[7.017,60.588],[6.988,60.59],[6.656,60.433],[6.592,60.444],[6.695,60.519],[6.297,60.389],[6.178,60.471],[6.239,60.379],[6.119,60.368],[6.189,60.355],[6.14,60.254],[5.996,60.265],[5.852,60.15],[5.856,60.024],[5.739,59.994],[5.689,60.061],[5.798,60.094],[5.721,60.084],[5.708,60.176],[5.791,60.211],[5.593,60.139],[5.544,60.163],[5.564,60.204],[5.708,60.232],[5.598,60.232],[5.633,60.273],[5.572,60.238],[5.737,60.392],[5.633,60.368],[5.527,60.217],[5.41,60.131],[5.304,60.191],[5.352,60.217],[5.223,60.211],[5.31,60.266],[5.171,60.279],[5.171,60.317],[5.228,60.321],[5.141,60.351],[5.178,60.389],[5.298,60.396],[5.237,60.474],[5.306,60.528],[5.476,60.435],[5.654,60.431],[5.714,60.484],[5.75,60.718],[5.664,60.704],[5.676,60.758],[5.533,60.698],[5.527,60.629],[5.3,60.561],[5.223,60.574],[5.085,60.663],[5.228,60.621],[5.085,60.711],[5.146,60.704],[5.126,60.724],[4.927,60.8],[5.28,60.722],[5.348,60.64],[5.434,60.629],[5.371,60.674],[5.434,60.663],[5.413,60.704],[5.236,60.776],[5.352,60.813],[5.356,60.853],[5.537,60.876],[5.472,60.907],[5.327,60.868],[5.293,60.823],[5.168,60.855],[5.131,60.812],[5.047,60.844],[4.982,60.951],[5.077,60.95],[5.101,60.878],[5.099,60.951],[5.14,60.992],[5.013,60.982],[5.016,61.047],[5.135,61.077],[5.434,61.027],[5.448,60.995],[5.46,61.05],[5.527,61.075],[5.64,61.06],[5.598,61.085],[5.774,61.114],[5.781,61.064],[5.864,61.118],[6.098,61.122],[6.258,61.094],[6.243,61.047],[6.359,61.068],[6.356,61.011],[6.438,61.081],[6.546,61.104],[6.601,61.175],[6.956,61.088],[7.01,61.009],[6.874,60.937],[7.051,60.965],[7.13,60.927],[7.106,60.862],[7.161,60.951],[7.094,60.964],[7.0,61.093],[7.223,61.14],[7.436,61.101],[7.346,61.143],[7.695,61.232],[7.388,61.198],[7.312,61.287],[7.381,61.378],[7.572,61.485],[7.346,61.389],[7.264,61.396],[7.305,61.348],[7.24,61.297],[7.36,61.191],[7.305,61.163],[7.214,61.184],[6.953,61.112],[6.917,61.136],[7.004,61.184],[6.894,61.163],[6.558,61.225],[6.695,61.345],[6.702,61.403],[6.603,61.279],[6.501,61.268],[6.537,61.204],[6.465,61.208],[6.506,61.147],[6.434,61.115],[6.283,61.125],[6.174,61.184],[6.073,61.148],[5.961,61.163],[6.037,61.204],[5.804,61.156],[5.783,61.197],[5.75,61.156],[5.424,61.08],[5.298,61.129],[5.194,61.105],[5.16,61.129],[5.228,61.143],[5.044,61.163],[5.25,61.184],[4.955,61.253],[5.202,61.343],[5.279,61.321],[5.321,61.252],[5.321,61.317],[5.256,61.348],[5.633,61.362],[5.164,61.356],[5.058,61.323],[4.999,61.377],[5.044,61.403],[5.063,61.375],[5.112,61.431],[4.948,61.416],[5.181,61.472],[5.519,61.43],[5.667,61.485],[5.804,61.458],[5.722,61.499],[5.461,61.453],[5.178,61.51],[5.14,61.554],[5.358,61.561],[5.146,61.595],[5.427,61.589],[5.27,61.616],[5.341,61.643],[4.968,61.636],[4.94,61.678],[4.988,61.747],[5.168,61.726],[5.126,61.752],[5.19,61.769],[5.064,61.76],[5.338,61.842],[5.29,61.862],[5.395,61.911],[5.676,61.887],[5.743,61.848],[5.619,61.815],[5.941,61.845],[5.899,61.739],[5.992,61.835],[6.181,61.767],[6.058,61.835],[6.474,61.805],[6.59,61.871],[6.778,61.841],[6.819,61.876],[6.678,61.897],[6.556,61.878],[6.476,61.825],[5.886,61.883],[5.804,61.856],[5.729,61.889],[5.961,61.917],[5.427,61.938],[5.156,61.896],[5.099,61.917],[5.126,61.944],[5.14,61.971],[5.228,61.958],[5.31,62.027],[5.4,62.02],[5.109,62.109],[5.085,62.191],[5.17,62.215],[5.275,62.169],[5.318,62.107],[5.451,62.062],[5.462,62.007],[5.536,62.079],[5.592,62.068],[5.391,62.123],[5.454,62.191],[5.622,62.165],[5.75,62.089],[5.667,62.171],[5.906,62.191],[5.921,62.12],[5.845,62.02],[5.955,62.14],[6.051,62.068],[6.367,62.061],[6.089,62.109],[5.926,62.225],[6.064,62.205],[5.948,62.246],[6.028,62.306],[6.311,62.372],[6.55,62.171],[6.531,62.109],[6.592,62.136],[6.581,62.16],[6.418,62.311],[6.4,62.387],[6.5,62.399],[6.565,62.356],[6.544,62.411],[6.709,62.452],[6.879,62.418],[6.874,62.356],[6.989,62.273],[7.005,62.194],[6.943,62.137],[6.956,62.102],[7.021,62.091],[7.14,62.117],[7.188,62.102],[7.15,62.131],[6.979,62.113],[7.037,62.184],[7.028,62.266],[7.209,62.251],[7.311,62.282],[7.415,62.239],[7.293,62.298],[6.957,62.325],[6.914,62.37],[6.976,62.377],[6.852,62.454],[6.757,62.465],[6.791,62.478],[6.398,62.425],[6.243,62.451],[6.454,62.502],[6.675,62.493],[6.476,62.513],[6.565,62.527],[6.533,62.537],[6.263,62.527],[6.249,62.575],[6.537,62.616],[6.613,62.561],[6.622,62.62],[6.756,62.655],[6.918,62.575],[6.928,62.623],[6.887,62.644],[7.092,62.651],[7.038,62.623],[7.097,62.612],[7.127,62.534],[7.157,62.629],[7.365,62.593],[7.542,62.504],[7.573,62.55],[7.778,62.575],[7.505,62.566],[7.423,62.598],[7.418,62.633],[7.477,62.64],[7.52,62.585],[7.523,62.674],[7.836,62.732],[8.147,62.692],[8.045,62.76],[8.073,62.78],[7.489,62.687],[7.36,62.698],[7.404,62.712],[7.367,62.733],[7.472,62.767],[7.681,62.794],[7.61,62.796],[7.313,62.744],[6.97,62.726],[6.949,62.733],[7.01,62.815],[7.216,62.815],[7.017,62.842],[6.948,62.905],[6.88,62.911],[7.238,63.015],[7.501,62.911],[7.69,62.981],[7.78,62.973],[7.668,62.918],[7.694,62.912],[7.939,62.977],[8.076,62.951],[8.154,62.815],[8.513,62.707],[8.545,62.657],[8.544,62.721],[8.184,62.848],[8.171,62.892],[8.21,62.911],[8.147,62.951],[7.983,63.027],[7.877,63.01],[8.087,63.11],[8.16,63.026],[8.33,62.973],[8.329,62.881],[8.539,62.852],[8.451,62.896],[8.703,62.822],[8.416,62.959],[8.669,62.979],[8.522,62.989],[8.586,63.02],[8.554,63.023],[8.374,62.973],[8.32,63.0],[8.47,63.02],[8.239,63.025],[8.166,63.115],[8.22,63.134],[8.285,63.076],[8.32,63.11],[8.236,63.151],[8.641,63.11],[8.566,63.161],[8.943,63.212],[8.624,63.201],[8.476,63.294],[8.764,63.349],[8.639,63.392],[8.672,63.421],[8.823,63.429],[8.881,63.398],[8.997,63.418],[8.967,63.433],[9.018,63.467],[9.149,63.376],[9.093,63.294],[9.435,63.38],[9.477,63.404],[9.218,63.372],[9.169,63.421],[9.482,63.473],[9.481,63.487],[9.333,63.467],[9.258,63.5],[9.292,63.459],[9.149,63.486],[9.368,63.563],[9.403,63.518],[9.495,63.577],[9.573,63.541],[9.491,63.589],[9.699,63.644],[9.8,63.563],[9.806,63.514],[9.961,63.428],[9.833,63.329],[10.013,63.362],[10.242,63.326],[10.259,63.267],[10.266,63.332],[10.069,63.366],[10.041,63.406],[10.3,63.467],[10.798,63.417],[10.908,63.456],[10.759,63.517],[10.923,63.555],[10.857,63.569],[10.923,63.602],[10.656,63.555],[10.905,63.684],[11.458,63.79],[11.415,63.85],[11.112,63.85],[11.096,63.89],[11.498,64.021],[11.254,64.038],[11.24,64.061],[11.362,64.117],[11.3,64.107],[11.225,64.072],[11.175,64.007],[10.574,63.809],[10.9,63.895],[11.056,63.861],[11.074,63.836],[10.91,63.731],[9.98,63.493],[9.918,63.515],[9.902,63.589],[9.818,63.614],[9.799,63.692],[10.0,63.724],[10.101,63.768],[10.005,63.747],[10.03,63.784],[9.544,63.666],[9.553,63.726],[9.778,63.768],[9.546,63.774],[9.874,63.863],[9.792,63.884],[10.197,63.938],[10.142,63.966],[9.943,63.918],[10.128,63.987],[9.936,63.959],[10.018,64.035],[10.014,64.119],[10.192,64.101],[10.218,64.124],[10.108,64.117],[10.197,64.158],[10.17,64.199],[10.375,64.185],[10.245,64.234],[10.491,64.295],[10.45,64.313],[10.471,64.357],[10.559,64.329],[10.505,64.37],[10.649,64.357],[10.464,64.405],[10.483,64.424],[10.628,64.398],[10.605,64.452],[10.835,64.369],[10.797,64.432],[10.656,64.452],[10.841,64.466],[10.825,64.511],[10.957,64.487],[10.923,64.507],[10.964,64.507],[10.957,64.552],[10.916,64.583],[10.971,64.603],[11.167,64.489],[11.163,64.446],[11.342,64.432],[11.247,64.326],[11.41,64.452],[11.656,64.48],[11.438,64.466],[11.461,64.511],[11.54,64.521],[11.506,64.548],[11.78,64.597],[11.636,64.583],[11.611,64.629],[11.553,64.603],[11.595,64.597],[11.577,64.575],[11.517,64.573],[11.421,64.636],[11.396,64.707],[11.616,64.74],[11.553,64.768],[11.842,64.795],[11.643,64.823],[11.787,64.836],[11.649,64.843],[11.745,64.884],[12.064,64.96],[12.225,64.939],[12.053,64.973],[11.912,64.949],[11.261,64.734],[11.43,64.816],[11.232,64.823],[11.253,64.838],[11.524,64.863],[11.697,64.912],[11.245,64.858],[11.267,64.87],[11.423,64.925],[11.554,64.899],[11.595,64.925],[11.477,64.933],[11.82,64.981],[11.814,65.018],[11.979,65.069],[12.015,65.03],[12.054,65.066],[12.137,65.047],[12.194,64.995],[12.193,65.05],[12.636,65.131],[12.602,65.137],[12.931,65.312],[12.503,65.145],[12.369,65.152],[12.499,65.2],[12.355,65.227],[12.712,65.254],[12.436,65.273],[12.245,65.234],[12.342,65.303],[12.451,65.314],[12.479,65.337],[12.41,65.322],[12.499,65.371],[12.692,65.33],[12.547,65.364],[12.479,65.447],[12.712,65.371],[12.629,65.432],[12.78,65.46],[12.608,65.46],[12.657,65.481],[12.565,65.514],[12.616,65.529],[12.574,65.59],[12.514,65.512],[12.465,65.522],[12.534,65.583],[12.438,65.529],[12.396,65.552],[12.417,65.597],[12.355,65.604],[12.364,65.652],[12.495,65.733],[12.636,65.686],[12.608,65.651],[12.787,65.638],[12.684,65.661],[12.558,65.754],[12.645,65.808],[12.718,65.789],[12.694,65.836],[12.612,65.835],[12.682,65.927],[12.848,65.967],[13.176,65.856],[13.123,65.943],[12.924,65.994],[13.04,66.083],[12.67,66.063],[12.869,66.134],[13.527,66.24],[13.577,66.219],[13.493,66.186],[13.582,66.186],[13.536,66.111],[13.64,66.157],[13.822,66.147],[13.61,66.186],[13.696,66.239],[13.808,66.234],[13.76,66.199],[13.986,66.241],[14.144,66.334],[13.907,66.268],[13.754,66.296],[13.62,66.241],[13.575,66.262],[13.623,66.275],[13.575,66.289],[13.04,66.18],[13.163,66.259],[13.534,66.309],[13.403,66.317],[13.452,66.337],[13.311,66.374],[13.338,66.328],[13.227,66.297],[13.037,66.32],[13.0,66.357],[13.141,66.386],[13.157,66.437],[13.103,66.454],[13.164,66.467],[12.972,66.522],[13.103,66.543],[13.209,66.514],[13.225,66.454],[13.362,66.456],[13.397,66.467],[13.267,66.467],[13.288,66.51],[13.26,66.522],[13.489,66.55],[13.671,66.515],[13.459,66.564],[13.726,66.605],[13.503,66.607],[13.423,66.563],[13.239,66.548],[13.205,66.556],[13.25,66.614],[13.403,66.625],[13.171,66.652],[13.191,66.667],[13.547,66.638],[13.225,66.714],[13.693,66.691],[13.89,66.735],[13.575,66.714],[13.559,66.753],[13.753,66.762],[13.507,66.782],[13.612,66.81],[13.993,66.79],[13.688,66.835],[13.631,66.9],[13.521,66.906],[13.544,66.922],[13.973,66.995],[13.89,66.954],[13.935,66.922],[13.959,66.927],[13.932,66.933],[14.044,66.981],[14.014,67.023],[14.06,67.061],[14.152,66.972],[14.227,66.984],[14.272,67.06],[14.568,67.018],[14.581,67.058],[14.267,67.084],[14.363,67.16],[14.452,67.166],[14.423,67.109],[14.459,67.153],[14.677,67.16],[14.75,67.124],[14.723,67.161],[14.514,67.18],[14.604,67.204],[14.979,67.214],[14.891,67.153],[14.994,67.099],[14.932,67.153],[15.095,67.213],[15.383,67.157],[15.377,67.098],[15.501,67.07],[15.439,67.098],[15.48,67.153],[15.377,67.201],[15.74,67.173],[15.706,67.214],[15.408,67.236],[15.287,67.206],[15.261,67.214],[15.342,67.242],[15.063,67.248],[15.165,67.31],[14.775,67.27],[14.835,67.255],[14.674,67.217],[14.617,67.214],[14.699,67.276],[14.328,67.242],[14.602,67.377],[14.576,67.399],[14.623,67.421],[14.8,67.422],[14.825,67.378],[15.049,67.447],[14.822,67.447],[14.727,67.489],[15.059,67.577],[15.159,67.536],[15.008,67.564],[14.987,67.55],[15.055,67.516],[15.01,67.487],[14.829,67.475],[15.017,67.469],[15.193,67.516],[15.213,67.489],[15.151,67.481],[15.138,67.42],[15.241,67.479],[15.429,67.483],[15.645,67.303],[15.604,67.28],[15.658,67.276],[15.7,67.303],[15.514,67.426],[15.583,67.461],[15.529,67.467],[15.898,67.557],[15.499,67.51],[15.239,67.529],[15.241,67.584],[15.276,67.594],[15.466,67.577],[15.407,67.631],[15.179,67.618],[15.337,67.687],[15.275,67.694],[15.301,67.72],[15.542,67.674],[15.514,67.694],[15.658,67.68],[15.405,67.735],[15.597,67.749],[15.8,67.679],[15.837,67.694],[15.631,67.762],[15.693,67.796],[15.411,67.796],[15.433,67.861],[15.405,67.824],[15.369,67.865],[15.384,67.804],[15.182,67.715],[14.836,67.643],[14.727,67.659],[14.877,67.7],[14.793,67.729],[15.117,67.742],[14.994,67.769],[15.035,67.783],[14.829,67.762],[14.773,67.816],[15.103,67.851],[14.85,67.845],[14.999,67.895],[15.233,67.872],[15.199,67.831],[15.302,67.89],[15.483,67.918],[15.543,67.917],[15.503,67.875],[15.533,67.852],[15.604,67.931],[15.752,67.952],[15.86,67.9],[15.969,68.009],[16.063,68.016],[15.85,68.037],[15.877,68.071],[15.789,68.034],[15.602,68.038],[15.545,68.075],[15.384,68.023],[15.439,68.009],[15.398,67.995],[15.282,68.037],[15.463,68.124],[15.508,68.132],[15.529,68.091],[15.644,68.169],[15.734,68.14],[15.7,68.126],[15.737,68.103],[15.617,68.091],[15.628,68.053],[15.844,68.096],[15.925,68.132],[15.871,68.187],[15.942,68.186],[15.98,68.25],[16.038,68.243],[16.042,68.162],[16.104,68.16],[16.084,68.057],[16.042,68.03],[16.193,67.982],[16.237,67.884],[16.485,67.798],[16.515,67.804],[16.453,67.851],[16.269,67.889],[16.275,67.975],[16.207,68.003],[16.274,68.006],[16.467,67.9],[16.467,67.94],[16.334,68.002],[16.452,67.963],[16.542,67.961],[16.463,67.978],[16.501,68.016],[16.365,68.03],[16.389,68.059],[16.464,68.094],[16.689,68.071],[16.501,68.119],[16.289,68.091],[16.241,68.132],[16.473,68.153],[16.413,68.187],[16.59,68.167],[16.453,68.228],[16.172,68.204],[16.356,68.239],[16.103,68.283],[16.172,68.318],[16.282,68.307],[16.803,68.132],[16.612,68.219],[16.567,68.276],[16.22,68.351],[16.695,68.405],[16.87,68.373],[16.824,68.324],[17.127,68.373],[17.224,68.284],[17.331,68.256],[17.334,68.167],[17.352,68.226],[17.42,68.236],[17.223,68.34],[17.206,68.373],[17.248,68.406],[17.577,68.359],[17.365,68.413],[17.872,68.393],[17.468,68.448],[17.547,68.53],[17.047,68.434],[17.002,68.448],[17.092,68.481],[16.988,68.51],[16.849,68.449],[16.535,68.438],[16.465,68.51],[16.621,68.534],[16.563,68.592],[16.597,68.63],[16.961,68.705],[17.149,68.632],[17.187,68.639],[17.101,68.691],[17.25,68.724],[17.46,68.667],[17.679,68.66],[17.234,68.756],[17.461,68.815],[17.783,68.749],[17.739,68.791],[17.468,68.831],[17.707,68.893],[17.851,68.873],[17.826,68.894],[17.721,68.934],[17.426,68.899],[17.534,68.961],[17.488,68.996],[17.679,69.092],[17.632,69.106],[17.659,69.117],[18.152,69.154],[18.071,69.178],[18.105,69.229],[17.989,69.235],[18.016,69.304],[18.139,69.353],[18.18,69.408],[18.158,69.46],[18.301,69.487],[18.382,69.431],[18.365,69.392],[18.487,69.382],[18.502,69.235],[18.565,69.365],[18.602,69.3],[18.692,69.263],[18.674,69.304],[18.735,69.324],[19.013,69.287],[18.455,69.454],[18.474,69.516],[18.853,69.552],[18.844,69.503],[19.014,69.397],[19.379,69.322],[19.178,69.253],[19.251,69.274],[19.301,69.224],[19.477,69.221],[19.509,69.229],[19.449,69.26],[19.43,69.342],[19.325,69.384],[19.119,69.386],[18.993,69.483],[19.177,69.551],[19.263,69.523],[19.229,69.568],[19.016,69.534],[18.958,69.561],[18.944,69.615],[19.085,69.693],[19.098,69.736],[19.249,69.777],[19.784,69.804],[19.674,69.682],[19.727,69.642],[19.63,69.52],[19.65,69.46],[19.53,69.4],[19.688,69.445],[19.743,69.613],[20.06,69.579],[20.113,69.585],[19.858,69.627],[19.824,69.712],[20.006,69.843],[19.969,69.763],[20.007,69.769],[20.168,69.942],[20.207,69.859],[20.208,69.932],[20.293,69.971],[20.425,69.877],[20.319,69.682],[20.383,69.599],[20.274,69.561],[20.304,69.544],[20.278,69.485],[20.216,69.469],[20.169,69.394],[20.0,69.348],[19.917,69.269],[20.277,69.392],[20.482,69.578],[20.853,69.496],[20.492,69.627],[20.542,69.705],[20.482,69.763],[20.785,69.802],[20.825,69.842],[20.792,69.88],[21.093,69.948],[20.894,69.853],[21.021,69.788],[21.051,69.798],[20.996,69.825],[21.17,69.876],[21.127,69.811],[21.179,69.819],[21.223,69.845],[21.209,69.907],[21.326,69.907],[21.209,69.935],[21.29,70.021],[21.558,69.989],[21.609,69.912],[22.052,69.75],[22.0,69.74],[22.098,69.75],[21.916,69.839],[22.018,69.845],[21.93,69.879],[21.914,69.945],[21.929,69.983],[22.024,69.986],[22.052,69.938],[22.052,70.017],[22.114,70.03],[21.798,70.037],[22.005,70.061],[22.099,70.12],[21.719,70.061],[21.482,70.099],[21.437,70.15],[21.497,70.175],[21.312,70.168],[21.209,70.208],[21.439,70.269],[21.49,70.208],[21.553,70.321],[21.874,70.147],[21.86,70.202],[21.895,70.208],[21.806,70.257],[21.987,70.323],[22.032,70.318],[21.984,70.284],[22.105,70.304],[22.117,70.233],[22.153,70.247],[22.141,70.284],[22.306,70.287],[22.258,70.23],[22.292,70.168],[22.237,70.14],[22.275,70.135],[22.559,70.127],[22.326,70.168],[22.401,70.258],[22.967,70.207],[22.837,70.12],[22.435,70.089],[22.285,70.044],[22.867,70.106],[23.019,70.147],[23.02,70.038],[23.128,70.034],[23.149,69.976],[23.094,69.955],[23.314,69.997],[23.33,69.948],[23.539,70.024],[23.297,70.04],[23.176,70.092],[23.379,70.123],[23.402,70.14],[23.299,70.168],[23.422,70.195],[23.244,70.216],[23.532,70.244],[23.313,70.257],[23.614,70.305],[23.464,70.318],[23.513,70.366],[23.918,70.509],[24.35,70.456],[24.231,70.524],[24.103,70.541],[24.264,70.606],[24.352,70.691],[24.723,70.621],[24.725,70.665],[24.656,70.709],[24.245,70.784],[24.269,70.838],[24.396,70.867],[24.635,70.78],[24.613,70.859],[24.725,70.873],[24.574,70.935],[24.666,70.978],[24.86,70.928],[24.82,70.908],[24.985,70.914],[24.971,70.963],[25.033,70.971],[25.053,70.928],[24.916,70.873],[25.067,70.853],[25.154,70.92],[25.242,70.862],[25.246,70.791],[25.342,70.812],[25.392,70.884],[25.342,70.953],[25.365,70.976],[25.536,70.923],[25.423,70.86],[25.442,70.841],[25.663,70.895],[25.756,70.86],[25.882,70.896],[25.926,70.864],[25.074,70.503],[25.246,70.528],[25.287,70.511],[25.06,70.49],[25.287,70.456],[25.252,70.448],[25.257,70.386],[25.081,70.359],[25.201,70.307],[24.98,70.229],[24.943,70.102],[25.004,70.064],[25.037,70.064],[25.012,70.134],[25.095,70.154],[25.074,70.127],[25.136,70.127],[25.081,70.106],[25.114,70.082],[25.253,70.101],[25.324,70.182],[25.54,70.298],[25.441,70.342],[25.991,70.607],[26.071,70.712],[26.614,70.949],[26.725,70.928],[26.73,70.888],[26.664,70.849],[26.746,70.832],[26.691,70.736],[26.342,70.648],[26.657,70.641],[26.561,70.518],[26.581,70.477],[26.521,70.448],[26.506,70.363],[26.65,70.38],[26.634,70.413],[26.753,70.427],[26.812,70.48],[27.102,70.47],[26.976,70.527],[27.007,70.559],[26.973,70.565],[27.081,70.613],[27.267,70.585],[27.1,70.641],[27.157,70.681],[27.081,70.703],[27.111,70.729],[27.329,70.743],[27.28,70.775],[27.324,70.824],[27.63,70.805],[27.48,70.825],[27.534,70.846],[27.391,70.876],[27.41,70.914],[27.191,70.895],[27.123,70.922],[27.134,70.95],[27.349,70.942],[27.232,70.997],[27.253,71.026],[27.476,71.007],[27.554,70.955],[27.583,71.017],[27.533,71.029],[27.525,71.074],[27.642,71.095],[27.65,71.127],[27.716,71.104],[27.722,71.06],[27.877,71.038],[28.043,71.071],[28.081,71.041],[28.191,71.086],[28.261,71.056],[28.199,71.017],[28.24,71.011],[28.205,70.983],[28.491,71.0],[28.549,70.973],[28.483,70.889],[28.369,70.887],[28.445,70.866],[28.343,70.846],[28.363,70.825],[28.225,70.832],[28.301,70.812],[28.266,70.795],[27.76,70.791],[27.828,70.771],[27.774,70.744],[27.9,70.768],[28.131,70.736],[27.65,70.606],[28.301,70.703],[28.233,70.615],[27.849,70.483],[27.884,70.428],[27.945,70.489],[28.185,70.503],[28.041,70.445],[28.131,70.47],[28.127,70.442],[28.335,70.518],[28.161,70.383],[28.167,70.135],[28.014,70.071],[28.184,70.116],[28.225,70.174],[28.191,70.284],[28.233,70.399],[28.39,70.493],[28.507,70.449],[28.5,70.483],[28.555,70.511],[28.402,70.559],[28.517,70.678],[28.62,70.678],[28.526,70.722],[28.555,70.75],[28.795,70.873],[29.083,70.881],[29.062,70.86],[29.221,70.855],[29.405,70.784],[29.295,70.744],[29.418,70.736],[29.322,70.723],[29.364,70.709],[29.281,70.681],[29.306,70.653],[29.7,70.744],[29.779,70.727],[29.782,70.689],[29.679,70.62],[29.823,70.634],[29.994,70.713],[30.105,70.711],[30.207,70.681],[30.097,70.648],[30.347,70.596],[30.125,70.552],[30.165,70.531],[30.001,70.538],[30.163,70.525],[30.456,70.561],[30.582,70.542],[30.562,70.518],[30.787,70.421],[30.947,70.45],[31.063,70.367],[31.022,70.325],[31.077,70.284],[30.549,70.249],[30.375,70.186],[30.355,70.13],[30.119,70.085],[30.159,70.071],[29.22,70.12],[28.654,70.182],[28.617,70.177],[28.597,70.161],[28.754,70.168],[28.629,70.107],[28.85,70.099],[28.733,70.086],[29.686,69.97],[29.364,69.86],[29.535,69.914],[29.741,69.907],[29.775,69.839],[29.508,69.709],[29.543,69.708],[29.487,69.661],[29.68,69.735],[30.03,69.776],[30.063,69.77],[29.937,69.706],[29.939,69.688],[30.071,69.74],[30.186,69.688],[30.111,69.756],[30.207,69.77],[30.159,69.811],[30.165,69.88],[30.289,69.887],[30.324,69.867],[30.269,69.845],[30.403,69.831],[30.41,69.702],[30.337,69.674],[30.444,69.678],[30.451,69.81],[30.483,69.818],[30.699,69.809],[30.717,69.77],[30.841,69.806],[30.928,69.672],[30.898,69.544],[30.755,69.521],[30.512,69.536],[30.231,69.637],[30.119,69.635],[30.209,69.609],[30.232,69.558],[30.123,69.442],[29.948,69.366],[29.377,69.302],[29.221,69.098],[29.065,69.035],[28.954,69.027],[28.827,69.107],[28.865,69.217],[29.345,69.464],[29.147,69.664],[28.405,69.802],[28.381,69.856],[28.167,69.894],[27.867,70.075],[27.613,70.062],[27.335,69.969],[27.352,69.949],[27.312,69.929],[27.1,69.902],[26.865,69.938],[26.534,69.925],[26.198,69.715],[26.005,69.689],[25.962,69.653],[26.004,69.587],[25.887,69.521],[25.887,69.455],[25.841,69.418],[25.877,69.371],[25.787,69.313],[25.737,69.218],[25.771,69.135],[25.75,69.059],[25.796,68.993],[25.628,68.874],[25.434,68.884],[25.201,68.813],[25.15,68.765],[25.132,68.648],[24.952,68.605],[24.905,68.557],[24.663,68.666],[23.929,68.816],[23.787,68.8],[23.735,68.715],[23.198,68.618],[23.071,68.681],[22.409,68.713],[22.371,68.823],[21.639,69.271],[21.314,69.291],[21.098,69.239],[21.034,69.181],[21.156,69.088],[21.072,69.037],[20.744,69.104],[20.623,69.036]]],[[[14.844,68.227],[14.796,68.246],[14.94,68.302],[14.953,68.277],[14.844,68.227]]],[[[14.241,68.314],[14.268,68.283],[14.201,68.249],[14.04,68.313],[14.241,68.314]]],[[[14.087,68.283],[14.159,68.255],[14.034,68.181],[13.774,68.16],[13.842,68.132],[13.826,68.107],[13.723,68.123],[13.719,68.078],[13.644,68.071],[13.559,68.12],[13.527,68.043],[13.457,68.071],[13.589,68.16],[13.479,68.132],[13.513,68.16],[13.479,68.167],[13.528,68.173],[13.479,68.187],[13.616,68.227],[13.5,68.242],[13.637,68.294],[13.801,68.269],[13.919,68.341],[13.983,68.337],[13.994,68.258],[14.087,68.283]]],[[[14.717,68.491],[14.604,68.559],[14.669,68.587],[15.0,68.555],[14.892,68.495],[14.717,68.491]]],[[[5.186,59.415],[5.318,59.257],[5.297,59.169],[5.209,59.143],[5.166,59.196],[5.165,59.273],[5.228,59.286],[5.174,59.334],[5.209,59.375],[5.186,59.415]]],[[[5.154,59.875],[5.345,59.71],[5.291,59.684],[5.289,59.75],[5.194,59.745],[5.154,59.67],[5.209,59.683],[5.202,59.615],[5.153,59.592],[5.117,59.686],[5.188,59.759],[5.071,59.783],[5.146,59.827],[5.105,59.868],[5.154,59.875]]],[[[5.491,59.852],[5.482,59.788],[5.422,59.759],[5.363,59.764],[5.407,59.779],[5.314,59.789],[5.25,59.909],[5.326,59.977],[5.421,59.938],[5.491,59.852]]],[[[5.647,60.08],[5.66,60.017],[5.605,59.962],[5.64,59.916],[5.508,59.899],[5.477,59.963],[5.362,59.995],[5.449,60.005],[5.462,60.053],[5.647,60.08]]],[[[5.103,60.191],[4.948,60.259],[4.941,60.291],[5.023,60.286],[5.037,60.313],[4.971,60.333],[4.949,60.439],[5.094,60.32],[5.05,60.286],[5.104,60.242],[5.103,60.191]]],[[[4.961,60.56],[5.15,60.501],[5.204,60.432],[5.125,60.402],[5.133,60.444],[4.991,60.506],[4.961,60.56]]],[[[5.688,60.677],[5.681,60.482],[5.609,60.444],[5.502,60.437],[5.324,60.547],[5.57,60.625],[5.608,60.688],[5.688,60.677]]],[[[4.987,61.12],[4.894,61.056],[4.858,61.101],[4.803,61.047],[4.79,61.146],[4.831,61.163],[4.863,61.122],[4.862,61.203],[4.895,61.137],[4.944,61.19],[4.987,61.12]]],[[[4.803,61.842],[4.953,61.897],[5.223,61.848],[5.118,61.821],[5.126,61.856],[4.916,61.781],[4.871,61.813],[4.927,61.828],[4.803,61.842]]],[[[5.781,62.281],[5.791,62.215],[5.701,62.191],[5.502,62.226],[5.606,62.226],[5.518,62.243],[5.563,62.291],[5.781,62.281]]],[[[5.944,62.428],[6.079,62.342],[5.811,62.246],[5.852,62.28],[5.804,62.362],[5.837,62.403],[5.944,62.428]]],[[[6.023,62.437],[6.333,62.411],[6.165,62.397],[6.023,62.437]]],[[[6.879,62.743],[6.914,62.698],[6.647,62.678],[6.703,62.736],[6.879,62.743]]],[[[6.79,62.858],[6.924,62.857],[6.942,62.826],[6.88,62.808],[6.887,62.775],[6.77,62.817],[6.804,62.822],[6.79,62.858]]],[[[7.726,63.094],[7.915,63.082],[7.788,63.021],[7.681,63.055],[7.726,63.094]]],[[[7.648,63.11],[7.706,63.007],[7.527,62.946],[7.367,62.997],[7.436,63.02],[7.401,63.061],[7.49,63.068],[7.565,63.02],[7.606,63.078],[7.585,63.117],[7.648,63.11]]],[[[8.133,63.229],[8.188,63.157],[8.02,63.138],[7.928,63.178],[8.133,63.229]]],[[[8.429,63.288],[8.566,63.178],[8.423,63.161],[8.264,63.233],[8.288,63.277],[8.396,63.227],[8.429,63.288]]],[[[7.933,63.346],[7.997,63.342],[7.806,63.371],[7.778,63.411],[8.071,63.473],[8.182,63.39],[8.087,63.329],[7.977,63.315],[7.933,63.346]]],[[[9.176,63.568],[8.477,63.431],[8.278,63.467],[8.413,63.558],[8.723,63.568],[8.545,63.602],[8.788,63.64],[8.846,63.616],[8.965,63.656],[8.988,63.593],[9.08,63.606],[9.176,63.568]]],[[[8.743,63.688],[8.272,63.685],[8.743,63.774],[8.675,63.768],[8.737,63.809],[8.805,63.815],[8.826,63.734],[8.743,63.688]]],[[[11.312,64.54],[11.451,64.515],[11.417,64.473],[11.18,64.507],[11.129,64.556],[11.225,64.57],[11.192,64.596],[11.037,64.614],[11.086,64.652],[11.269,64.592],[11.312,64.54]]],[[[11.081,64.898],[11.006,64.899],[10.827,64.85],[11.101,64.953],[11.266,64.894],[11.081,64.836],[11.046,64.858],[11.081,64.898]]],[[[11.115,64.973],[10.711,64.864],[10.784,64.924],[11.033,64.988],[11.115,64.973]]],[[[12.249,65.119],[12.309,65.111],[12.157,65.055],[11.979,65.083],[12.122,65.131],[12.095,65.178],[12.167,65.211],[12.272,65.165],[12.249,65.119]]],[[[12.397,65.508],[12.507,65.398],[12.211,65.325],[12.248,65.28],[12.053,65.22],[12.122,65.357],[12.211,65.378],[12.161,65.396],[12.328,65.467],[12.314,65.495],[12.197,65.474],[12.259,65.575],[12.397,65.508]]],[[[12.0,65.678],[11.917,65.59],[11.759,65.618],[11.824,65.693],[12.0,65.678]]],[[[12.636,65.976],[12.904,66.015],[12.466,65.873],[12.431,65.871],[12.479,65.898],[12.369,65.892],[12.491,65.991],[12.627,66.023],[12.609,65.98],[12.636,65.976]]],[[[12.657,66.104],[12.294,66.015],[12.43,66.087],[12.342,66.083],[12.574,66.159],[12.431,66.166],[12.562,66.221],[12.612,66.157],[12.547,66.131],[12.657,66.104]]],[[[14.259,67.138],[14.192,67.084],[14.192,67.004],[14.1,67.062],[13.993,67.078],[14.057,67.133],[14.172,67.111],[14.247,67.174],[14.259,67.138]]],[[[13.055,68.105],[13.157,68.085],[13.05,68.025],[13.111,68.028],[13.124,67.944],[12.977,67.969],[12.96,67.941],[13.047,67.915],[13.014,67.879],[12.787,67.81],[12.979,68.037],[13.062,68.071],[13.055,68.105]]],[[[13.296,68.152],[13.438,68.126],[13.366,68.013],[13.322,68.03],[13.239,67.986],[13.216,68.037],[13.173,68.009],[13.168,68.05],[13.239,68.092],[13.328,68.063],[13.296,68.152]]],[[[14.945,68.351],[14.979,68.338],[14.736,68.255],[14.775,68.318],[14.719,68.338],[14.615,68.225],[14.198,68.153],[14.198,68.201],[14.356,68.242],[14.253,68.25],[14.328,68.263],[14.303,68.312],[14.425,68.283],[14.443,68.318],[14.496,68.306],[14.384,68.373],[14.59,68.365],[14.542,68.406],[14.653,68.429],[14.708,68.378],[14.714,68.423],[14.761,68.434],[14.822,68.41],[14.754,68.359],[14.784,68.354],[14.88,68.386],[14.897,68.434],[15.172,68.454],[15.034,68.363],[14.945,68.351]]],[[[16.359,68.535],[16.467,68.469],[16.372,68.448],[16.399,68.413],[16.095,68.398],[16.172,68.428],[16.118,68.434],[16.222,68.524],[16.359,68.535]]],[[[17.001,68.859],[17.146,68.77],[16.817,68.736],[17.001,68.859]]],[[[17.205,68.913],[17.32,68.918],[17.44,68.866],[17.224,68.793],[17.084,68.914],[17.282,68.858],[17.205,68.913]]],[[[16.577,68.708],[16.491,68.606],[16.498,68.554],[16.106,68.539],[15.904,68.37],[15.876,68.369],[15.871,68.495],[15.849,68.435],[15.774,68.431],[15.816,68.393],[15.748,68.425],[15.624,68.3],[15.323,68.351],[15.611,68.475],[15.554,68.511],[15.554,68.475],[15.439,68.418],[15.212,68.366],[15.185,68.351],[15.233,68.338],[15.086,68.271],[14.987,68.269],[15.193,68.435],[15.357,68.461],[15.241,68.475],[15.337,68.489],[15.179,68.523],[15.217,68.557],[15.395,68.585],[15.452,68.557],[15.392,68.605],[15.452,68.598],[15.439,68.62],[15.631,68.612],[15.498,68.642],[15.439,68.708],[15.605,68.736],[15.714,68.701],[15.64,68.743],[15.456,68.769],[15.452,68.811],[15.638,68.825],[15.549,68.852],[15.624,68.886],[15.596,68.907],[15.645,68.955],[15.907,68.959],[15.924,68.886],[15.871,68.79],[15.761,68.736],[15.956,68.792],[15.99,68.763],[15.933,68.684],[15.774,68.633],[15.778,68.562],[15.74,68.53],[15.803,68.551],[15.859,68.634],[16.005,68.678],[16.083,68.639],[16.033,68.711],[16.213,68.736],[16.097,68.831],[16.284,68.84],[16.255,68.903],[16.456,68.815],[16.556,68.825],[16.494,68.79],[16.547,68.783],[16.529,68.722],[16.577,68.708]]],[[[16.585,68.962],[16.587,68.897],[16.476,68.886],[16.262,68.968],[16.306,68.995],[16.585,68.962]]],[[[14.388,68.664],[14.381,68.698],[14.542,68.736],[14.438,68.756],[14.524,68.807],[14.572,68.746],[14.624,68.736],[14.59,68.749],[14.644,68.79],[14.608,68.807],[14.628,68.83],[14.686,68.825],[14.687,68.757],[14.844,68.796],[14.907,68.76],[14.953,68.818],[14.904,68.845],[14.953,68.866],[15.006,68.794],[15.05,68.853],[15.159,68.818],[15.009,68.963],[15.084,69.011],[15.138,69.013],[15.151,68.962],[15.241,68.914],[15.185,68.886],[15.295,68.907],[15.241,68.825],[15.384,68.852],[15.351,68.803],[15.275,68.797],[15.303,68.777],[15.275,68.763],[15.394,68.731],[15.375,68.67],[15.063,68.579],[14.806,68.616],[15.165,68.701],[15.151,68.756],[15.026,68.771],[14.994,68.763],[15.069,68.749],[15.02,68.712],[14.959,68.729],[14.828,68.673],[14.815,68.715],[14.75,68.667],[14.679,68.708],[14.623,68.629],[14.521,68.609],[14.435,68.612],[14.432,68.667],[14.388,68.664]]],[[[15.57,68.962],[15.431,68.884],[15.425,68.962],[15.57,69.106],[15.791,69.161],[15.865,69.249],[15.975,69.287],[16.102,69.315],[16.15,69.291],[16.076,69.154],[15.848,69.029],[15.632,68.987],[15.529,69.009],[15.57,68.962]]],[[[18.079,69.425],[18.085,69.353],[17.923,69.332],[17.967,69.263],[17.879,69.249],[17.988,69.187],[17.488,69.154],[17.53,69.201],[17.472,69.2],[17.188,69.083],[17.159,69.05],[17.214,69.044],[17.129,69.012],[17.042,69.017],[17.138,69.072],[17.11,69.085],[16.823,69.054],[16.773,69.088],[17.056,69.133],[17.172,69.201],[16.899,69.195],[16.919,69.215],[16.879,69.222],[17.087,69.229],[17.146,69.256],[16.906,69.298],[17.132,69.311],[17.042,69.345],[17.111,69.353],[17.085,69.362],[16.879,69.359],[16.927,69.394],[17.399,69.366],[17.282,69.414],[17.496,69.428],[17.243,69.455],[17.187,69.503],[17.316,69.462],[17.392,69.482],[17.303,69.523],[17.343,69.538],[17.645,69.462],[17.475,69.553],[17.468,69.6],[17.658,69.508],[17.694,69.52],[17.659,69.6],[17.753,69.541],[17.859,69.587],[17.893,69.537],[17.831,69.448],[17.944,69.523],[18.051,69.496],[17.941,69.428],[18.079,69.425]]],[[[19.02,69.814],[19.057,69.763],[18.794,69.676],[18.769,69.647],[18.836,69.604],[18.769,69.572],[18.194,69.531],[17.995,69.592],[18.029,69.633],[18.237,69.629],[18.29,69.592],[18.4,69.641],[18.291,69.639],[18.187,69.709],[18.214,69.714],[18.633,69.702],[18.352,69.73],[18.327,69.765],[18.382,69.798],[18.502,69.75],[18.557,69.796],[18.653,69.804],[18.663,69.713],[18.762,69.688],[18.737,69.706],[18.79,69.784],[18.674,69.847],[18.679,69.886],[18.822,69.886],[18.858,69.866],[18.838,69.845],[19.02,69.814]]],[[[21.696,69.928],[21.702,69.955],[21.736,69.948],[21.696,69.928]]],[[[19.9,70.017],[19.976,70.024],[19.996,70.017],[19.9,70.017]]],[[[21.099,70.01],[20.892,69.938],[20.805,69.948],[20.761,70.0],[20.824,70.043],[20.959,70.003],[21.099,70.01]]],[[[21.047,70.039],[21.02,70.028],[20.955,70.024],[21.021,70.064],[21.047,70.039]]],[[[19.635,70.021],[19.683,69.986],[19.54,69.952],[19.375,69.823],[19.122,69.788],[18.729,69.948],[18.884,69.945],[18.934,69.97],[18.845,69.982],[18.845,70.015],[19.074,70.016],[19.119,70.03],[19.064,70.079],[19.208,70.099],[19.235,70.065],[19.325,70.079],[19.292,70.031],[19.393,69.992],[19.536,70.057],[19.575,70.048],[19.582,69.993],[19.635,70.021]]],[[[20.795,70.077],[20.603,70.044],[20.592,70.106],[20.507,70.058],[20.39,70.103],[20.438,70.187],[20.561,70.233],[20.734,70.237],[20.824,70.21],[20.771,70.116],[20.795,70.077]]],[[[19.958,70.155],[20.154,70.113],[19.978,70.06],[19.776,70.067],[19.692,70.189],[19.537,70.25],[19.678,70.29],[19.816,70.17],[19.891,70.214],[19.958,70.155]]],[[[22.943,70.3],[23.016,70.254],[22.445,70.291],[22.374,70.332],[22.421,70.362],[22.505,70.325],[22.474,70.38],[22.6,70.367],[22.675,70.399],[22.714,70.337],[22.756,70.395],[22.828,70.334],[22.956,70.325],[22.943,70.3]]],[[[23.58,70.531],[23.662,70.47],[23.593,70.415],[23.216,70.283],[23.082,70.302],[23.135,70.415],[23.039,70.341],[22.854,70.408],[22.94,70.407],[22.964,70.421],[22.897,70.451],[23.019,70.497],[23.223,70.518],[23.176,70.548],[23.262,70.536],[23.279,70.477],[23.308,70.55],[23.539,70.545],[23.391,70.618],[23.573,70.613],[23.58,70.531]]],[[[23.978,70.707],[24.128,70.62],[23.929,70.523],[23.804,70.513],[23.642,70.6],[23.69,70.668],[23.636,70.692],[23.709,70.749],[23.816,70.751],[23.832,70.703],[23.978,70.707]]],[[[22.566,70.503],[22.309,70.503],[22.286,70.542],[22.243,70.49],[22.154,70.472],[22.186,70.535],[22.264,70.572],[22.237,70.579],[22.333,70.613],[22.041,70.594],[22.011,70.6],[22.072,70.634],[21.95,70.648],[22.222,70.632],[22.266,70.675],[22.415,70.626],[22.385,70.709],[22.493,70.676],[22.541,70.717],[22.652,70.688],[22.595,70.653],[22.689,70.661],[22.725,70.604],[22.748,70.647],[22.826,70.648],[22.723,70.748],[22.806,70.764],[22.924,70.725],[22.895,70.695],[22.969,70.661],[23.025,70.723],[23.182,70.736],[23.03,70.791],[23.101,70.799],[23.066,70.812],[23.329,70.779],[23.313,70.862],[23.343,70.866],[23.484,70.799],[23.388,70.784],[23.457,70.771],[23.333,70.75],[23.272,70.681],[23.159,70.694],[23.135,70.668],[23.182,70.654],[23.152,70.632],[23.059,70.626],[23.114,70.613],[23.089,70.586],[22.881,70.579],[22.936,70.559],[22.789,70.524],[22.644,70.564],[22.566,70.503]]],[[[24.073,70.963],[24.245,70.956],[24.043,70.914],[23.909,70.956],[24.039,70.976],[23.886,70.996],[24.087,71.024],[24.225,70.997],[24.073,70.963]]],[[[26.185,71.05],[26.207,71.013],[26.073,70.975],[25.731,70.975],[25.753,70.942],[25.553,70.928],[25.416,70.983],[25.561,71.017],[25.292,71.028],[25.348,71.066],[25.314,71.072],[25.459,71.072],[25.472,71.103],[25.719,71.052],[25.553,71.141],[25.667,71.165],[25.807,71.154],[25.806,71.096],[26.03,71.117],[25.991,71.067],[25.89,71.052],[25.964,71.038],[25.93,71.011],[25.956,71.002],[26.185,71.05]]],[[[12.882,66.277],[12.825,66.216],[12.7,66.243],[12.794,66.311],[12.882,66.277]]],[[[12.961,66.459],[12.938,66.394],[12.886,66.402],[12.899,66.355],[12.801,66.385],[12.85,66.41],[12.817,66.443],[12.961,66.459]]],[[[15.304,67.945],[15.254,67.917],[15.163,67.911],[14.961,67.942],[15.106,68.001],[15.14,67.958],[15.304,67.945]]],[[[15.933,68.004],[15.841,67.984],[15.482,68.003],[15.86,68.027],[15.933,68.004]]],[[[15.16,67.993],[15.23,68.037],[15.287,67.977],[15.185,67.967],[15.16,67.993]]],[[[14.988,68.885],[14.901,68.872],[14.84,68.892],[14.9,68.931],[14.983,68.918],[14.988,68.885]]],[[[20.722,69.904],[20.707,69.817],[20.606,69.794],[20.527,69.821],[20.577,69.901],[20.722,69.904]]],[[[30.1,69.834],[29.905,69.777],[29.847,69.797],[29.796,69.756],[29.713,69.763],[29.83,69.839],[29.808,69.866],[29.842,69.909],[29.971,69.902],[30.021,69.832],[30.1,69.834]]],[[[19.547,69.925],[19.856,69.973],[19.721,69.865],[19.434,69.841],[19.547,69.925]]],[[[18.66,70.034],[18.721,70.116],[18.806,70.059],[18.89,70.106],[18.976,70.074],[18.702,69.985],[18.66,70.034]]],[[[20.915,70.108],[20.808,70.081],[20.807,70.141],[20.915,70.108]]],[[[19.573,70.112],[19.359,70.113],[19.335,70.128],[19.408,70.162],[19.573,70.112]]],[[[19.249,70.194],[19.174,70.115],[18.996,70.152],[19.099,70.158],[19.138,70.202],[19.091,70.238],[19.168,70.255],[19.249,70.194]]],[[[21.793,70.358],[21.749,70.274],[21.677,70.285],[21.704,70.386],[21.793,70.358]]],[[[-7.938,71.157],[-8.009,71.105],[-8.006,71.033],[-8.62,70.958],[-8.987,70.811],[-9.08,70.812],[-9.117,70.875],[-8.517,71.014],[-8.326,71.148],[-8.123,71.178],[-7.938,71.157]]],[[[19.115,74.527],[19.297,74.481],[19.235,74.399],[19.074,74.347],[18.79,74.478],[19.115,74.527]]],[[[25.505,76.714],[25.581,76.698],[25.047,76.498],[25.018,76.44],[24.943,76.445],[25.095,76.544],[25.505,76.714]]],[[[24.425,77.826],[23.995,77.605],[23.893,77.508],[23.354,77.377],[23.235,77.264],[22.704,77.237],[22.402,77.284],[22.505,77.336],[22.422,77.431],[22.778,77.555],[22.579,77.513],[22.554,77.519],[22.606,77.548],[22.447,77.578],[22.192,77.504],[21.093,77.439],[20.865,77.456],[20.93,77.502],[20.832,77.541],[21.216,77.61],[21.261,77.733],[21.558,77.857],[21.556,77.907],[21.662,77.918],[20.877,78.099],[21.697,78.211],[22.396,78.2],[22.966,78.256],[23.133,78.232],[23.47,78.151],[23.35,78.105],[23.105,78.088],[23.055,78.037],[23.12,77.986],[23.369,77.956],[23.628,77.87],[23.942,77.852],[24.305,77.912],[24.425,77.826]]],[[[20.798,78.227],[20.647,78.194],[20.792,78.274],[20.469,78.315],[20.675,78.347],[20.661,78.391],[20.154,78.475],[21.02,78.545],[21.178,78.623],[21.423,78.614],[21.499,78.568],[21.793,78.599],[21.939,78.561],[22.065,78.597],[22.235,78.488],[22.196,78.439],[22.244,78.367],[22.237,78.282],[22.271,78.268],[21.061,78.2],[20.798,78.227]]],[[[27.021,78.699],[26.952,78.658],[26.738,78.626],[26.687,78.67],[26.466,78.709],[26.396,78.775],[26.615,78.809],[26.774,78.727],[27.021,78.699]]],[[[12.148,78.227],[12.12,78.199],[11.892,78.234],[11.814,78.274],[11.848,78.308],[11.344,78.449],[11.122,78.439],[10.916,78.61],[10.787,78.665],[10.807,78.686],[10.549,78.771],[10.525,78.788],[10.567,78.843],[10.484,78.891],[10.844,78.879],[11.0,78.834],[10.991,78.796],[11.184,78.734],[11.06,78.693],[11.273,78.61],[11.256,78.586],[11.298,78.564],[11.259,78.528],[11.447,78.548],[11.569,78.484],[11.872,78.448],[11.889,78.395],[12.101,78.295],[12.148,78.227]]],[[[29.065,78.904],[29.707,78.898],[29.335,78.85],[28.87,78.912],[28.103,78.822],[27.842,78.843],[28.151,78.919],[28.364,78.921],[28.419,78.967],[28.789,78.964],[29.065,78.904]]],[[[30.07,79.008],[30.337,78.994],[30.184,78.967],[30.07,79.008]]],[[[20.099,79.124],[20.468,79.126],[20.832,79.055],[20.358,78.995],[20.044,79.041],[20.135,79.061],[20.11,79.088],[20.14,79.118],[20.099,79.124]]],[[[19.626,79.392],[20.173,79.343],[19.702,79.337],[19.626,79.392]]],[[[10.711,79.721],[11.074,79.666],[10.822,79.651],[10.738,79.686],[10.848,79.693],[10.711,79.721]]],[[[11.012,79.742],[10.646,79.761],[10.869,79.779],[11.012,79.742]]],[[[20.605,78.634],[19.763,78.624],[19.583,78.581],[19.681,78.515],[18.962,78.452],[19.066,78.378],[18.954,78.282],[19.085,78.23],[18.921,78.179],[19.098,78.103],[18.811,78.028],[18.583,78.055],[18.406,78.021],[18.502,77.98],[18.33,77.905],[18.436,77.857],[18.455,77.774],[18.283,77.582],[18.3,77.52],[18.194,77.49],[17.747,77.499],[17.705,77.453],[17.625,77.446],[17.652,77.415],[17.488,77.322],[17.5,77.255],[17.424,77.194],[17.447,77.151],[17.372,77.116],[17.337,77.047],[17.097,77.055],[17.324,76.979],[16.919,76.794],[17.136,76.751],[17.192,76.697],[16.992,76.6],[16.81,76.567],[16.431,76.622],[16.344,76.572],[16.296,76.596],[16.337,76.657],[16.284,76.708],[15.501,76.877],[15.774,76.952],[16.188,76.975],[16.241,76.933],[16.33,76.945],[16.329,76.983],[16.529,77.0],[16.258,76.993],[16.091,77.027],[16.029,77.085],[15.858,77.069],[15.912,77.021],[15.887,77.016],[15.346,77.009],[15.153,77.048],[15.139,77.086],[15.049,77.096],[15.076,77.116],[15.04,77.135],[14.448,77.181],[14.311,77.244],[14.322,77.281],[14.158,77.294],[14.164,77.349],[13.974,77.41],[13.959,77.453],[14.055,77.453],[13.918,77.5],[13.911,77.534],[14.44,77.586],[14.596,77.534],[14.548,77.492],[14.711,77.494],[14.774,77.549],[15.042,77.567],[15.853,77.532],[16.221,77.441],[16.193,77.466],[16.31,77.466],[15.846,77.579],[14.884,77.617],[14.74,77.664],[16.333,77.798],[17.125,77.781],[16.882,77.822],[16.789,77.877],[16.899,77.877],[17.008,77.939],[16.761,77.912],[16.683,77.866],[15.785,77.835],[15.555,77.88],[15.09,77.791],[14.569,77.793],[14.521,77.781],[14.631,77.768],[14.458,77.758],[14.176,77.784],[13.957,77.72],[13.737,77.75],[13.719,77.768],[13.822,77.801],[13.651,77.85],[13.671,77.894],[13.631,77.96],[13.671,77.994],[13.589,78.056],[13.958,78.096],[14.33,77.964],[14.346,78.02],[14.233,78.093],[15.035,78.117],[14.994,78.137],[15.417,78.239],[15.694,78.215],[15.73,78.234],[15.59,78.289],[15.795,78.343],[16.937,78.352],[17.296,78.433],[16.851,78.385],[16.33,78.452],[16.719,78.634],[16.827,78.648],[16.789,78.679],[16.629,78.672],[16.554,78.719],[16.366,78.652],[16.318,78.568],[16.042,78.521],[16.002,78.483],[15.439,78.458],[15.193,78.59],[15.465,78.655],[15.499,78.726],[15.425,78.788],[15.487,78.809],[15.382,78.851],[15.199,78.74],[15.261,78.665],[15.058,78.647],[14.983,78.597],[14.801,78.644],[14.85,78.686],[14.815,78.734],[14.446,78.678],[14.542,78.658],[14.542,78.587],[14.59,78.555],[14.384,78.501],[14.641,78.453],[14.734,78.391],[14.286,78.387],[14.246,78.364],[14.322,78.308],[14.076,78.243],[14.04,78.247],[14.097,78.289],[13.966,78.282],[13.945,78.227],[13.746,78.268],[13.856,78.213],[13.01,78.204],[12.911,78.247],[12.952,78.295],[12.857,78.323],[12.904,78.323],[12.886,78.348],[12.658,78.377],[12.363,78.487],[13.198,78.542],[12.43,78.544],[12.347,78.596],[11.904,78.638],[11.843,78.703],[11.643,78.747],[11.781,78.826],[11.937,78.822],[11.902,78.844],[11.564,78.887],[11.334,78.973],[12.507,78.912],[12.424,78.997],[12.065,78.974],[11.979,78.987],[12.109,79.001],[11.684,79.069],[11.883,79.131],[11.849,79.145],[11.951,79.2],[12.136,79.213],[12.06,79.241],[12.115,79.261],[12.115,79.302],[11.835,79.296],[11.917,79.241],[11.853,79.226],[11.691,79.322],[11.595,79.31],[11.553,79.282],[11.723,79.188],[11.228,79.101],[11.141,79.237],[10.841,79.371],[10.916,79.385],[10.855,79.411],[10.916,79.439],[10.9,79.471],[10.677,79.542],[11.184,79.563],[10.855,79.597],[11.014,79.65],[11.458,79.632],[11.214,79.708],[11.239,79.761],[11.19,79.775],[11.227,79.788],[11.524,79.767],[11.56,79.789],[11.526,79.809],[11.822,79.845],[12.067,79.714],[12.047,79.693],[12.143,79.674],[12.171,79.709],[12.297,79.665],[12.35,79.717],[12.204,79.755],[12.163,79.809],[12.391,79.834],[12.534,79.789],[12.493,79.755],[12.537,79.746],[13.06,79.829],[13.797,79.882],[13.95,79.837],[13.973,79.775],[13.738,79.706],[13.014,79.693],[12.451,79.569],[13.452,79.592],[13.493,79.569],[13.267,79.522],[13.26,79.474],[13.457,79.44],[13.487,79.453],[13.438,79.481],[13.617,79.481],[13.918,79.364],[13.899,79.294],[14.042,79.266],[14.158,79.343],[14.014,79.405],[14.048,79.426],[13.883,79.542],[14.075,79.606],[14.281,79.617],[14.144,79.632],[14.308,79.673],[14.246,79.679],[14.549,79.811],[14.858,79.774],[15.295,79.604],[15.295,79.536],[15.37,79.501],[15.497,79.33],[15.773,79.242],[15.789,79.22],[15.658,79.151],[15.682,79.112],[15.882,79.161],[16.119,79.068],[16.152,78.991],[16.435,78.911],[16.491,78.931],[16.193,79.138],[16.151,79.234],[15.959,79.31],[15.853,79.529],[15.918,79.563],[15.833,79.58],[15.645,79.768],[15.672,79.789],[15.652,79.85],[15.716,79.877],[16.138,79.871],[15.956,79.945],[16.056,79.995],[16.022,80.015],[16.295,80.067],[16.556,80.043],[16.712,79.955],[16.706,79.912],[16.82,79.876],[16.886,79.874],[16.913,79.893],[16.87,79.933],[16.965,79.963],[17.27,79.946],[17.563,79.898],[18.098,79.727],[17.749,79.604],[17.736,79.567],[17.591,79.549],[17.749,79.549],[17.783,79.494],[17.776,79.426],[17.632,79.392],[17.653,79.369],[17.881,79.401],[18.003,79.456],[18.106,79.588],[18.347,79.63],[18.727,79.544],[18.776,79.477],[18.882,79.441],[18.859,79.409],[18.913,79.392],[18.838,79.357],[18.879,79.316],[18.592,79.261],[18.845,79.254],[18.948,79.22],[18.915,79.181],[18.945,79.157],[19.198,79.151],[19.323,79.189],[19.786,79.165],[19.838,79.151],[19.796,79.128],[19.829,79.095],[19.934,79.059],[19.906,79.014],[21.545,78.834],[21.508,78.794],[21.552,78.775],[21.36,78.699],[21.383,78.659],[21.099,78.64],[20.691,78.694],[20.605,78.634]]],[[[33.299,80.248],[33.64,80.221],[32.831,80.133],[31.611,80.073],[31.477,80.104],[33.299,80.248]]],[[[18.491,80.239],[18.119,80.29],[18.317,80.364],[18.756,80.303],[18.491,80.239]]],[[[24.128,80.405],[24.243,80.454],[24.382,80.392],[24.128,80.405]]],[[[24.292,80.488],[24.011,80.483],[23.978,80.495],[24.292,80.488]]],[[[27.239,80.097],[27.136,80.043],[27.171,80.029],[27.102,79.974],[27.225,79.925],[27.207,79.874],[26.857,79.831],[26.222,79.67],[25.826,79.626],[25.969,79.515],[25.829,79.442],[25.183,79.336],[24.975,79.334],[24.921,79.378],[24.288,79.31],[24.26,79.241],[24.053,79.189],[22.926,79.223],[22.645,79.31],[22.655,79.364],[22.895,79.42],[20.817,79.378],[20.792,79.392],[20.853,79.405],[20.73,79.459],[20.197,79.469],[19.685,79.554],[19.633,79.611],[20.208,79.645],[20.413,79.592],[21.155,79.569],[20.649,79.627],[20.476,79.686],[21.85,79.707],[21.841,79.734],[21.894,79.752],[22.347,79.789],[22.287,79.806],[21.798,79.768],[21.832,79.783],[21.736,79.783],[21.888,79.824],[20.172,79.785],[19.732,79.726],[18.784,79.723],[18.682,79.788],[18.461,79.789],[18.112,79.906],[18.624,79.957],[18.681,79.981],[18.557,79.981],[18.669,80.01],[18.79,79.974],[18.783,80.009],[18.934,80.056],[18.235,80.049],[18.152,80.084],[18.365,80.084],[17.783,80.138],[18.037,80.193],[18.681,80.162],[18.769,80.187],[18.7,80.207],[19.271,80.085],[19.399,80.138],[19.585,80.152],[19.224,80.198],[18.982,80.344],[19.033,80.358],[19.337,80.327],[19.672,80.217],[19.852,80.221],[19.715,80.248],[19.838,80.29],[19.771,80.323],[19.859,80.344],[19.771,80.351],[19.914,80.385],[19.469,80.409],[19.463,80.453],[19.5,80.472],[19.674,80.44],[19.636,80.481],[19.657,80.505],[20.037,80.468],[20.016,80.446],[20.078,80.433],[20.105,80.378],[20.191,80.421],[20.39,80.423],[20.592,80.303],[20.839,80.31],[20.749,80.269],[20.853,80.214],[21.326,80.262],[21.299,80.241],[21.345,80.214],[21.532,80.274],[21.648,80.238],[21.703,80.241],[21.654,80.254],[21.677,80.275],[21.847,80.272],[21.898,80.213],[21.6,80.125],[21.827,80.152],[22.065,80.111],[22.217,80.043],[22.175,80.022],[22.223,80.009],[22.196,79.988],[22.283,79.983],[22.367,80.009],[22.319,80.036],[22.366,80.045],[22.477,80.015],[22.347,80.07],[22.463,80.07],[22.374,80.111],[22.466,80.222],[22.449,80.262],[22.576,80.299],[22.373,80.341],[22.338,80.384],[22.457,80.441],[22.682,80.427],[22.613,80.358],[22.75,80.33],[22.696,80.358],[22.833,80.413],[22.806,80.482],[22.75,80.505],[22.782,80.517],[23.361,80.433],[23.121,80.392],[23.354,80.338],[23.295,80.328],[23.296,80.281],[23.055,80.248],[23.007,80.162],[23.122,80.118],[23.23,80.125],[23.087,80.172],[23.307,80.193],[23.399,80.143],[23.429,80.159],[23.399,80.204],[23.47,80.213],[23.498,80.193],[23.464,80.172],[23.568,80.133],[23.805,80.185],[23.834,80.2],[23.73,80.235],[23.793,80.248],[23.717,80.262],[23.765,80.309],[24.014,80.271],[23.895,80.31],[24.19,80.275],[24.402,80.323],[24.149,80.351],[24.26,80.376],[24.601,80.317],[24.471,80.295],[24.464,80.269],[24.521,80.256],[24.725,80.294],[24.83,80.356],[24.889,80.323],[24.78,80.248],[25.355,80.282],[25.225,80.254],[25.547,80.241],[25.615,80.2],[25.781,80.213],[25.704,80.172],[26.807,80.174],[27.239,80.097]]],[[[20.134,80.515],[19.852,80.505],[19.959,80.54],[20.134,80.515]]],[[[20.792,80.66],[20.667,80.642],[20.496,80.66],[20.792,80.66]]],[[[21.138,80.656],[21.024,80.694],[21.333,80.707],[21.367,80.68],[21.138,80.656]]],[[[20.822,80.68],[20.518,80.769],[21.003,80.714],[20.822,80.68]]],[[[11.076,59.08],[11.046,59.027],[10.991,59.034],[11.003,59.086],[11.076,59.08]]],[[[10.914,59.112],[10.877,59.071],[10.829,59.099],[10.855,59.115],[10.914,59.112]]],[[[5.298,60.06],[5.254,59.993],[5.172,60.049],[5.204,60.088],[5.224,60.042],[5.247,60.051],[5.218,60.118],[5.298,60.06]]],[[[4.928,60.864],[4.879,60.865],[4.777,60.93],[4.883,60.93],[4.928,60.864]]],[[[4.733,61.035],[4.707,60.989],[4.644,61.058],[4.7,61.082],[4.733,61.035]]],[[[5.134,62.02],[5.149,61.989],[5.095,61.927],[5.021,61.939],[5.054,61.972],[4.984,62.009],[5.134,62.02]]],[[[5.614,62.325],[5.685,62.362],[5.741,62.361],[5.729,62.327],[5.614,62.325]]],[[[5.596,62.354],[5.521,62.335],[5.51,62.364],[5.596,62.354]]],[[[8.318,63.178],[8.21,63.161],[8.165,63.213],[8.235,63.222],[8.318,63.178]]],[[[9.167,63.647],[9.076,63.613],[9.014,63.627],[9.058,63.661],[9.167,63.647]]],[[[9.94,64.022],[9.892,63.997],[9.844,64.033],[9.889,64.049],[9.94,64.022]]],[[[11.473,64.569],[11.433,64.542],[11.344,64.574],[11.366,64.634],[11.473,64.569]]],[[[11.356,64.667],[11.312,64.6],[11.168,64.66],[11.304,64.692],[11.356,64.667]]],[[[11.777,65.118],[11.669,65.045],[11.519,65.055],[11.58,65.11],[11.777,65.118]]],[[[17.558,69.092],[17.419,68.996],[17.344,69.003],[17.42,69.079],[17.558,69.092]]],[[[24.817,71.086],[24.77,71.026],[24.614,71.057],[24.672,71.088],[24.733,71.069],[24.713,71.108],[24.817,71.086]]],[[[5.776,59.113],[5.751,59.072],[5.575,59.124],[5.608,59.134],[5.776,59.113]]],[[[5.466,59.205],[5.443,59.159],[5.375,59.219],[5.414,59.241],[5.466,59.205]]],[[[5.952,59.284],[6.1,59.277],[6.056,59.241],[5.93,59.243],[5.952,59.284]]],[[[4.852,60.621],[4.837,60.587],[4.779,60.599],[4.791,60.666],[4.852,60.621]]],[[[4.832,61.681],[4.88,61.712],[4.903,61.676],[4.903,61.652],[4.832,61.681]]],[[[14.412,67.425],[14.366,67.391],[14.227,67.377],[14.372,67.441],[14.412,67.425]]]]}},{"type":"Feature","properties":{},"geometry":{"type":"MultiPolygon","coordinates":[[[[20.675,69.018],[20.911,68.981],[20.934,68.949],[20.888,68.927],[20.906,68.895],[21.406,68.749],[21.464,68.687],[21.737,68.588],[21.919,68.568],[22.072,68.477],[22.808,68.395],[23.067,68.29],[23.155,68.217],[23.166,68.122],[23.307,68.146],[23.383,68.051],[23.662,67.95],[23.481,67.865],[23.485,67.737],[23.554,67.587],[23.473,67.555],[23.431,67.486],[23.477,67.444],[23.765,67.42],[23.751,67.346],[23.786,67.338],[23.603,67.26],[23.581,67.153],[24.004,66.805],[23.892,66.751],[23.882,66.564],[23.652,66.459],[23.663,66.317],[23.724,66.207],[23.889,66.161],[24.02,66.049],[24.163,65.823],[23.926,65.76],[23.739,65.829],[23.623,65.796],[23.47,65.833],[23.428,65.765],[23.374,65.823],[23.29,65.796],[23.196,65.827],[23.191,65.79],[23.238,65.769],[23.103,65.705],[23.046,65.761],[22.86,65.796],[22.653,65.908],[22.7,65.804],[22.664,65.758],[22.628,65.79],[22.511,65.775],[22.518,65.823],[22.406,65.864],[22.326,65.837],[22.367,65.81],[22.319,65.802],[22.361,65.761],[22.326,65.736],[22.209,65.761],[22.362,65.716],[22.388,65.673],[22.282,65.701],[22.258,65.665],[22.285,65.632],[22.189,65.624],[22.301,65.612],[22.309,65.669],[22.38,65.634],[22.333,65.604],[22.411,65.579],[22.405,65.542],[22.051,65.617],[21.764,65.728],[21.848,65.661],[22.203,65.549],[22.066,65.514],[21.854,65.535],[22.032,65.467],[21.998,65.426],[21.942,65.453],[21.928,65.404],[21.587,65.418],[21.544,65.406],[21.6,65.392],[21.489,65.393],[21.449,65.357],[21.702,65.286],[21.623,65.241],[21.544,65.247],[21.346,65.373],[21.278,65.35],[21.422,65.309],[21.61,65.169],[21.544,65.137],[21.544,65.083],[21.586,65.069],[21.479,65.062],[21.503,65.021],[21.422,65.015],[21.378,64.96],[21.243,64.953],[21.181,64.836],[21.113,64.823],[21.069,64.861],[21.037,64.833],[21.097,64.785],[21.306,64.768],[21.229,64.748],[21.312,64.699],[21.305,64.666],[21.144,64.733],[21.111,64.699],[21.353,64.57],[21.374,64.608],[21.456,64.562],[21.486,64.583],[21.552,64.535],[21.347,64.532],[21.476,64.515],[21.492,64.454],[21.586,64.48],[21.606,64.452],[21.373,64.33],[21.319,64.364],[21.333,64.315],[21.244,64.307],[20.967,64.149],[20.897,63.984],[20.777,63.869],[20.675,63.843],[20.709,63.822],[20.675,63.789],[20.613,63.822],[20.543,63.775],[20.503,63.822],[20.414,63.768],[20.394,63.681],[20.325,63.754],[20.308,63.654],[20.268,63.671],[20.284,63.733],[20.243,63.651],[20.035,63.657],[20.031,63.602],[19.887,63.603],[19.753,63.524],[19.769,63.461],[19.687,63.431],[19.619,63.5],[19.446,63.561],[19.42,63.549],[19.469,63.534],[19.455,63.509],[19.523,63.486],[19.461,63.469],[19.517,63.415],[19.346,63.486],[19.373,63.445],[19.293,63.467],[19.259,63.329],[19.133,63.308],[19.117,63.237],[19.057,63.26],[19.056,63.227],[19.112,63.22],[19.053,63.179],[18.907,63.267],[18.751,63.259],[18.913,63.212],[18.773,63.169],[18.753,63.208],[18.824,63.22],[18.7,63.226],[18.756,63.157],[18.564,63.178],[18.655,63.114],[18.557,63.117],[18.523,63.076],[18.557,63.076],[18.478,63.02],[18.404,63.056],[18.372,63.048],[18.434,63.014],[18.343,63.04],[18.242,63.0],[18.524,62.992],[18.577,62.958],[18.403,62.965],[18.523,62.925],[18.4,62.911],[18.474,62.877],[18.378,62.837],[18.268,62.883],[18.207,62.869],[18.207,62.835],[18.283,62.842],[18.195,62.777],[18.186,62.812],[18.14,62.772],[18.009,62.794],[18.146,62.822],[18.077,62.856],[17.935,62.817],[17.921,62.916],[17.879,62.911],[17.81,62.979],[17.831,63.0],[17.694,62.994],[17.848,62.921],[17.886,62.815],[18.003,62.709],[17.993,62.66],[17.872,62.671],[18.064,62.596],[17.968,62.56],[17.937,62.616],[17.843,62.49],[17.659,62.478],[17.707,62.437],[17.562,62.444],[17.427,62.541],[17.331,62.488],[17.377,62.434],[17.337,62.404],[17.381,62.333],[17.454,62.321],[17.488,62.287],[17.46,62.273],[17.653,62.232],[17.509,62.218],[17.469,62.062],[17.426,62.027],[17.46,62.003],[17.345,61.937],[17.337,61.824],[17.406,61.821],[17.372,61.801],[17.399,61.722],[17.514,61.714],[17.496,61.635],[17.331,61.718],[17.351,61.677],[17.138,61.726],[17.269,61.691],[17.097,61.636],[17.248,61.609],[17.084,61.616],[17.146,61.595],[17.056,61.582],[17.187,61.561],[17.08,61.55],[17.166,61.527],[17.125,61.513],[17.172,61.499],[17.169,61.441],[17.22,61.448],[17.104,61.399],[17.276,61.314],[17.152,61.328],[17.248,61.287],[17.205,61.289],[17.097,61.321],[17.213,61.235],[17.152,61.204],[17.187,61.191],[17.159,61.15],[17.183,61.123],[17.146,61.115],[17.2,61.096],[17.159,61.02],[17.248,61.012],[17.168,60.992],[17.158,60.948],[17.246,60.898],[17.282,60.841],[17.259,60.816],[17.336,60.767],[17.187,60.692],[17.365,60.649],[17.34,60.623],[17.575,60.648],[17.659,60.608],[17.604,60.584],[17.671,60.504],[17.741,60.498],[17.727,60.535],[17.816,60.585],[17.975,60.588],[17.967,60.512],[18.262,60.382],[18.207,60.355],[18.235,60.327],[18.428,60.349],[18.474,60.293],[18.427,60.286],[18.605,60.238],[18.401,60.26],[18.317,60.321],[18.448,60.211],[18.393,60.232],[18.42,60.194],[18.549,60.174],[18.578,60.074],[18.578,60.142],[18.651,60.148],[18.735,60.115],[18.745,60.05],[18.797,60.005],[18.753,60.082],[18.817,60.118],[18.903,59.947],[19.032,59.881],[19.072,59.896],[19.068,59.834],[19.035,59.835],[18.886,59.93],[18.924,59.852],[18.734,59.769],[19.042,59.785],[19.074,59.75],[18.957,59.719],[18.913,59.752],[18.714,59.673],[18.694,59.649],[18.736,59.642],[18.66,59.636],[18.687,59.606],[18.64,59.584],[18.38,59.476],[18.269,59.477],[18.303,59.457],[18.249,59.45],[18.338,59.409],[18.307,59.397],[18.188,59.407],[18.159,59.422],[18.207,59.422],[18.181,59.458],[18.113,59.455],[18.065,59.397],[18.009,59.409],[18.146,59.34],[18.095,59.327],[18.221,59.32],[18.318,59.376],[18.47,59.337],[18.448,59.395],[18.496,59.395],[18.427,59.436],[18.485,59.434],[18.646,59.33],[18.519,59.298],[18.291,59.323],[18.317,59.279],[18.279,59.262],[18.412,59.215],[18.314,59.234],[18.43,59.175],[18.424,59.144],[18.014,59.045],[17.893,58.861],[17.774,58.961],[17.803,58.908],[17.774,58.886],[17.741,58.984],[17.769,59.121],[17.71,59.053],[17.666,59.081],[17.694,59.131],[17.659,59.169],[17.673,59.135],[17.611,59.094],[17.632,59.018],[17.577,58.957],[17.627,58.918],[17.536,58.902],[17.591,58.861],[17.447,58.895],[17.45,58.816],[17.488,58.8],[17.337,58.806],[17.358,58.751],[17.028,58.751],[17.146,58.697],[17.093,58.661],[16.975,58.685],[16.954,58.669],[17.036,58.641],[16.924,58.625],[16.234,58.669],[16.255,58.635],[16.179,58.635],[16.285,58.616],[16.334,58.639],[16.388,58.592],[16.44,58.648],[16.789,58.607],[16.834,58.53],[16.94,58.491],[16.748,58.429],[16.441,58.486],[16.413,58.477],[16.767,58.369],[16.775,58.34],[16.632,58.354],[16.698,58.302],[16.799,58.324],[16.707,58.278],[16.821,58.207],[16.777,58.131],[16.617,58.203],[16.736,58.085],[16.686,58.059],[16.755,58.025],[16.637,58.014],[16.735,57.972],[16.769,57.888],[16.683,57.919],[16.611,57.895],[16.604,57.929],[16.645,57.921],[16.515,57.999],[16.505,57.97],[16.59,57.936],[16.573,57.894],[16.46,57.902],[16.707,57.751],[16.419,57.895],[16.715,57.703],[16.577,57.71],[16.631,57.629],[16.563,57.593],[16.521,57.627],[16.542,57.572],[16.515,57.566],[16.629,57.557],[16.689,57.472],[16.633,57.437],[16.673,57.415],[16.548,57.383],[16.563,57.319],[16.469,57.275],[16.494,57.243],[16.465,57.177],[16.583,57.045],[16.44,57.052],[16.473,57.031],[16.435,56.998],[16.468,56.949],[16.408,56.799],[16.472,56.777],[16.361,56.764],[16.372,56.661],[16.246,56.642],[16.207,56.539],[16.095,56.419],[16.038,56.255],[15.852,56.086],[15.789,56.106],[15.827,56.159],[15.648,56.195],[15.592,56.161],[15.586,56.209],[15.48,56.152],[15.404,56.18],[15.366,56.141],[15.295,56.147],[15.323,56.154],[15.295,56.188],[15.192,56.153],[15.076,56.188],[15.035,56.182],[15.049,56.154],[14.725,56.168],[14.682,56.117],[14.768,56.031],[14.716,56.002],[14.612,56.011],[14.603,56.058],[14.497,56.04],[14.235,55.863],[14.196,55.726],[14.368,55.545],[14.181,55.391],[13.897,55.435],[13.63,55.418],[13.381,55.346],[12.979,55.403],[12.833,55.383],[12.859,55.435],[12.986,55.448],[12.917,55.547],[13.038,55.635],[13.055,55.694],[12.923,55.749],[12.926,55.834],[12.821,55.887],[12.451,56.304],[12.705,56.222],[12.814,56.236],[12.829,56.279],[12.622,56.419],[12.714,56.467],[12.89,56.455],[12.934,56.547],[12.872,56.649],[12.732,56.647],[12.616,56.75],[12.598,56.821],[12.356,56.924],[12.341,57.014],[12.219,57.093],[12.197,57.185],[12.149,57.188],[12.191,57.213],[12.101,57.237],[12.157,57.243],[12.095,57.25],[12.144,57.31],[12.05,57.351],[12.109,57.394],[12.06,57.394],[12.092,57.411],[12.059,57.459],[12.007,57.434],[11.979,57.347],[11.903,57.394],[11.945,57.49],[11.903,57.524],[11.917,57.621],[11.867,57.607],[11.835,57.662],[11.924,57.703],[11.705,57.698],[11.81,57.781],[11.656,57.839],[11.759,57.902],[11.737,57.939],[11.8,58.022],[11.793,58.1],[11.89,58.217],[11.809,58.302],[11.883,58.333],[11.727,58.327],[11.506,58.243],[11.542,58.334],[11.67,58.422],[11.589,58.401],[11.553,58.463],[11.522,58.336],[11.396,58.265],[11.443,58.306],[11.384,58.318],[11.449,58.342],[11.424,58.388],[11.346,58.346],[11.424,58.443],[11.334,58.368],[11.221,58.346],[11.209,58.419],[11.294,58.47],[11.239,58.508],[11.286,58.58],[11.218,58.708],[11.177,58.719],[11.233,58.808],[11.198,58.923],[11.108,58.954],[11.184,58.991],[11.115,59.008],[11.194,59.08],[11.321,59.1],[11.438,58.991],[11.452,58.896],[11.664,58.92],[11.812,59.25],[11.675,59.607],[11.897,59.714],[11.902,59.785],[11.85,59.872],[12.144,59.898],[12.483,60.081],[12.525,60.162],[12.492,60.312],[12.605,60.419],[12.594,60.515],[12.377,60.754],[12.253,61.002],[12.704,61.046],[12.888,61.35],[12.614,61.547],[12.416,61.582],[12.162,61.725],[12.314,62.286],[12.091,62.586],[12.156,62.734],[12.093,62.907],[12.223,63.001],[11.992,63.289],[12.22,63.474],[12.17,63.598],[12.755,63.991],[13.234,64.091],[13.964,64.01],[14.148,64.169],[14.097,64.465],[13.643,64.584],[14.311,65.084],[14.38,65.24],[14.514,65.318],[14.561,65.701],[14.649,65.802],[14.541,66.125],[15.053,66.153],[15.482,66.275],[15.426,66.491],[15.669,66.599],[16.039,66.888],[16.416,67.053],[16.438,67.2],[16.127,67.423],[16.2,67.508],[16.429,67.534],[16.587,67.626],[16.783,67.897],[17.321,68.105],[17.921,67.973],[18.189,68.199],[18.136,68.396],[18.162,68.53],[18.436,68.574],[18.645,68.501],[19.038,68.506],[19.971,68.351],[20.246,68.477],[19.962,68.541],[20.237,68.659],[20.357,68.805],[20.341,68.91],[20.102,69.022],[20.675,69.018]]],[[[17.125,57.319],[17.042,57.271],[17.049,57.188],[16.961,57.063],[16.899,57.038],[16.934,57.018],[16.871,56.969],[16.842,56.844],[16.769,56.797],[16.637,56.56],[16.566,56.346],[16.491,56.24],[16.428,56.218],[16.391,56.459],[16.419,56.586],[16.621,56.872],[16.731,56.904],[16.959,57.231],[16.966,57.305],[17.055,57.358],[17.104,57.353],[17.125,57.319]]],[[[18.996,57.912],[19.085,57.826],[18.949,57.783],[18.941,57.73],[18.807,57.734],[18.765,57.627],[18.81,57.607],[18.773,57.472],[18.909,57.439],[18.926,57.393],[18.68,57.31],[18.714,57.243],[18.406,57.143],[18.386,57.127],[18.455,57.127],[18.36,57.096],[18.338,57.031],[18.4,57.004],[18.345,57.004],[18.312,56.948],[18.139,56.922],[18.29,57.093],[18.201,57.065],[18.228,57.134],[18.099,57.259],[18.179,57.38],[18.113,57.488],[18.128,57.548],[18.463,57.803],[18.609,57.836],[18.678,57.914],[18.742,57.918],[18.803,57.826],[18.851,57.915],[18.913,57.921],[18.917,57.888],[18.996,57.912]]],[[[19.098,57.977],[19.339,57.964],[19.162,57.926],[19.13,57.847],[19.037,57.905],[19.098,57.977]]],[[[11.738,58.041],[11.732,57.998],[11.695,58.015],[11.595,57.936],[11.528,57.954],[11.516,58.001],[11.568,58.004],[11.498,58.028],[11.738,58.041]]],[[[11.814,58.211],[11.805,58.126],[11.708,58.098],[11.585,58.123],[11.516,58.086],[11.464,58.107],[11.458,58.072],[11.407,58.131],[11.528,58.213],[11.663,58.237],[11.686,58.291],[11.814,58.211]]],[[[19.332,58.368],[19.214,58.355],[19.188,58.395],[19.332,58.368]]],[[[18.552,59.226],[18.345,59.299],[18.612,59.258],[18.516,59.271],[18.578,59.245],[18.552,59.226]]],[[[18.555,60.325],[18.402,60.37],[18.379,60.508],[18.466,60.443],[18.42,60.444],[18.485,60.366],[18.555,60.325]]],[[[20.839,63.768],[20.905,63.794],[20.92,63.774],[20.839,63.768]]],[[[18.488,59.095],[18.414,59.012],[18.344,59.026],[18.375,59.078],[18.466,59.117],[18.488,59.095]]],[[[18.691,59.209],[18.738,59.198],[18.66,59.177],[18.691,59.209]]],[[[18.803,59.294],[18.775,59.252],[18.723,59.262],[18.758,59.295],[18.803,59.294]]],[[[18.678,59.3],[18.638,59.368],[18.747,59.332],[18.678,59.3]]],[[[18.123,59.389],[18.237,59.373],[18.249,59.367],[18.166,59.341],[18.123,59.389]]],[[[18.854,59.403],[18.865,59.39],[18.848,59.389],[18.854,59.403]]],[[[18.922,59.406],[18.938,59.373],[18.899,59.401],[18.922,59.406]]],[[[18.912,59.447],[18.872,59.409],[18.861,59.425],[18.912,59.447]]],[[[18.739,59.54],[18.556,59.422],[18.511,59.483],[18.557,59.482],[18.61,59.546],[18.739,59.54]]],[[[18.982,59.633],[18.905,59.583],[18.859,59.596],[18.938,59.649],[18.982,59.633]]],[[[18.905,59.634],[18.757,59.573],[18.924,59.657],[18.905,59.634]]],[[[18.999,59.809],[18.972,59.787],[18.886,59.794],[18.959,59.864],[18.999,59.809]]],[[[18.724,60.155],[18.712,60.212],[18.807,60.161],[18.724,60.155]]],[[[15.718,56.117],[15.697,56.074],[15.642,56.105],[15.669,56.124],[15.718,56.117]]],[[[16.877,58.3],[16.856,58.272],[16.833,58.304],[16.845,58.31],[16.877,58.3]]],[[[16.91,58.338],[16.846,58.32],[16.785,58.38],[16.86,58.4],[16.831,58.356],[16.91,58.338]]],[[[18.351,58.98],[18.29,58.941],[18.316,58.927],[18.194,58.911],[18.351,58.98]]],[[[18.217,59.024],[18.148,59.005],[18.145,58.969],[18.051,58.961],[18.104,59.023],[18.217,59.024]]],[[[17.702,58.985],[17.685,58.901],[17.624,58.964],[17.652,59.072],[17.702,58.985]]],[[[18.079,62.68],[18.006,62.706],[18.028,62.745],[18.16,62.747],[18.079,62.68]]],[[[20.865,63.677],[20.843,63.644],[20.826,63.644],[20.865,63.677]]],[[[20.865,63.683],[20.948,63.775],[20.923,63.703],[20.865,63.683]]],[[[22.418,65.45],[22.376,65.431],[22.285,65.432],[22.306,65.455],[22.418,65.45]]],[[[22.148,65.435],[22.174,65.474],[22.233,65.424],[22.232,65.418],[22.148,65.435]]],[[[22.559,65.538],[22.605,65.51],[22.553,65.53],[22.559,65.538]]],[[[22.193,65.526],[22.226,65.544],[22.358,65.495],[22.279,65.513],[22.28,65.478],[22.193,65.526]]],[[[22.626,65.593],[22.597,65.554],[22.529,65.576],[22.536,65.581],[22.626,65.593]]],[[[22.559,65.601],[22.595,65.613],[22.605,65.6],[22.589,65.594],[22.559,65.601]]],[[[22.977,65.71],[22.972,65.667],[22.882,65.72],[22.93,65.742],[22.977,65.71]]],[[[23.801,65.75],[23.738,65.697],[23.681,65.722],[23.69,65.748],[23.801,65.75]]],[[[22.732,65.719],[22.747,65.77],[22.811,65.714],[22.805,65.705],[22.732,65.719]]]]}},{"type":"Feature","properties":{},"geometry":{"type":"MultiPolygon","coordinates":[[[[28.954,69.027],[28.41,68.899],[28.444,68.866],[28.801,68.835],[28.716,68.728],[28.448,68.53],[28.664,68.204],[29.331,68.073],[29.651,67.824],[30.009,67.686],[29.916,67.508],[29.52,67.298],[29.1,66.991],[29.052,66.908],[29.089,66.838],[29.524,66.491],[29.651,66.288],[29.9,66.108],[30.112,65.712],[30.099,65.656],[30.003,65.678],[29.703,65.629],[29.839,65.565],[29.726,65.492],[29.72,65.329],[29.58,65.235],[29.833,65.205],[29.808,65.135],[29.85,65.122],[29.598,65.034],[29.634,64.907],[29.78,64.796],[30.119,64.768],[30.109,64.72],[30.181,64.643],[29.955,64.569],[29.99,64.504],[30.07,64.472],[30.032,64.397],[30.558,64.22],[30.533,64.163],[30.586,64.085],[30.552,64.022],[30.202,63.793],[29.981,63.742],[30.461,63.473],[30.821,63.376],[31.204,63.213],[31.263,63.101],[31.57,62.906],[31.441,62.789],[31.244,62.503],[30.926,62.302],[30.648,62.193],[29.779,61.593],[29.517,61.475],[29.203,61.246],[28.798,61.097],[28.615,60.962],[28.481,60.933],[27.808,60.553],[27.74,60.574],[27.753,60.506],[27.705,60.485],[27.636,60.492],[27.692,60.519],[27.616,60.512],[27.63,60.471],[27.508,60.514],[27.473,60.506],[27.507,60.457],[27.457,60.464],[27.232,60.512],[27.308,60.526],[27.215,60.585],[27.178,60.512],[27.054,60.547],[26.998,60.488],[26.931,60.485],[26.962,60.447],[26.794,60.457],[26.797,60.486],[26.687,60.418],[26.636,60.451],[26.594,60.452],[26.553,60.433],[26.483,60.468],[26.625,60.61],[26.753,60.574],[26.659,60.652],[26.466,60.508],[26.469,60.427],[26.342,60.376],[26.246,60.451],[26.273,60.402],[26.142,60.396],[25.981,60.476],[25.917,60.485],[26.029,60.433],[26.012,60.389],[26.108,60.336],[26.04,60.3],[26.006,60.368],[25.842,60.402],[25.917,60.361],[25.883,60.307],[25.93,60.245],[25.754,60.321],[25.745,60.296],[25.849,60.266],[25.736,60.247],[25.65,60.3],[25.65,60.341],[25.704,60.341],[25.669,60.365],[25.526,60.327],[25.545,60.292],[25.503,60.246],[25.314,60.273],[25.156,60.232],[25.197,60.191],[25.029,60.148],[24.999,60.213],[24.951,60.143],[24.845,60.144],[24.869,60.18],[24.807,60.191],[24.827,60.163],[24.67,60.101],[24.554,60.156],[24.597,60.127],[24.54,60.088],[24.608,60.101],[24.594,60.06],[24.446,59.992],[24.416,59.991],[24.464,60.047],[24.313,59.998],[24.368,60.074],[24.32,60.076],[24.164,60.019],[24.01,60.011],[24.001,60.038],[23.799,59.957],[23.429,59.957],[23.541,60.029],[23.546,60.074],[23.237,59.898],[23.251,59.841],[22.905,59.811],[23.247,59.922],[23.326,60.009],[23.223,59.93],[23.111,59.923],[23.111,59.974],[23.258,60.04],[23.035,60.045],[22.991,60.077],[23.025,60.135],[22.969,60.094],[22.959,60.122],[22.875,60.15],[22.867,60.184],[23.081,60.355],[22.998,60.307],[22.941,60.316],[22.525,60.204],[22.648,60.279],[22.459,60.265],[22.624,60.399],[22.292,60.383],[22.101,60.462],[22.047,60.439],[21.903,60.529],[21.844,60.516],[21.874,60.478],[21.785,60.478],[21.841,60.629],[21.662,60.567],[21.612,60.489],[21.558,60.492],[21.584,60.505],[21.518,60.567],[21.579,60.567],[21.409,60.58],[21.47,60.608],[21.353,60.69],[21.439,60.68],[21.422,60.725],[21.47,60.731],[21.387,60.752],[21.422,60.759],[21.329,60.828],[21.319,60.865],[21.428,60.876],[21.353,60.903],[21.428,60.903],[21.299,61.06],[21.482,61.06],[21.443,61.17],[21.558,61.204],[21.476,61.246],[21.544,61.28],[21.524,61.375],[21.449,61.403],[21.572,61.416],[21.422,61.485],[21.592,61.485],[21.482,61.568],[21.716,61.527],[21.538,61.65],[21.518,61.711],[21.586,61.698],[21.47,61.76],[21.486,61.811],[21.403,61.876],[21.414,61.907],[21.237,61.985],[21.289,62.122],[21.384,62.194],[21.353,62.232],[21.374,62.267],[21.312,62.232],[21.339,62.356],[21.271,62.349],[21.271,62.411],[21.216,62.335],[21.202,62.418],[21.134,62.404],[21.155,62.465],[21.116,62.46],[21.116,62.496],[21.155,62.527],[21.127,62.554],[21.194,62.601],[21.106,62.623],[21.065,62.596],[21.079,62.678],[21.161,62.719],[21.114,62.781],[21.183,62.782],[21.243,62.869],[21.391,62.88],[21.463,62.951],[21.444,63.041],[21.495,63.072],[21.688,63.027],[21.521,63.127],[21.503,63.157],[21.552,63.178],[21.497,63.209],[21.558,63.233],[21.742,63.2],[21.703,63.226],[21.895,63.26],[21.881,63.178],[21.984,63.143],[21.956,63.185],[22.025,63.239],[22.175,63.233],[22.278,63.301],[22.33,63.284],[22.374,63.321],[22.196,63.431],[22.247,63.47],[22.402,63.418],[22.28,63.488],[22.281,63.526],[22.407,63.457],[22.497,63.586],[22.546,63.575],[22.497,63.623],[22.586,63.657],[22.589,63.703],[22.675,63.702],[22.773,63.628],[22.902,63.706],[22.833,63.726],[22.926,63.743],[22.903,63.795],[23.001,63.764],[22.991,63.815],[23.063,63.853],[23.416,63.925],[23.371,63.947],[23.396,64.056],[23.605,64.028],[23.574,64.107],[23.861,64.268],[23.943,64.247],[23.929,64.301],[24.004,64.389],[24.344,64.531],[24.423,64.676],[24.588,64.781],[24.538,64.805],[24.668,64.789],[24.671,64.83],[24.736,64.855],[25.095,64.918],[25.259,64.836],[25.225,64.823],[25.355,64.83],[25.36,64.911],[25.191,64.967],[25.444,64.967],[25.355,65.097],[25.211,65.124],[25.28,65.22],[25.327,65.227],[25.28,65.261],[25.335,65.343],[25.266,65.378],[25.355,65.412],[25.324,65.507],[24.859,65.659],[24.676,65.635],[24.668,65.691],[24.55,65.763],[24.711,65.912],[24.618,65.889],[24.519,65.796],[24.405,65.769],[24.238,65.823],[24.244,65.782],[24.206,65.779],[24.055,65.948],[24.02,66.049],[23.911,66.149],[23.75,66.19],[23.689,66.257],[23.652,66.459],[23.882,66.564],[23.892,66.751],[24.004,66.805],[23.581,67.153],[23.603,67.26],[23.786,67.338],[23.751,67.346],[23.765,67.42],[23.477,67.444],[23.431,67.486],[23.473,67.555],[23.554,67.587],[23.485,67.737],[23.481,67.865],[23.662,67.95],[23.383,68.051],[23.307,68.146],[23.166,68.122],[23.155,68.217],[23.067,68.29],[22.808,68.395],[22.072,68.477],[21.919,68.568],[21.737,68.588],[21.464,68.687],[21.406,68.749],[20.906,68.895],[20.888,68.927],[20.934,68.949],[20.911,68.981],[20.623,69.036],[20.744,69.104],[21.072,69.037],[21.156,69.088],[21.034,69.181],[21.098,69.239],[21.314,69.291],[21.639,69.271],[22.371,68.823],[22.409,68.713],[23.071,68.681],[23.198,68.618],[23.735,68.715],[23.787,68.8],[23.929,68.816],[24.663,68.666],[24.905,68.557],[24.952,68.605],[25.132,68.648],[25.15,68.765],[25.201,68.813],[25.434,68.884],[25.628,68.874],[25.796,68.993],[25.75,69.059],[25.771,69.135],[25.737,69.218],[25.787,69.313],[25.877,69.371],[25.841,69.418],[25.887,69.455],[25.887,69.521],[26.004,69.587],[25.962,69.653],[26.005,69.689],[26.198,69.715],[26.534,69.925],[26.865,69.938],[27.1,69.902],[27.312,69.929],[27.352,69.949],[27.335,69.969],[27.613,70.062],[27.867,70.075],[28.167,69.894],[28.381,69.856],[28.405,69.802],[29.131,69.674],[29.345,69.464],[28.865,69.217],[28.828,69.091],[28.954,69.027]]],[[[22.355,60.076],[22.449,60.066],[22.443,59.998],[22.383,59.993],[22.353,60.032],[22.355,60.076]]],[[[21.497,60.135],[21.571,60.17],[21.654,60.156],[21.613,60.102],[21.482,60.115],[21.558,60.122],[21.497,60.135]]],[[[21.723,60.184],[21.888,60.176],[21.696,60.122],[21.723,60.184]]],[[[21.306,60.21],[21.449,60.184],[21.271,60.191],[21.306,60.21]]],[[[22.072,60.197],[22.009,60.137],[21.935,60.176],[22.042,60.211],[22.072,60.197]]],[[[25.836,60.196],[25.841,60.219],[25.876,60.217],[25.836,60.196]]],[[[22.222,60.224],[22.272,60.253],[22.297,60.221],[22.232,60.185],[22.222,60.224]]],[[[25.636,60.204],[25.582,60.296],[25.684,60.245],[25.636,60.204]]],[[[22.815,60.227],[22.956,60.293],[22.834,60.193],[22.847,60.111],[22.73,60.047],[22.758,60.032],[22.73,60.005],[22.655,60.032],[22.6,59.985],[22.593,60.047],[22.47,59.998],[22.474,60.091],[22.422,60.115],[22.6,60.142],[22.415,60.15],[22.448,60.221],[22.477,60.225],[22.466,60.184],[22.567,60.193],[22.815,60.227]]],[[[22.132,60.316],[22.25,60.311],[22.34,60.286],[22.216,60.253],[22.08,60.269],[22.132,60.316]]],[[[22.477,60.321],[22.313,60.321],[22.398,60.355],[22.477,60.321]]],[[[21.98,60.329],[21.794,60.374],[21.846,60.41],[21.808,60.467],[21.932,60.423],[21.95,60.396],[21.895,60.396],[21.989,60.366],[21.98,60.329]]],[[[21.761,60.512],[21.682,60.465],[21.764,60.526],[21.761,60.512]]],[[[21.325,60.482],[21.25,60.498],[21.229,60.56],[21.325,60.482]]],[[[21.326,60.543],[21.482,60.526],[21.443,60.471],[21.326,60.543]]],[[[21.281,60.566],[21.214,60.616],[21.259,60.648],[21.291,60.615],[21.281,60.566]]],[[[21.318,60.88],[21.202,60.889],[21.312,60.923],[21.243,60.951],[21.27,60.968],[21.374,60.93],[21.318,60.88]]],[[[21.356,63.261],[21.428,63.198],[21.243,63.151],[21.147,63.182],[21.079,63.288],[21.243,63.281],[21.209,63.221],[21.287,63.211],[21.356,63.261]]],[[[21.374,63.349],[21.278,63.301],[21.229,63.329],[21.374,63.349]]],[[[24.883,65.059],[25.062,65.043],[24.82,65.043],[24.722,65.003],[24.827,64.973],[24.735,64.951],[24.684,64.997],[24.632,64.968],[24.563,65.037],[24.835,65.095],[24.883,65.059]]],[[[23.924,59.969],[23.886,59.948],[23.847,59.955],[23.87,59.973],[23.924,59.969]]],[[[22.918,60.069],[22.88,60.011],[22.86,60.011],[22.884,60.048],[22.855,60.056],[22.918,60.069]]],[[[22.917,60.125],[22.947,60.085],[22.845,60.082],[22.917,60.125]]],[[[21.962,60.138],[21.988,60.112],[21.93,60.125],[21.962,60.138]]],[[[22.375,60.204],[22.337,60.149],[22.288,60.15],[22.305,60.189],[22.375,60.204]]],[[[21.996,60.287],[21.973,60.285],[22.008,60.297],[21.996,60.287]]],[[[21.945,60.277],[21.885,60.289],[21.875,60.305],[21.974,60.309],[21.945,60.277]]],[[[22.285,60.375],[22.191,60.342],[22.157,60.358],[22.285,60.375]]],[[[22.208,60.376],[22.112,60.353],[22.104,60.354],[22.138,60.379],[22.208,60.376]]],[[[21.32,60.392],[21.355,60.352],[21.294,60.371],[21.32,60.392]]],[[[26.644,60.432],[26.549,60.378],[26.507,60.403],[26.593,60.446],[26.644,60.432]]],[[[22.033,63.322],[22.047,63.282],[21.978,63.28],[22.03,63.308],[22.008,63.325],[22.033,63.322]]],[[[22.159,63.274],[22.079,63.266],[22.069,63.319],[22.231,63.339],[22.209,63.273],[22.114,63.284],[22.159,63.274]]],[[[21.949,63.334],[21.996,63.385],[22.096,63.383],[22.076,63.36],[21.949,63.334]]],[[[22.823,63.779],[22.74,63.721],[22.681,63.763],[22.764,63.791],[22.823,63.779]]],[[[22.51,59.876],[22.444,59.851],[22.414,59.861],[22.457,59.873],[22.51,59.876]]],[[[21.587,60.269],[21.602,60.223],[21.563,60.226],[21.587,60.269]]],[[[21.207,60.863],[21.263,60.83],[21.186,60.857],[21.207,60.863]]],[[[21.429,61.173],[21.352,61.176],[21.343,61.191],[21.38,61.214],[21.429,61.173]]],[[[21.485,61.64],[21.508,61.618],[21.46,61.629],[21.485,61.64]]],[[[21.222,62.951],[21.147,62.953],[21.13,63.001],[21.207,62.986],[21.222,62.951]]]]}},{"type":"Feature","properties":{},"geometry":{"type":"Polygon","coordinates":[[[6.084,50.159],[6.117,50.004],[6.223,49.887],[6.303,49.835],[6.334,49.84],[6.397,49.809],[6.462,49.805],[6.497,49.799],[6.503,49.796],[6.5,49.712],[6.403,49.656],[6.351,49.567],[6.345,49.455],[6.194,49.499],[5.961,49.441],[5.791,49.538],[5.885,49.644],[5.846,49.667],[5.85,49.714],[5.728,49.8],[5.758,49.858],[5.719,49.891],[5.962,50.166],[6.084,50.159]]]}},{"type":"Feature","properties":{},"geometry":{"type":"MultiPolygon","coordinates":[[[[55.0,22.634],[52.558,22.939],[51.594,24.078],[51.574,24.364],[51.594,24.385],[51.624,24.339],[51.649,24.219],[51.673,24.278],[51.71,24.221],[51.759,24.291],[51.799,24.018],[51.929,23.965],[52.341,24.008],[52.575,24.152],[52.6,24.21],[52.681,24.141],[53.006,24.166],[53.146,24.121],[53.165,24.17],[53.254,24.099],[53.446,24.12],[53.59,24.047],[53.879,24.065],[54.123,24.145],[54.323,24.271],[54.383,24.255],[54.486,24.388],[54.486,24.447],[54.54,24.433],[54.513,24.474],[54.574,24.447],[54.417,24.535],[54.486,24.57],[54.537,24.498],[54.582,24.508],[54.636,24.598],[54.616,24.621],[54.671,24.666],[54.643,24.749],[55.0,24.968],[55.0,22.634]]],[[[53.639,24.16],[53.848,24.275],[53.965,24.173],[53.885,24.141],[53.837,24.177],[53.775,24.13],[53.639,24.16]]],[[[54.181,24.245],[54.113,24.272],[54.115,24.319],[54.188,24.277],[54.181,24.245]]],[[[52.556,24.307],[52.634,24.367],[52.651,24.325],[52.592,24.253],[52.556,24.307]]],[[[53.309,24.279],[53.184,24.281],[53.367,24.319],[53.417,24.413],[53.44,24.341],[53.309,24.279]]],[[[54.335,24.453],[54.396,24.523],[54.471,24.425],[54.43,24.425],[54.335,24.453]]],[[[54.257,24.288],[54.222,24.284],[54.185,24.337],[54.232,24.358],[54.257,24.288]]],[[[54.335,24.364],[54.325,24.321],[54.309,24.314],[54.279,24.364],[54.335,24.364]]],[[[52.333,24.525],[52.326,24.481],[52.283,24.497],[52.299,24.533],[52.333,24.525]]]]}},{"type":"Feature","properties":{},"geometry":{"type":"Polygon","coordinates":[[[2.542,51.097],[3.125,51.33],[3.349,51.375],[3.392,51.247],[3.501,51.24],[3.514,51.281],[3.61,51.29],[3.776,51.255],[3.809,51.205],[3.927,51.206],[4.169,51.297],[4.221,51.368],[4.308,51.271],[4.331,51.296],[4.261,51.369],[4.411,51.357],[4.377,51.443],[4.429,51.462],[4.525,51.476],[4.522,51.429],[4.63,51.418],[4.779,51.495],[4.824,51.476],[4.823,51.414],[4.762,51.413],[4.91,51.392],[5.028,51.477],[5.08,51.439],[5.068,51.375],[5.123,51.313],[5.197,51.308],[5.215,51.259],[5.493,51.287],[5.568,51.208],[5.829,51.156],[5.846,51.103],[5.771,51.058],[5.722,50.959],[5.764,50.959],[5.624,50.83],[5.7,50.796],[5.707,50.754],[5.995,50.75],[6.012,50.709],[6.1,50.701],[6.159,50.622],[6.249,50.614],[6.171,50.518],[6.337,50.481],[6.375,50.315],[6.157,50.223],[6.117,50.12],[6.084,50.159],[5.962,50.166],[5.719,49.891],[5.758,49.858],[5.728,49.8],[5.85,49.714],[5.846,49.667],[5.885,49.644],[5.837,49.561],[5.456,49.499],[5.402,49.602],[5.298,49.613],[5.259,49.691],[5.169,49.687],[4.971,49.797],[4.849,49.794],[4.86,49.913],[4.784,49.958],[4.863,50.148],[4.789,50.153],[4.682,50.084],[4.657,49.989],[4.465,49.936],[4.132,49.975],[4.137,50.025],[4.21,50.06],[4.181,50.127],[4.126,50.128],[4.198,50.258],[4.125,50.257],[4.003,50.344],[3.755,50.346],[3.697,50.298],[3.608,50.477],[3.271,50.527],[3.232,50.696],[3.129,50.779],[2.971,50.758],[2.887,50.697],[2.787,50.723],[2.587,50.845],[2.608,50.961],[2.547,51.02],[2.542,51.097]]]}},{"type":"Feature","properties":{},"geometry":{"type":"Polygon","coordinates":[[[41.5,42.641],[41.424,42.74],[41.15,42.796],[41.023,42.99],[40.934,42.983],[40.856,43.063],[40.592,43.086],[40.398,43.162],[40.335,43.141],[40.219,43.319],[39.986,43.389],[40.059,43.535],[40.164,43.576],[40.52,43.505],[40.652,43.539],[41.012,43.375],[41.381,43.335],[41.578,43.215],[42.043,43.181],[42.355,43.236],[42.615,43.137],[42.83,43.169],[43.0,43.099],[42.999,43.042],[43.156,42.942],[43.517,42.86],[43.801,42.746],[43.812,42.717],[43.723,42.625],[43.94,42.552],[44.055,42.615],[44.197,42.629],[44.272,42.702],[44.508,42.75],[44.679,42.724],[44.773,42.61],[44.859,42.76],[45.03,42.689],[45.155,42.693],[45.323,42.53],[45.621,42.53],[45.74,42.471],[45.631,42.201],[45.881,42.102],[45.948,42.023],[46.224,41.993],[46.407,41.915],[46.431,41.89],[46.328,41.766],[46.189,41.74],[46.193,41.61],[46.254,41.616],[46.314,41.494],[46.592,41.373],[46.695,41.27],[46.602,41.094],[46.475,41.044],[46.229,41.195],[45.969,41.168],[45.71,41.268],[45.686,41.296],[45.744,41.335],[45.282,41.453],[44.955,41.263],[44.821,41.273],[44.848,41.209],[44.613,41.223],[44.552,41.177],[44.18,41.23],[44.125,41.178],[43.863,41.159],[43.754,41.108],[43.45,41.105],[43.383,41.187],[43.231,41.173],[43.172,41.242],[43.103,41.249],[43.184,41.299],[43.002,41.383],[42.868,41.5],[42.83,41.473],[42.767,41.504],[42.801,41.579],[42.585,41.579],[42.463,41.432],[41.948,41.506],[41.813,41.422],[41.703,41.489],[41.521,41.514],[41.74,41.75],[41.774,41.907],[41.555,42.39],[41.5,42.641]]]}},{"type":"Feature","properties":{},"geometry":{"type":"Polygon","coordinates":[[[20.542,41.862],[20.723,41.867],[20.785,42.082],[21.098,42.196],[21.289,42.09],[21.354,42.216],[21.43,42.216],[21.436,42.247],[21.677,42.235],[21.929,42.335],[22.061,42.301],[22.269,42.37],[22.531,42.129],[22.838,42.019],[22.881,41.873],[23.01,41.716],[22.933,41.612],[22.941,41.35],[22.751,41.315],[22.705,41.14],[22.645,41.18],[22.59,41.125],[22.451,41.114],[22.048,41.152],[21.909,41.097],[21.766,40.924],[21.685,40.928],[21.582,40.866],[21.405,40.909],[21.295,40.861],[20.965,40.849],[20.94,40.907],[20.717,40.913],[20.654,41.075],[20.577,41.094],[20.5,41.236],[20.482,41.341],[20.54,41.401],[20.444,41.55],[20.535,41.585],[20.5,41.734],[20.551,41.794],[20.542,41.862]]]}},{"type":"Feature","properties":{},"geometry":{"type":"Polygon","coordinates":[[[20.542,41.862],[20.551,41.794],[20.5,41.734],[20.535,41.585],[20.444,41.55],[20.54,41.401],[20.482,41.341],[20.5,41.236],[20.577,41.094],[20.654,41.075],[20.717,40.913],[20.957,40.895],[20.944,40.765],[21.037,40.64],[21.014,40.549],[20.937,40.473],[20.84,40.472],[20.771,40.422],[20.648,40.094],[20.433,40.064],[20.376,39.994],[20.298,39.987],[20.397,39.818],[20.372,39.784],[20.28,39.804],[20.296,39.717],[20.184,39.637],[19.989,39.687],[20.01,39.866],[19.906,39.906],[19.941,39.94],[19.863,40.045],[19.476,40.214],[19.29,40.42],[19.348,40.431],[19.424,40.33],[19.475,40.348],[19.479,40.454],[19.419,40.492],[19.391,40.522],[19.386,40.543],[19.434,40.506],[19.455,40.554],[19.416,40.583],[19.386,40.551],[19.304,40.653],[19.407,40.821],[19.381,40.908],[19.441,40.949],[19.441,40.872],[19.523,40.921],[19.495,41.003],[19.48,40.954],[19.448,40.934],[19.477,40.975],[19.441,41.021],[19.442,41.144],[19.517,41.256],[19.488,41.306],[19.419,41.323],[19.393,41.414],[19.429,41.401],[19.517,41.513],[19.441,41.585],[19.613,41.605],[19.558,41.661],[19.592,41.819],[19.433,41.869],[19.365,41.852],[19.372,42.104],[19.272,42.181],[19.699,42.655],[19.784,42.475],[19.982,42.511],[20.039,42.558],[20.153,42.494],[20.238,42.32],[20.333,42.318],[20.482,42.231],[20.599,41.961],[20.542,41.862]]]}},{"type":"Feature","properties":{},"geometry":{"type":"MultiPolygon","coordinates":[[[[45.019,41.075],[45.016,41.023],[44.961,41.06],[44.979,41.082],[45.019,41.075]]],[[[45.002,41.29],[45.282,41.453],[45.465,41.43],[45.744,41.335],[45.686,41.296],[45.821,41.209],[46.017,41.164],[46.211,41.2],[46.497,41.045],[46.621,41.115],[46.688,41.284],[46.592,41.373],[46.314,41.494],[46.254,41.616],[46.22,41.593],[46.18,41.655],[46.189,41.74],[46.314,41.757],[46.431,41.89],[46.544,41.874],[46.568,41.787],[46.741,41.851],[46.769,41.776],[46.902,41.713],[47.027,41.557],[47.141,41.552],[47.239,41.416],[47.268,41.303],[47.547,41.206],[47.622,41.229],[47.829,41.198],[47.895,41.219],[47.892,41.283],[48.002,41.362],[48.054,41.461],[48.202,41.493],[48.393,41.599],[48.579,41.845],[49.042,41.414],[49.136,41.275],[49.195,41.057],[49.382,40.867],[49.539,40.788],[49.51,40.699],[49.539,40.654],[49.817,40.565],[50.052,40.584],[50.109,40.527],[50.238,40.496],[50.351,40.386],[50.391,40.235],[50.23,40.343],[49.984,40.324],[49.893,40.369],[49.819,40.292],[49.493,40.154],[49.497,40.095],[49.433,40.063],[49.484,39.989],[49.424,39.935],[49.443,39.873],[49.395,39.782],[49.424,39.71],[49.318,39.621],[49.285,39.522],[49.409,39.386],[49.407,39.324],[49.367,39.351],[49.407,39.289],[49.273,39.337],[49.203,39.034],[49.079,38.963],[49.056,39.008],[49.125,39.028],[49.148,39.083],[49.069,39.111],[49.041,39.184],[48.968,39.184],[48.922,38.935],[48.868,38.864],[48.832,38.871],[48.874,38.434],[48.608,38.396],[48.415,38.618],[48.31,38.6],[48.228,38.662],[48.223,38.721],[47.993,38.85],[48.059,38.948],[48.294,39.005],[48.271,39.108],[48.142,39.181],[48.106,39.269],[48.339,39.379],[47.971,39.705],[47.823,39.68],[47.102,39.308],[47.02,39.19],[46.866,39.165],[46.514,38.882],[46.475,38.951],[46.492,39.082],[46.395,39.195],[46.603,39.215],[46.361,39.41],[46.491,39.466],[46.524,39.555],[46.344,39.619],[46.184,39.593],[45.979,39.768],[45.817,39.839],[45.743,39.941],[45.579,39.97],[45.64,40.025],[45.874,40.01],[45.979,40.224],[45.585,40.399],[45.388,40.61],[45.399,40.709],[45.556,40.777],[45.599,40.863],[45.416,40.961],[45.419,41.017],[45.313,40.997],[45.12,41.08],[45.111,41.05],[45.07,41.062],[45.068,41.111],[45.201,41.127],[45.134,41.188],[45.035,41.198],[45.002,41.29]],[[45.514,40.602],[45.535,40.659],[45.471,40.63],[45.514,40.602]]],[[[46.126,38.863],[45.439,39.004],[45.311,39.201],[45.153,39.214],[45.096,39.341],[44.957,39.434],[44.886,39.606],[44.81,39.637],[44.775,39.703],[45.034,39.77],[45.152,39.668],[45.148,39.575],[45.26,39.6],[45.313,39.534],[45.435,39.489],[45.715,39.569],[45.788,39.549],[45.803,39.448],[45.759,39.369],[45.986,39.249],[45.958,39.152],[46.126,38.863]]],[[[45.21,40.968],[45.184,40.998],[45.22,40.979],[45.21,40.968]]],[[[50.621,40.326],[50.573,40.31],[50.565,40.338],[50.621,40.326]]],[[[50.395,40.42],[50.354,40.4],[50.326,40.482],[50.395,40.42]]]]}},{"type":"Feature","properties":{},"geometry":{"type":"Polygon","coordinates":[[[20.077,42.56],[20.104,42.653],[20.035,42.751],[20.183,42.743],[20.226,42.807],[20.476,42.856],[20.499,42.878],[20.459,42.95],[20.596,43.007],[20.665,43.085],[20.604,43.198],[20.794,43.263],[20.865,43.217],[20.839,43.17],[21.093,43.091],[21.148,42.993],[21.21,42.996],[21.261,42.887],[21.408,42.847],[21.379,42.744],[21.565,42.72],[21.629,42.672],[21.739,42.682],[21.773,42.648],[21.619,42.449],[21.617,42.387],[21.516,42.342],[21.564,42.246],[21.367,42.224],[21.295,42.149],[21.299,42.091],[21.098,42.196],[20.785,42.082],[20.75,41.907],[20.681,41.844],[20.567,41.873],[20.599,41.961],[20.501,42.211],[20.333,42.318],[20.238,42.32],[20.2,42.428],[20.077,42.56]]]}},{"type":"Feature","properties":{},"geometry":{"type":"MultiPolygon","coordinates":[[[[43.452,41.133],[43.46,41.023],[43.636,40.934],[43.721,40.763],[43.707,40.612],[43.559,40.478],[43.625,40.42],[43.594,40.345],[43.721,40.169],[43.653,40.139],[43.665,40.11],[44.032,40.009],[44.326,40.035],[44.522,39.934],[44.807,39.64],[44.566,39.766],[44.459,39.698],[44.388,39.414],[44.015,39.374],[44.078,39.2],[44.187,39.145],[44.152,38.965],[44.206,38.876],[44.275,38.844],[44.244,38.659],[44.297,38.622],[44.29,38.382],[44.409,38.382],[44.459,38.338],[44.372,38.25],[44.361,38.148],[44.202,37.897],[44.367,37.86],[44.436,37.768],[44.506,37.779],[44.596,37.716],[44.541,37.633],[44.587,37.584],[44.566,37.447],[44.802,37.293],[44.754,37.215],[44.766,37.142],[44.61,37.178],[44.343,37.042],[44.285,36.969],[44.234,36.984],[44.18,37.088],[44.248,37.17],[44.235,37.237],[44.088,37.311],[43.99,37.313],[43.809,37.2],[43.48,37.243],[43.336,37.32],[43.27,37.309],[43.115,37.371],[42.937,37.32],[42.78,37.375],[42.716,37.355],[42.545,37.141],[42.357,37.11],[42.347,37.24],[42.211,37.325],[42.009,37.176],[41.48,37.076],[41.201,37.065],[40.896,37.123],[40.709,37.1],[39.765,36.742],[39.24,36.661],[39.032,36.701],[38.725,36.694],[38.48,36.856],[38.224,36.908],[37.446,36.634],[37.242,36.659],[37.053,36.62],[36.965,36.754],[36.64,36.828],[36.531,36.479],[36.593,36.373],[36.578,36.333],[36.649,36.306],[36.67,36.237],[36.451,36.2],[36.373,36.228],[36.358,35.994],[36.197,35.952],[36.138,35.82],[36.004,35.869],[35.98,35.927],[35.911,35.918],[35.975,36.019],[35.787,36.304],[35.919,36.448],[36.211,36.642],[36.189,36.802],[36.02,36.926],[35.805,36.775],[35.607,36.74],[35.579,36.685],[35.648,36.733],[35.709,36.72],[35.623,36.681],[35.609,36.647],[35.696,36.706],[35.624,36.603],[35.49,36.614],[35.531,36.583],[35.445,36.596],[35.346,36.541],[34.982,36.721],[34.9,36.72],[34.771,36.816],[34.693,36.814],[34.555,36.768],[34.276,36.587],[34.077,36.414],[34.078,36.329],[34.0,36.303],[33.959,36.214],[33.931,36.29],[33.871,36.315],[33.688,36.137],[33.647,36.193],[33.552,36.128],[33.458,36.158],[33.157,36.137],[33.088,36.083],[32.941,36.104],[32.804,36.027],[32.365,36.178],[32.019,36.547],[31.817,36.59],[31.341,36.809],[30.776,36.85],[30.687,36.891],[30.57,36.781],[30.57,36.528],[30.475,36.402],[30.52,36.342],[30.427,36.226],[30.399,36.206],[30.384,36.274],[30.159,36.299],[30.111,36.24],[30.048,36.259],[29.672,36.123],[29.642,36.187],[29.584,36.185],[29.624,36.199],[29.42,36.231],[29.412,36.267],[29.35,36.233],[29.096,36.391],[29.13,36.411],[29.096,36.473],[29.115,36.553],[29.014,36.548],[29.042,36.624],[29.117,36.634],[29.096,36.665],[28.939,36.751],[28.85,36.665],[28.87,36.631],[28.902,36.658],[28.87,36.607],[28.829,36.603],[28.843,36.638],[28.746,36.698],[28.623,36.699],[28.61,36.816],[28.487,36.802],[28.452,36.884],[28.377,36.854],[28.425,36.829],[28.396,36.789],[28.278,36.796],[28.315,36.829],[28.257,36.846],[28.249,36.767],[28.295,36.72],[28.234,36.72],[28.036,36.565],[27.959,36.603],[28.09,36.644],[28.048,36.638],[28.038,36.691],[27.966,36.689],[28.116,36.719],[28.082,36.747],[28.131,36.754],[28.118,36.801],[27.918,36.74],[27.719,36.756],[27.671,36.658],[27.404,36.665],[27.356,36.712],[27.612,36.765],[27.645,36.806],[28.028,36.781],[28.055,36.809],[28.007,36.857],[28.055,36.871],[28.021,36.912],[28.042,36.939],[28.165,36.912],[28.212,37.0],[28.329,37.037],[27.987,37.035],[27.562,36.973],[27.438,37.028],[27.383,36.994],[27.376,37.028],[27.308,36.959],[27.263,36.963],[27.229,37.062],[27.294,37.11],[27.26,37.11],[27.253,37.124],[27.383,37.152],[27.46,37.09],[27.565,37.126],[27.528,37.193],[27.61,37.2],[27.616,37.275],[27.515,37.229],[27.509,37.268],[27.464,37.252],[27.491,37.327],[27.397,37.323],[27.438,37.391],[27.407,37.413],[27.33,37.352],[27.191,37.357],[27.226,37.405],[27.223,37.477],[27.178,37.467],[27.209,37.597],[27.011,37.666],[27.25,37.744],[27.239,37.864],[27.275,37.929],[27.239,37.988],[27.141,37.986],[26.975,38.065],[26.873,38.035],[26.76,38.217],[26.636,38.204],[26.595,38.104],[26.519,38.18],[26.417,38.2],[26.39,38.262],[26.354,38.228],[26.233,38.28],[26.308,38.323],[26.294,38.37],[26.385,38.318],[26.476,38.367],[26.452,38.426],[26.513,38.433],[26.441,38.473],[26.388,38.454],[26.349,38.635],[26.414,38.679],[26.506,38.653],[26.63,38.519],[26.643,38.468],[26.588,38.461],[26.588,38.419],[26.673,38.307],[26.702,38.43],[26.795,38.359],[27.089,38.402],[27.164,38.447],[26.935,38.435],[26.815,38.543],[26.89,38.508],[26.835,38.549],[26.849,38.597],[26.719,38.653],[26.753,38.666],[26.719,38.721],[26.818,38.755],[26.903,38.735],[26.935,38.77],[26.897,38.817],[26.961,38.806],[26.959,38.844],[27.063,38.887],[27.041,38.94],[26.866,38.913],[26.806,38.95],[26.794,39.022],[26.875,39.091],[26.738,39.197],[26.719,39.263],[26.609,39.275],[26.646,39.318],[26.671,39.283],[26.815,39.399],[26.801,39.434],[26.93,39.488],[26.938,39.575],[26.249,39.466],[26.113,39.459],[26.07,39.496],[26.157,39.649],[26.136,39.838],[26.168,39.974],[26.311,40.019],[26.393,40.108],[26.408,40.194],[26.501,40.213],[26.736,40.404],[26.991,40.389],[27.096,40.452],[27.287,40.468],[27.329,40.414],[27.294,40.406],[27.452,40.322],[27.763,40.315],[27.884,40.386],[27.792,40.393],[27.684,40.496],[27.76,40.537],[28.034,40.474],[27.904,40.4],[27.945,40.366],[28.348,40.404],[29.052,40.367],[29.09,40.427],[29.152,40.434],[29.066,40.482],[28.917,40.471],[28.774,40.523],[28.793,40.553],[28.986,40.645],[29.417,40.687],[29.491,40.727],[29.56,40.691],[29.939,40.735],[29.666,40.784],[29.378,40.757],[29.315,40.824],[29.255,40.811],[29.295,40.839],[29.264,40.87],[29.028,40.982],[29.008,41.031],[29.062,41.076],[29.091,41.141],[29.069,41.153],[29.17,41.233],[30.137,41.144],[30.282,41.216],[30.833,41.08],[31.231,41.092],[31.393,41.188],[31.404,41.316],[32.162,41.612],[32.263,41.72],[33.324,42.019],[34.694,41.946],[34.889,42.008],[34.948,42.099],[35.024,42.093],[35.082,42.029],[35.216,42.024],[35.117,42.007],[35.092,41.928],[35.298,41.715],[35.577,41.63],[35.957,41.736],[35.929,41.709],[35.915,41.646],[35.973,41.729],[36.045,41.701],[36.134,41.599],[36.134,41.462],[36.395,41.256],[36.518,41.263],[36.62,41.375],[36.758,41.366],[36.985,41.295],[37.04,41.182],[37.136,41.147],[37.299,41.14],[37.525,41.037],[37.608,41.05],[37.69,41.14],[37.784,41.123],[37.785,41.06],[37.896,40.982],[38.331,40.918],[38.539,40.927],[38.637,40.976],[38.718,40.955],[38.908,41.038],[39.168,41.08],[39.273,41.05],[39.43,41.112],[39.63,41.008],[39.73,41.017],[39.896,40.955],[39.999,40.982],[40.143,40.923],[40.465,41.05],[40.557,41.042],[40.827,41.198],[40.922,41.191],[41.39,41.379],[41.521,41.514],[41.703,41.489],[41.813,41.422],[41.948,41.506],[42.463,41.432],[42.565,41.567],[42.661,41.588],[42.82,41.572],[42.767,41.504],[42.83,41.473],[42.868,41.5],[43.002,41.383],[43.184,41.299],[43.103,41.249],[43.172,41.242],[43.231,41.173],[43.411,41.175],[43.452,41.133]]],[[[28.017,41.973],[28.045,41.89],[27.978,41.887],[27.972,41.822],[28.097,41.627],[28.233,41.519],[28.908,41.267],[29.109,41.235],[29.041,41.164],[29.071,41.13],[28.992,41.008],[28.822,40.962],[28.625,40.968],[28.552,41.081],[28.541,40.99],[28.435,41.043],[28.165,41.085],[28.013,41.041],[27.941,40.971],[27.738,41.013],[27.524,40.989],[27.288,40.704],[26.683,40.455],[26.602,40.346],[26.346,40.2],[26.376,40.154],[26.157,40.055],[26.272,40.23],[26.219,40.331],[26.829,40.602],[26.79,40.661],[26.506,40.599],[26.091,40.605],[26.054,40.661],[26.033,40.735],[26.112,40.747],[26.226,40.899],[26.304,40.909],[26.359,40.965],[26.321,41.246],[26.54,41.352],[26.591,41.329],[26.632,41.358],[26.595,41.612],[26.576,41.591],[26.464,41.649],[26.476,41.676],[26.333,41.713],[26.334,41.79],[26.526,41.824],[26.543,41.92],[26.606,41.967],[26.939,41.996],[27.047,42.083],[27.174,42.057],[27.273,42.092],[27.546,41.901],[27.687,41.969],[27.815,41.947],[27.816,41.995],[28.017,41.973]]],[[[26.077,39.845],[26.075,39.785],[25.978,39.834],[26.004,39.845],[26.077,39.845]]],[[[26.012,40.146],[25.766,40.097],[25.663,40.126],[25.759,40.207],[25.926,40.243],[25.972,40.221],[25.963,40.157],[26.012,40.146]]],[[[27.673,40.656],[27.733,40.625],[27.605,40.577],[27.526,40.639],[27.673,40.656]]],[[[27.607,40.505],[27.646,40.448],[27.596,40.458],[27.58,40.477],[27.607,40.505]]]]}},{"type":"Feature","properties":{},"geometry":{"type":"MultiPolygon","coordinates":[[[[-5.341,35.847],[-5.399,35.925],[-5.283,35.912],[-5.341,35.847]]],[[[-2.948,35.33],[-2.943,35.268],[-2.967,35.314],[-2.948,35.33]]],[[[-1.796,43.374],[-1.747,43.291],[-1.655,43.298],[-1.622,43.247],[-1.559,43.284],[-1.404,43.243],[-1.426,43.135],[-1.488,43.082],[-1.457,43.045],[-1.366,43.033],[-1.348,43.093],[-1.286,43.109],[-1.315,43.083],[-1.294,43.055],[-1.15,43.006],[-0.943,42.948],[-0.76,42.947],[-0.74,42.885],[-0.569,42.773],[-0.323,42.843],[-0.235,42.786],[-0.161,42.795],[-0.119,42.717],[-0.039,42.685],[0.169,42.726],[0.275,42.669],[0.354,42.717],[0.409,42.682],[0.657,42.688],[0.656,42.838],[0.813,42.832],[1.089,42.771],[1.151,42.707],[1.343,42.709],[1.429,42.595],[1.406,42.529],[1.45,42.504],[1.408,42.487],[1.448,42.435],[1.707,42.503],[1.927,42.437],[2.009,42.347],[2.137,42.416],[2.277,42.429],[2.515,42.326],[2.662,42.339],[2.64,42.373],[2.69,42.406],[2.934,42.47],[3.181,42.431],[3.187,42.35],[3.318,42.323],[3.263,42.24],[3.17,42.26],[3.119,42.218],[3.122,42.14],[3.214,42.068],[3.232,41.946],[3.15,41.845],[2.933,41.712],[2.267,41.449],[2.131,41.304],[1.539,41.187],[1.218,41.105],[1.173,41.059],[1.017,41.052],[0.714,40.815],[0.695,40.786],[0.874,40.728],[0.858,40.686],[0.677,40.565],[0.592,40.582],[0.663,40.575],[0.733,40.634],[0.563,40.59],[0.351,40.285],[-0.091,39.848],[-0.323,39.516],[-0.301,39.322],[-0.158,39.002],[-0.01,38.87],[0.154,38.831],[0.235,38.742],[0.081,38.631],[-0.043,38.612],[-0.075,38.54],[-0.329,38.47],[-0.414,38.365],[-0.51,38.338],[-0.504,38.207],[-0.624,38.162],[-0.655,37.989],[-0.718,37.943],[-0.761,37.796],[-0.788,37.823],[-0.856,37.742],[-0.81,37.667],[-0.705,37.62],[-0.925,37.556],[-1.088,37.581],[-1.106,37.532],[-1.243,37.579],[-1.324,37.562],[-1.471,37.482],[-1.497,37.428],[-1.671,37.363],[-1.813,37.207],[-1.9,36.941],[-1.989,36.9],[-2.127,36.736],[-2.204,36.737],[-2.362,36.837],[-2.561,36.819],[-2.617,36.728],[-2.718,36.682],[-2.933,36.752],[-3.33,36.745],[-3.415,36.696],[-3.839,36.752],[-4.403,36.724],[-4.525,36.581],[-4.659,36.508],[-4.903,36.507],[-5.187,36.411],[-5.339,36.141],[-5.425,36.18],[-5.439,36.063],[-5.612,36.006],[-5.917,36.184],[-6.037,36.19],[-6.31,36.534],[-6.231,36.473],[-6.179,36.514],[-6.224,36.511],[-6.283,36.612],[-6.395,36.637],[-6.433,36.751],[-6.346,36.795],[-6.338,36.884],[-6.223,36.902],[-6.195,36.932],[-6.345,36.901],[-6.347,36.82],[-6.388,36.808],[-6.5,36.96],[-6.893,37.167],[-6.918,37.215],[-6.853,37.295],[-6.963,37.234],[-6.928,37.172],[-7.101,37.224],[-7.414,37.193],[-7.514,37.601],[-7.444,37.73],[-7.307,37.851],[-7.273,37.977],[-7.16,37.997],[-7.123,38.04],[-7.024,38.023],[-6.948,38.197],[-7.104,38.174],[-7.359,38.446],[-7.27,38.618],[-7.27,38.738],[-7.056,38.855],[-7.066,38.905],[-6.973,39.014],[-7.016,39.097],[-7.157,39.105],[-7.168,39.171],[-7.258,39.211],[-7.251,39.271],[-7.327,39.341],[-7.314,39.457],[-7.516,39.594],[-7.557,39.68],[-7.021,39.694],[-7.0,39.803],[-6.928,39.862],[-6.88,40.009],[-7.043,40.181],[-7.016,40.226],[-6.878,40.265],[-6.794,40.356],[-6.857,40.442],[-6.813,40.515],[-6.85,40.582],[-6.814,40.647],[-6.816,40.857],[-6.942,41.016],[-6.907,41.056],[-6.804,41.064],[-6.647,41.268],[-6.496,41.295],[-6.321,41.411],[-6.206,41.57],[-6.366,41.664],[-6.542,41.659],[-6.577,41.74],[-6.524,41.867],[-6.576,41.883],[-6.572,41.943],[-6.609,41.962],[-6.728,41.931],[-6.825,41.984],[-6.855,41.943],[-7.051,41.942],[-7.145,41.987],[-7.2,41.964],[-7.219,41.879],[-7.443,41.806],[-7.469,41.853],[-7.606,41.826],[-7.607,41.873],[-7.722,41.899],[-7.897,41.858],[-7.906,41.914],[-8.049,41.816],[-8.18,41.811],[-8.23,41.905],[-8.095,42.041],[-8.204,42.07],[-8.222,42.154],[-8.627,42.051],[-8.881,41.893],[-8.895,42.119],[-8.827,42.131],[-8.847,42.161],[-8.625,42.302],[-8.623,42.347],[-8.675,42.299],[-8.868,42.256],[-8.831,42.342],[-8.772,42.343],[-8.655,42.441],[-8.844,42.404],[-8.943,42.469],[-8.881,42.497],[-8.827,42.462],[-8.823,42.57],[-8.776,42.605],[-8.731,42.688],[-8.785,42.641],[-8.84,42.682],[-8.869,42.617],[-9.026,42.543],[-9.071,42.596],[-9.03,42.708],[-8.888,42.831],[-9.1,42.758],[-9.135,42.918],[-9.196,42.949],[-9.273,42.893],[-9.251,43.017],[-9.28,43.055],[-9.218,43.114],[-9.108,43.141],[-9.218,43.155],[-8.933,43.235],[-8.988,43.283],[-8.83,43.341],[-8.693,43.293],[-8.388,43.386],[-8.354,43.349],[-8.331,43.406],[-8.21,43.313],[-8.175,43.416],[-8.305,43.451],[-8.169,43.492],[-8.333,43.472],[-8.292,43.533],[-8.313,43.567],[-8.052,43.643],[-8.059,43.709],[-7.909,43.766],[-7.847,43.718],[-7.909,43.67],[-7.858,43.668],[-7.868,43.697],[-7.686,43.793],[-7.692,43.727],[-7.641,43.753],[-7.616,43.689],[-7.541,43.732],[-7.367,43.68],[-7.271,43.561],[-7.044,43.559],[-7.045,43.479],[-7.001,43.557],[-6.944,43.566],[-6.649,43.579],[-6.51,43.547],[-6.223,43.596],[-6.069,43.57],[-5.907,43.588],[-5.907,43.637],[-5.852,43.663],[-5.677,43.561],[-5.394,43.555],[-5.414,43.507],[-5.3,43.538],[-4.482,43.384],[-3.981,43.438],[-3.827,43.497],[-3.769,43.479],[-3.844,43.445],[-3.811,43.425],[-3.579,43.518],[-3.432,43.467],[-3.502,43.431],[-3.461,43.412],[-3.269,43.404],[-3.008,43.321],[-3.029,43.376],[-2.947,43.431],[-2.769,43.453],[-2.691,43.368],[-2.661,43.412],[-2.367,43.316],[-2.128,43.287],[-1.796,43.374]]],[[[1.999,42.444],[1.946,42.464],[1.968,42.486],[1.999,42.444]]],[[[-17.914,27.85],[-17.879,27.815],[-17.979,27.643],[-18.16,27.722],[-18.167,27.758],[-18.057,27.756],[-17.914,27.85]]],[[[-15.409,28.18],[-15.378,27.852],[-15.578,27.734],[-15.74,27.804],[-15.821,27.922],[-15.816,27.996],[-15.708,28.082],[-15.706,28.167],[-15.459,28.134],[-15.409,28.18]]],[[[-17.259,28.218],[-17.116,28.146],[-17.098,28.101],[-17.233,28.019],[-17.343,28.098],[-17.339,28.171],[-17.259,28.218]]],[[[-16.441,28.133],[-16.546,28.024],[-16.693,28.0],[-16.916,28.355],[-16.507,28.424],[-16.316,28.572],[-16.118,28.572],[-16.356,28.381],[-16.441,28.133]]],[[[-14.0,28.717],[-13.865,28.744],[-13.821,28.637],[-13.843,28.407],[-13.934,28.244],[-14.192,28.171],[-14.343,28.051],[-14.507,28.071],[-14.224,28.219],[-14.0,28.717]]],[[[-17.781,28.842],[-17.722,28.749],[-17.765,28.678],[-17.746,28.622],[-17.837,28.455],[-17.997,28.78],[-17.911,28.856],[-17.781,28.842]]],[[[-13.465,29.243],[-13.418,29.209],[-13.482,28.999],[-13.709,28.915],[-13.775,28.84],[-13.867,28.865],[-13.781,29.065],[-13.537,29.138],[-13.465,29.243]]],[[[-13.478,29.266],[-13.517,29.226],[-13.541,29.229],[-13.508,29.289],[-13.478,29.266]]],[[[-0.755,37.774],[-0.74,37.702],[-0.726,37.665],[-0.747,37.684],[-0.755,37.774]]],[[[1.566,38.691],[1.581,38.653],[1.458,38.681],[1.383,38.642],[1.383,38.712],[1.431,38.755],[1.486,38.695],[1.566,38.691]]],[[[1.523,39.119],[1.623,39.029],[1.415,38.891],[1.403,38.832],[1.217,38.885],[1.218,38.954],[1.301,38.968],[1.293,39.033],[1.357,39.078],[1.523,39.119]]],[[[3.383,39.778],[3.474,39.75],[3.454,39.66],[3.253,39.386],[3.061,39.269],[2.959,39.363],[2.787,39.376],[2.744,39.523],[2.682,39.559],[2.493,39.47],[2.454,39.537],[2.392,39.524],[2.351,39.576],[2.358,39.612],[2.813,39.873],[3.179,39.969],[3.214,39.955],[3.097,39.914],[3.095,39.881],[3.207,39.893],[3.126,39.832],[3.136,39.789],[3.224,39.75],[3.383,39.778]]],[[[4.255,39.997],[4.337,39.867],[4.303,39.888],[4.3,39.822],[4.248,39.816],[3.981,39.936],[3.831,39.936],[3.851,39.984],[3.803,40.018],[3.822,40.048],[4.105,40.079],[4.135,40.028],[4.171,40.065],[4.255,39.997]]],[[[2.982,39.139],[2.931,39.118],[2.914,39.152],[2.981,39.186],[2.982,39.139]]],[[[-4.301,35.173],[-4.297,35.172],[-4.302,35.173],[-4.301,35.173]]],[[[-3.903,35.215],[-3.903,35.215],[-3.903,35.215],[-3.903,35.215]]],[[[-3.901,35.218],[-3.9,35.217],[-3.901,35.217],[-3.901,35.218]]],[[[-2.434,35.185],[-2.427,35.182],[-2.436,35.181],[-2.434,35.185]]],[[[-5.419,35.916],[-5.418,35.911],[-5.421,35.914],[-5.419,35.916]]]]}},{"type":"Feature","properties":{},"geometry":{"type":"MultiPolygon","coordinates":[[[[45.002,41.29],[45.035,41.198],[45.2,41.143],[45.167,41.108],[45.068,41.111],[45.07,41.062],[45.111,41.05],[45.12,41.08],[45.313,40.997],[45.419,41.017],[45.416,40.961],[45.599,40.863],[45.556,40.777],[45.374,40.675],[45.526,40.441],[45.979,40.224],[45.874,40.01],[45.64,40.025],[45.579,39.97],[45.743,39.941],[45.817,39.839],[45.979,39.768],[46.184,39.593],[46.344,39.619],[46.524,39.555],[46.491,39.466],[46.361,39.41],[46.603,39.215],[46.395,39.195],[46.492,39.082],[46.475,38.951],[46.514,38.882],[46.378,38.925],[46.136,38.864],[45.958,39.152],[45.986,39.249],[45.759,39.369],[45.803,39.448],[45.765,39.562],[45.435,39.489],[45.313,39.534],[45.26,39.6],[45.148,39.575],[45.152,39.668],[45.034,39.77],[44.775,39.703],[44.522,39.934],[44.326,40.035],[44.032,40.009],[43.665,40.11],[43.653,40.139],[43.721,40.169],[43.594,40.345],[43.625,40.42],[43.559,40.478],[43.707,40.612],[43.721,40.763],[43.636,40.934],[43.46,41.023],[43.44,41.107],[43.754,41.108],[43.863,41.159],[44.125,41.178],[44.18,41.23],[44.552,41.177],[44.613,41.223],[44.848,41.209],[44.821,41.273],[45.002,41.29]],[[44.964,41.074],[44.967,41.045],[45.016,41.023],[45.019,41.075],[44.964,41.074]],[[45.22,40.979],[45.192,40.998],[45.177,40.994],[45.187,40.971],[45.22,40.979]]],[[[45.479,40.61],[45.492,40.657],[45.561,40.648],[45.514,40.602],[45.479,40.61]]]]}},{"type":"Feature","properties":{},"geometry":{"type":"MultiPolygon","coordinates":[[[[8.669,54.914],[8.641,55.023],[8.682,55.133],[8.564,55.143],[8.557,55.096],[8.499,55.066],[8.459,55.103],[8.489,55.197],[8.594,55.181],[8.555,55.149],[8.689,55.142],[8.618,55.438],[8.442,55.464],[8.313,55.583],[8.239,55.558],[8.313,55.469],[8.095,55.549],[8.182,55.729],[8.128,55.988],[8.194,55.812],[8.393,55.909],[8.282,56.076],[8.15,56.111],[8.135,55.994],[8.108,56.024],[8.122,56.552],[8.179,56.672],[8.22,56.709],[8.202,56.64],[8.306,56.598],[8.307,56.554],[8.392,56.585],[8.515,56.545],[8.566,56.579],[8.637,56.48],[8.727,56.483],[8.763,56.563],[8.682,56.627],[8.917,56.709],[8.841,56.722],[8.956,56.803],[9.063,56.813],[9.176,56.709],[9.059,56.634],[9.061,56.566],[9.155,56.613],[9.121,56.62],[9.155,56.661],[9.276,56.633],[9.25,56.579],[9.326,56.53],[9.373,56.565],[9.294,56.561],[9.306,56.695],[9.169,56.689],[9.243,56.747],[9.175,56.806],[9.211,56.863],[9.163,56.894],[9.2,56.939],[9.437,57.024],[9.608,56.97],[9.689,57.039],[9.916,57.059],[9.796,57.106],[9.712,57.061],[9.245,57.002],[9.115,57.059],[8.68,56.953],[8.608,56.85],[8.491,56.794],[8.476,56.716],[8.527,56.695],[8.408,56.689],[8.586,56.689],[8.608,56.631],[8.56,56.593],[8.352,56.693],[8.302,56.764],[8.244,56.777],[8.246,56.704],[8.236,56.771],[8.248,56.812],[8.618,57.123],[8.784,57.105],[8.98,57.161],[9.412,57.165],[9.573,57.243],[9.967,57.591],[10.198,57.601],[10.539,57.744],[10.649,57.737],[10.542,57.699],[10.43,57.571],[10.547,57.435],[10.517,57.391],[10.539,57.237],[10.411,57.144],[10.347,57.01],[10.24,56.993],[9.995,57.093],[9.927,57.059],[10.002,57.084],[10.192,56.994],[10.314,56.983],[10.266,56.908],[10.341,56.717],[10.146,56.722],[9.806,56.64],[10.151,56.714],[10.334,56.704],[10.34,56.62],[10.214,56.558],[10.183,56.47],[10.226,56.476],[10.238,56.554],[10.33,56.603],[10.47,56.521],[10.822,56.534],[10.964,56.448],[10.912,56.334],[10.755,56.229],[10.739,56.155],[10.672,56.165],[10.649,56.188],[10.688,56.222],[10.629,56.238],[10.549,56.178],[10.574,56.113],[10.548,56.101],[10.491,56.14],[10.509,56.17],[10.409,56.165],[10.355,56.202],[10.491,56.216],[10.505,56.278],[10.403,56.298],[10.22,56.148],[10.266,56.074],[10.231,56.017],[10.278,56.018],[10.182,55.834],[10.102,55.882],[9.867,55.852],[10.046,55.814],[10.017,55.766],[10.06,55.749],[10.005,55.701],[9.792,55.674],[9.556,55.712],[9.738,55.63],[9.854,55.627],[9.707,55.537],[9.498,55.489],[9.66,55.478],[9.587,55.427],[9.71,55.249],[9.684,55.198],[9.486,55.156],[9.512,55.133],[9.457,55.126],[9.56,55.085],[9.434,55.038],[9.58,55.051],[9.731,54.995],[9.763,54.9],[9.703,54.886],[9.746,54.836],[9.623,54.865],[9.61,54.903],[9.644,54.913],[9.615,54.933],[9.437,54.81],[9.317,54.802],[9.226,54.806],[9.195,54.85],[8.669,54.914]]],[[[11.849,54.773],[11.811,54.655],[11.611,54.666],[11.474,54.626],[10.999,54.787],[11.108,54.832],[11.019,54.886],[11.032,54.919],[11.232,54.961],[11.595,54.811],[11.573,54.848],[11.656,54.866],[11.649,54.914],[11.849,54.773]]],[[[10.467,54.891],[10.519,54.852],[10.383,54.831],[10.189,54.977],[10.35,54.897],[10.389,54.92],[10.426,54.873],[10.467,54.891]]],[[[12.505,55.02],[12.543,54.951],[12.348,54.96],[12.208,54.886],[12.115,54.907],[12.177,54.989],[12.287,54.989],[12.262,55.064],[12.505,55.02]]],[[[10.026,54.96],[10.064,54.881],[9.954,54.863],[9.874,54.893],[9.992,54.879],[9.781,54.917],[9.758,54.982],[9.848,54.948],[9.799,55.017],[9.674,55.021],[9.697,55.051],[9.628,55.058],[9.793,55.081],[10.026,54.96]]],[[[10.697,54.931],[10.957,55.154],[10.741,54.752],[10.694,54.735],[10.601,54.838],[10.724,54.886],[10.697,54.931]]],[[[15.147,55.128],[15.073,54.992],[14.684,55.101],[14.761,55.309],[15.147,55.128]]],[[[8.452,55.34],[8.371,55.427],[8.374,55.463],[8.463,55.427],[8.452,55.34]]],[[[10.718,55.064],[10.538,55.03],[10.084,55.087],[10.156,55.14],[10.094,55.188],[10.004,55.197],[10.026,55.126],[9.986,55.128],[9.98,55.213],[9.884,55.253],[9.885,55.349],[9.802,55.362],[9.778,55.38],[9.84,55.4],[9.703,55.468],[9.812,55.441],[9.676,55.496],[9.755,55.544],[9.888,55.509],[10.237,55.606],[10.294,55.588],[10.308,55.618],[10.519,55.533],[10.475,55.532],[10.486,55.495],[10.42,55.459],[10.472,55.443],[10.609,55.493],[10.567,55.524],[10.614,55.528],[10.594,55.578],[10.628,55.614],[10.742,55.487],[10.571,55.461],[10.554,55.443],[10.698,55.44],[10.834,55.29],[10.773,55.287],[10.815,55.214],[10.783,55.124],[10.718,55.064]]],[[[12.674,55.606],[12.556,55.55],[12.52,55.619],[12.608,55.701],[12.674,55.606]]],[[[10.573,55.879],[10.567,55.928],[10.515,55.951],[10.544,55.998],[10.628,55.921],[10.621,55.88],[10.669,55.88],[10.582,55.76],[10.512,55.825],[10.573,55.879]]],[[[11.958,54.948],[12.17,54.838],[11.961,54.694],[11.949,54.569],[11.869,54.66],[11.91,54.722],[11.711,54.941],[11.883,54.982],[11.842,55.03],[11.616,55.092],[11.827,55.051],[11.718,55.126],[11.807,55.147],[11.729,55.155],[11.718,55.208],[11.649,55.181],[11.423,55.222],[11.261,55.201],[11.239,55.242],[11.268,55.236],[11.286,55.256],[11.242,55.249],[11.153,55.328],[11.19,55.345],[11.088,55.359],[11.214,55.404],[11.164,55.502],[11.081,55.513],[11.146,55.576],[10.93,55.668],[11.088,55.66],[10.875,55.743],[11.163,55.749],[11.122,55.737],[11.193,55.7],[11.218,55.709],[11.19,55.737],[11.364,55.765],[11.348,55.838],[11.505,55.869],[11.477,55.941],[11.305,55.968],[11.273,55.997],[11.599,55.942],[11.768,55.971],[11.744,55.904],[11.663,55.907],[11.718,55.811],[11.608,55.783],[11.739,55.797],[11.763,55.749],[11.657,55.731],[11.746,55.731],[11.794,55.688],[11.78,55.66],[11.855,55.733],[11.869,55.805],[11.954,55.854],[11.91,55.915],[11.935,55.934],[11.998,55.903],[12.052,55.737],[11.91,55.66],[12.001,55.699],[12.06,55.654],[12.095,55.729],[12.026,55.941],[11.865,55.939],[11.866,55.973],[12.245,56.129],[12.622,56.044],[12.513,55.928],[12.602,55.797],[12.602,55.709],[12.487,55.61],[12.331,55.595],[12.198,55.487],[12.225,55.435],[12.435,55.364],[12.465,55.29],[12.183,55.227],[12.099,55.141],[12.077,55.182],[12.015,55.167],[12.047,55.14],[12.169,55.128],[12.119,55.074],[12.162,55.004],[12.033,54.968],[11.91,55.01],[11.883,54.941],[11.958,54.948]]],[[[11.564,56.677],[11.521,56.715],[11.649,56.73],[11.564,56.677]]],[[[8.813,56.735],[8.658,56.678],[8.586,56.736],[8.515,56.738],[8.545,56.791],[8.669,56.826],[8.621,56.832],[8.652,56.894],[8.814,56.91],[8.929,56.977],[8.9,56.875],[8.84,56.88],[8.881,56.805],[8.813,56.735]]],[[[11.17,57.333],[11.189,57.294],[11.067,57.291],[11.091,57.253],[11.029,57.202],[10.855,57.265],[11.17,57.333]]]]}},{"type":"Feature","properties":{},"geometry":{"type":"Polygon","coordinates":[[[11.526,33.177],[11.636,33.109],[11.793,33.081],[11.691,33.136],[11.847,33.083],[12.348,32.833],[12.824,32.804],[13.165,32.913],[13.352,32.904],[13.571,32.803],[13.83,32.794],[14.185,32.715],[14.469,32.519],[15.182,32.395],[15.283,32.317],[15.365,32.175],[15.361,31.965],[15.49,31.665],[15.761,31.388],[16.045,31.276],[16.942,31.183],[17.849,30.924],[17.927,30.855],[18.208,30.769],[18.653,30.422],[19.057,30.266],[19.339,30.299],[19.616,30.421],[19.914,30.683],[20.1,30.935],[20.147,31.046],[20.147,31.217],[20.022,31.397],[19.917,31.759],[19.94,31.958],[20.072,32.176],[20.325,32.41],[20.563,32.558],[21.051,32.772],[21.415,32.793],[21.623,32.937],[21.716,32.95],[21.877,32.903],[22.15,32.948],[22.207,32.888],[22.34,32.882],[22.514,32.791],[23.106,32.64],[23.104,32.516],[23.149,32.478],[23.128,32.395],[23.094,32.436],[23.081,32.334],[23.195,32.292],[23.312,32.163],[23.299,32.224],[23.67,32.183],[23.999,32.094],[23.971,32.067],[24.091,32.006],[24.546,31.991],[24.734,32.033],[25.018,31.949],[25.03,31.837],[25.156,31.663],[24.849,31.349],[24.883,31.039],[24.995,30.785],[24.908,30.499],[24.763,30.317],[24.688,30.144],[24.812,29.891],[24.798,29.796],[24.871,29.638],[24.864,29.503],[24.981,29.181],[24.977,19.996],[23.981,19.995],[23.981,19.496],[15.985,23.445],[14.216,22.616],[13.482,23.18],[11.969,23.517],[11.567,24.267],[11.509,24.314],[10.721,24.552],[10.411,24.473],[10.26,24.577],[10.193,24.75],[10.032,24.856],[10.008,25.331],[9.378,26.169],[9.483,26.353],[9.855,26.524],[9.911,26.843],[9.826,26.921],[9.722,27.308],[9.822,27.506],[9.794,27.57],[9.863,27.619],[9.936,27.867],[9.777,28.268],[9.851,28.786],[9.826,29.129],[9.668,29.608],[9.287,30.117],[9.743,30.331],[9.871,30.355],[10.192,30.731],[10.27,30.916],[10.245,31.078],[10.106,31.429],[10.117,31.494],[10.264,31.68],[10.499,31.744],[10.585,31.84],[10.606,31.954],[10.773,32.005],[10.873,32.137],[11.546,32.434],[11.561,32.508],[11.45,32.638],[11.457,32.902],[11.526,33.177]]]}},{"type":"Feature","properties":{},"geometry":{"type":"MultiPolygon","coordinates":[[[[11.505,33.181],[11.45,32.638],[11.561,32.508],[11.546,32.434],[10.873,32.137],[10.773,32.005],[10.606,31.954],[10.585,31.84],[10.499,31.744],[10.264,31.68],[10.117,31.494],[10.106,31.429],[10.245,31.078],[10.254,30.842],[9.871,30.355],[9.52,30.229],[9.045,32.072],[8.331,32.528],[8.283,32.836],[8.087,33.094],[7.725,33.231],[7.693,33.454],[7.553,33.659],[7.485,33.855],[7.517,34.095],[7.631,34.199],[7.765,34.245],[7.832,34.414],[8.094,34.53],[8.236,34.648],[8.211,34.681],[8.267,34.75],[8.249,34.902],[8.3,35.068],[8.431,35.242],[8.294,35.325],[8.337,35.538],[8.241,35.828],[8.358,36.43],[8.168,36.491],[8.17,36.526],[8.43,36.663],[8.462,36.733],[8.413,36.784],[8.642,36.836],[8.603,36.94],[8.824,36.979],[9.039,37.152],[9.211,37.234],[9.343,37.235],[9.745,37.345],[9.859,37.329],[9.862,37.271],[9.772,37.213],[9.816,37.152],[9.914,37.178],[9.925,37.213],[9.82,37.228],[9.882,37.264],[10.06,37.265],[10.272,37.179],[10.128,37.159],[10.227,37.118],[10.174,37.076],[10.182,37.027],[10.347,36.88],[10.299,36.822],[10.253,36.846],[10.188,36.798],[10.272,36.816],[10.355,36.731],[10.519,36.756],[10.585,36.876],[10.733,36.896],[10.902,37.049],[11.051,37.08],[11.131,36.854],[11.022,36.788],[10.8,36.452],[10.551,36.377],[10.475,36.112],[10.519,35.98],[10.622,35.843],[10.744,35.77],[10.823,35.78],[10.841,35.699],[11.041,35.638],[11.015,35.555],[11.085,35.507],[11.042,35.334],[11.159,35.219],[11.063,35.154],[11.018,35.034],[10.918,34.957],[10.871,34.797],[10.625,34.633],[10.597,34.545],[10.432,34.496],[10.379,34.423],[10.127,34.326],[10.005,34.171],[10.071,33.946],[10.33,33.703],[10.489,33.647],[10.717,33.707],[10.737,33.603],[10.674,33.546],[10.738,33.478],[10.909,33.54],[10.936,33.636],[11.043,33.618],[11.112,33.54],[11.102,33.364],[11.294,33.287],[11.134,33.311],[11.18,33.211],[11.433,33.194],[11.352,33.259],[11.505,33.181]]],[[[10.93,33.896],[11.06,33.801],[10.957,33.698],[10.941,33.728],[10.888,33.64],[10.859,33.711],[10.809,33.734],[10.763,33.7],[10.734,33.731],[10.736,33.885],[10.93,33.896]]],[[[10.974,34.663],[11.101,34.671],[11.111,34.66],[11.056,34.621],[10.974,34.663]]],[[[11.275,34.77],[11.297,34.729],[11.131,34.663],[11.254,34.826],[11.304,34.805],[11.275,34.77]]]]}},{"type":"Feature","properties":{},"geometry":{"type":"Polygon","coordinates":[[[22.898,47.951],[22.924,48.005],[23.063,48.007],[23.139,48.098],[23.461,47.971],[23.563,48.006],[23.78,47.988],[23.855,47.934],[24.009,47.961],[24.231,47.897],[24.409,47.952],[24.542,47.944],[24.897,47.71],[25.08,47.743],[25.262,47.899],[26.173,47.993],[26.271,48.094],[26.303,48.212],[26.689,48.275],[26.822,48.253],[26.908,48.185],[26.938,48.205],[26.998,48.167],[26.967,48.143],[27.048,48.122],[27.096,48.006],[27.169,47.983],[27.161,47.922],[27.253,47.828],[27.219,47.814],[27.288,47.752],[27.281,47.693],[27.428,47.581],[27.473,47.492],[27.576,47.46],[27.572,47.375],[27.733,47.276],[27.844,47.114],[28.069,46.989],[28.234,46.662],[28.246,46.428],[28.178,46.287],[28.109,46.234],[28.145,46.183],[28.083,46.015],[28.168,45.632],[28.062,45.594],[28.286,45.422],[28.33,45.323],[28.71,45.227],[28.803,45.244],[28.76,45.274],[28.79,45.321],[28.93,45.279],[29.322,45.444],[29.57,45.395],[29.65,45.346],[29.666,45.231],[29.624,45.21],[29.7,45.162],[29.618,44.861],[29.562,44.82],[29.156,44.784],[29.001,44.689],[28.975,44.745],[29.139,44.804],[29.096,44.875],[29.104,44.84],[29.044,44.866],[29.052,44.945],[29.111,44.97],[28.983,45.012],[28.869,44.943],[28.866,44.883],[28.952,44.827],[28.925,44.813],[28.946,44.765],[28.798,44.72],[28.784,44.649],[28.869,44.662],[28.898,44.717],[28.967,44.701],[28.988,44.675],[28.939,44.634],[28.975,44.687],[28.774,44.601],[28.795,44.634],[28.758,44.627],[28.764,44.596],[28.788,44.586],[28.733,44.568],[28.774,44.552],[28.758,44.465],[28.925,44.621],[28.844,44.494],[28.635,44.316],[28.672,43.997],[28.578,43.741],[28.221,43.762],[27.981,43.849],[27.912,43.993],[27.722,43.949],[27.633,44.03],[27.384,44.015],[27.251,44.122],[27.027,44.177],[26.151,44.012],[25.781,43.732],[25.403,43.65],[24.964,43.75],[24.706,43.744],[24.466,43.802],[24.159,43.753],[23.485,43.881],[22.889,43.84],[22.851,43.897],[22.886,43.995],[23.023,44.032],[23.031,44.093],[22.691,44.229],[22.682,44.305],[22.549,44.349],[22.477,44.464],[22.58,44.565],[22.7,44.542],[22.765,44.583],[22.426,44.734],[22.305,44.677],[22.185,44.515],[22.127,44.503],[21.994,44.659],[21.855,44.698],[21.656,44.688],[21.578,44.778],[21.396,44.79],[21.356,44.857],[21.536,44.889],[21.516,44.934],[21.351,44.998],[21.422,45.031],[21.493,45.145],[21.239,45.229],[21.139,45.304],[20.981,45.333],[20.767,45.479],[20.8,45.531],[20.754,45.606],[20.786,45.753],[20.688,45.743],[20.572,45.888],[20.354,45.977],[20.243,46.108],[20.469,46.174],[20.664,46.138],[20.799,46.268],[21.033,46.231],[21.144,46.284],[21.179,46.384],[21.281,46.416],[21.245,46.477],[21.301,46.604],[21.502,46.704],[21.47,46.743],[21.503,46.805],[21.583,46.848],[21.59,46.909],[21.671,46.993],[21.633,47.023],[21.764,47.105],[21.862,47.297],[22.002,47.394],[22.008,47.517],[22.162,47.586],[22.273,47.724],[22.396,47.736],[22.454,47.787],[22.638,47.772],[22.898,47.951]]]}},{"type":"Feature","properties":{},"geometry":{"type":"Polygon","coordinates":[[[22.861,47.934],[22.638,47.772],[22.454,47.787],[22.396,47.736],[22.273,47.724],[22.162,47.586],[22.008,47.517],[22.002,47.394],[21.862,47.297],[21.764,47.105],[21.633,47.023],[21.671,46.993],[21.59,46.909],[21.583,46.848],[21.503,46.805],[21.47,46.743],[21.502,46.704],[21.301,46.604],[21.245,46.477],[21.281,46.416],[21.196,46.398],[21.144,46.284],[21.051,46.236],[20.82,46.272],[20.739,46.237],[20.745,46.192],[20.664,46.138],[20.469,46.174],[20.243,46.108],[20.098,46.155],[19.79,46.129],[19.669,46.173],[19.55,46.164],[19.263,45.981],[19.088,46.019],[18.982,45.922],[18.887,45.93],[18.776,45.883],[18.656,45.908],[18.573,45.817],[18.404,45.742],[18.211,45.785],[17.858,45.772],[17.657,45.845],[17.591,45.936],[17.345,45.956],[17.209,46.117],[17.101,46.128],[16.975,46.211],[16.838,46.382],[16.755,46.382],[16.659,46.464],[16.515,46.502],[16.368,46.643],[16.411,46.668],[16.314,46.743],[16.325,46.839],[16.094,46.863],[16.275,47.004],[16.486,46.999],[16.425,47.024],[16.493,47.049],[16.454,47.082],[16.51,47.138],[16.434,47.146],[16.413,47.187],[16.473,47.277],[16.424,47.345],[16.434,47.397],[16.641,47.453],[16.689,47.538],[16.63,47.622],[16.408,47.661],[16.568,47.754],[16.797,47.675],[16.85,47.713],[16.903,47.682],[17.075,47.708],[17.056,47.812],[17.004,47.863],[17.068,47.882],[17.086,47.97],[17.185,48.02],[17.338,47.999],[17.573,47.83],[17.826,47.75],[18.693,47.778],[18.816,47.833],[18.749,47.871],[18.743,47.971],[18.838,48.04],[19.428,48.086],[19.482,48.111],[19.514,48.204],[19.623,48.227],[19.757,48.2],[19.776,48.15],[19.929,48.13],[20.135,48.247],[20.324,48.28],[20.482,48.479],[20.482,48.526],[20.8,48.569],[21.109,48.489],[21.425,48.561],[21.592,48.493],[21.678,48.372],[21.759,48.334],[22.272,48.403],[22.257,48.357],[22.291,48.358],[22.364,48.239],[22.481,48.243],[22.605,48.097],[22.746,48.116],[22.831,48.072],[22.861,47.934]]]}},{"type":"Feature","properties":{},"geometry":{"type":"Polygon","coordinates":[[[22.532,49.056],[22.521,48.993],[22.449,48.971],[22.369,48.856],[22.31,48.682],[22.139,48.57],[22.133,48.405],[22.096,48.379],[21.728,48.341],[21.592,48.493],[21.425,48.561],[21.109,48.489],[20.8,48.569],[20.511,48.534],[20.324,48.28],[20.135,48.247],[19.929,48.13],[19.776,48.15],[19.757,48.2],[19.623,48.227],[19.514,48.204],[19.482,48.111],[19.428,48.086],[18.838,48.04],[18.743,47.971],[18.749,47.871],[18.816,47.833],[18.693,47.778],[17.742,47.765],[17.573,47.83],[17.338,47.999],[17.07,48.036],[17.08,48.098],[16.982,48.161],[16.954,48.273],[16.844,48.366],[17.025,48.746],[17.167,48.86],[17.535,48.813],[17.727,48.863],[17.879,48.934],[17.914,49.01],[18.076,49.047],[18.161,49.259],[18.385,49.342],[18.388,49.39],[18.536,49.482],[18.932,49.504],[18.961,49.493],[18.962,49.389],[19.142,49.394],[19.234,49.507],[19.443,49.602],[19.505,49.563],[19.557,49.454],[19.635,49.441],[19.627,49.402],[19.769,49.393],[19.809,49.271],[19.748,49.206],[19.786,49.188],[19.938,49.225],[20.05,49.173],[20.136,49.309],[20.284,49.339],[20.318,49.392],[20.544,49.371],[20.69,49.4],[20.919,49.29],[21.073,49.357],[21.054,49.414],[21.194,49.401],[21.261,49.449],[21.428,49.41],[21.62,49.423],[21.758,49.349],[21.82,49.377],[21.964,49.309],[22.041,49.197],[22.532,49.056]]]}},{"type":"Feature","properties":{},"geometry":{"type":"Polygon","coordinates":[[[18.837,49.527],[18.788,49.669],[18.618,49.714],[18.559,49.907],[18.292,49.908],[18.002,50.047],[18.032,50.003],[17.839,49.974],[17.732,50.095],[17.633,50.106],[17.589,50.163],[17.748,50.218],[17.708,50.311],[17.63,50.262],[17.424,50.241],[17.188,50.378],[16.893,50.433],[16.866,50.408],[17.015,50.218],[16.818,50.187],[16.661,50.093],[16.344,50.37],[16.263,50.364],[16.2,50.406],[16.211,50.451],[16.353,50.493],[16.426,50.568],[16.332,50.644],[16.086,50.647],[15.982,50.604],[15.971,50.679],[15.848,50.675],[15.792,50.743],[15.684,50.731],[15.442,50.8],[15.356,50.775],[15.256,50.9],[15.27,50.953],[15.144,51.012],[15.108,50.981],[15.004,51.021],[14.961,50.993],[14.997,50.959],[14.982,50.859],[14.81,50.858],[14.955,51.064],[15.019,51.272],[14.964,51.328],[14.945,51.449],[14.71,51.53],[14.732,51.658],[14.586,51.804],[14.687,51.912],[14.761,52.077],[14.686,52.121],[14.712,52.236],[14.584,52.291],[14.545,52.382],[14.54,52.422],[14.632,52.497],[14.609,52.518],[14.645,52.577],[14.124,52.851],[14.165,52.896],[14.144,52.96],[14.343,53.049],[14.381,53.19],[14.442,53.252],[14.304,53.509],[14.264,53.7],[14.305,53.713],[14.294,53.749],[14.531,53.658],[14.591,53.598],[14.624,53.653],[14.545,53.704],[14.576,53.77],[14.624,53.77],[14.631,53.852],[14.587,53.813],[14.576,53.855],[14.441,53.87],[14.432,53.906],[14.363,53.879],[14.405,53.844],[14.319,53.818],[14.175,53.906],[14.21,53.938],[14.407,53.922],[14.782,54.035],[15.86,54.25],[16.179,54.263],[16.215,54.3],[16.138,54.29],[16.324,54.35],[16.282,54.359],[16.57,54.557],[16.94,54.606],[17.337,54.749],[18.152,54.838],[18.34,54.833],[18.752,54.69],[18.835,54.603],[18.708,54.701],[18.456,54.788],[18.413,54.747],[18.476,54.64],[18.523,54.647],[18.588,54.434],[18.886,54.35],[19.377,54.378],[19.61,54.457],[22.698,54.343],[22.838,54.401],[22.963,54.382],[23.042,54.341],[23.05,54.295],[23.316,54.236],[23.449,54.155],[23.496,54.045],[23.459,53.982],[23.591,53.611],[23.801,53.242],[23.894,53.152],[23.859,53.068],[23.911,53.005],[23.922,52.743],[23.869,52.67],[23.392,52.51],[23.166,52.289],[23.19,52.241],[23.488,52.182],[23.512,52.124],[23.637,52.084],[23.676,51.994],[23.595,51.843],[23.618,51.787],[23.552,51.737],[23.543,51.593],[23.698,51.404],[23.635,51.305],[23.864,51.148],[23.912,51.007],[23.979,50.938],[24.143,50.856],[23.958,50.808],[24.081,50.713],[24.108,50.541],[24.011,50.493],[23.981,50.405],[23.682,50.368],[23.101,49.957],[22.666,49.567],[22.641,49.529],[22.738,49.275],[22.682,49.161],[22.853,49.085],[22.855,48.994],[22.041,49.197],[21.928,49.331],[21.82,49.377],[21.758,49.349],[21.601,49.426],[21.428,49.41],[21.261,49.449],[21.194,49.401],[21.069,49.419],[21.033,49.4],[21.073,49.357],[20.919,49.29],[20.69,49.4],[20.544,49.371],[20.318,49.392],[20.284,49.339],[20.136,49.309],[20.05,49.173],[19.938,49.225],[19.761,49.194],[19.809,49.271],[19.769,49.393],[19.627,49.402],[19.635,49.441],[19.557,49.454],[19.457,49.598],[19.249,49.516],[19.173,49.402],[19.117,49.391],[18.962,49.389],[18.961,49.493],[18.837,49.527]]]}},{"type":"Feature","properties":{},"geometry":{"type":"MultiPolygon","coordinates":[[[[-7.159,55.151],[-7.405,55.004],[-7.543,54.742],[-7.93,54.697],[-7.846,54.631],[-7.708,54.604],[-7.887,54.532],[-8.002,54.543],[-8.174,54.462],[-7.88,54.287],[-7.856,54.211],[-7.705,54.2],[-7.609,54.14],[-7.327,54.114],[-7.326,54.155],[-7.28,54.126],[-7.249,54.197],[-7.153,54.224],[-7.209,54.293],[-7.192,54.335],[-7.018,54.413],[-6.88,54.342],[-6.882,54.277],[-6.788,54.203],[-6.64,54.168],[-6.673,54.068],[-6.631,54.042],[-6.378,54.063],[-6.355,54.111],[-6.107,54.014],[-6.161,53.974],[-6.36,54.016],[-6.378,53.935],[-6.351,53.881],[-6.243,53.865],[-6.23,53.657],[-6.077,53.555],[-6.133,53.461],[-6.195,53.461],[-6.062,53.367],[-6.132,53.392],[-6.218,53.347],[-6.097,53.286],[-6.105,53.229],[-6.03,53.111],[-6.052,53.009],[-5.994,52.957],[-6.13,52.816],[-6.215,52.666],[-6.209,52.546],[-6.356,52.409],[-6.366,52.344],[-6.496,52.364],[-6.409,52.289],[-6.373,52.323],[-6.39,52.296],[-6.318,52.241],[-6.347,52.197],[-6.58,52.178],[-6.806,52.213],[-6.764,52.261],[-6.832,52.241],[-6.819,52.186],[-6.932,52.125],[-6.904,52.172],[-6.997,52.289],[-6.955,52.179],[-7.017,52.138],[-7.106,52.131],[-7.072,52.166],[-7.106,52.173],[-7.187,52.133],[-7.6,52.101],[-7.627,52.063],[-7.545,52.055],[-7.59,51.991],[-7.723,51.945],[-7.85,51.98],[-7.922,51.912],[-7.891,51.882],[-8.021,51.824],[-8.246,51.803],[-8.175,51.857],[-8.187,51.893],[-8.409,51.892],[-8.298,51.83],[-8.297,51.766],[-8.436,51.693],[-8.484,51.714],[-8.484,51.678],[-8.491,51.699],[-8.512,51.706],[-8.558,51.706],[-8.498,51.693],[-8.532,51.611],[-8.573,51.645],[-8.758,51.645],[-8.69,51.631],[-8.696,51.577],[-8.854,51.596],[-8.933,51.535],[-9.121,51.563],[-9.224,51.487],[-9.272,51.508],[-9.381,51.474],[-9.32,51.535],[-9.402,51.501],[-9.402,51.546],[-9.443,51.56],[-9.82,51.446],[-9.834,51.487],[-9.546,51.611],[-9.848,51.549],[-9.459,51.684],[-9.443,51.72],[-9.56,51.762],[-9.546,51.72],[-9.627,51.685],[-9.874,51.656],[-10.156,51.583],[-10.06,51.631],[-10.088,51.672],[-9.957,51.706],[-9.981,51.732],[-9.786,51.769],[-9.813,51.788],[-9.738,51.837],[-9.581,51.878],[-10.136,51.741],[-10.224,51.782],[-10.177,51.814],[-10.235,51.851],[-10.341,51.788],[-10.341,51.844],[-10.389,51.846],[-10.396,51.885],[-10.254,51.909],[-10.307,51.953],[-10.266,51.988],[-10.033,52.041],[-9.971,52.09],[-9.926,52.063],[-9.908,52.131],[-9.772,52.125],[-9.793,52.138],[-9.758,52.152],[-9.957,52.145],[-9.955,52.109],[-9.998,52.138],[-10.186,52.109],[-10.279,52.136],[-10.307,52.125],[-10.272,52.112],[-10.437,52.097],[-10.461,52.18],[-10.372,52.176],[-10.367,52.228],[-10.172,52.287],[-10.166,52.235],[-10.101,52.241],[-10.045,52.269],[-10.06,52.31],[-9.947,52.238],[-9.738,52.248],[-9.869,52.273],[-9.881,52.296],[-9.826,52.31],[-9.834,52.375],[-9.95,52.412],[-9.635,52.474],[-9.683,52.495],[-9.648,52.57],[-9.272,52.577],[-8.751,52.673],[-8.961,52.694],[-8.943,52.775],[-9.024,52.747],[-9.147,52.624],[-9.286,52.591],[-9.333,52.598],[-9.279,52.639],[-9.434,52.612],[-9.581,52.666],[-9.553,52.639],[-9.707,52.58],[-9.936,52.557],[-9.628,52.727],[-9.499,52.753],[-9.491,52.803],[-9.354,52.933],[-9.478,52.94],[-9.272,53.147],[-9.073,53.118],[-9.128,53.159],[-9.004,53.146],[-9.046,53.174],[-8.987,53.177],[-8.936,53.146],[-8.957,53.18],[-8.895,53.221],[-9.046,53.221],[-8.943,53.262],[-9.022,53.275],[-9.512,53.228],[-9.566,53.262],[-9.555,53.291],[-9.612,53.236],[-9.617,53.321],[-9.561,53.341],[-9.601,53.365],[-9.553,53.385],[-9.622,53.378],[-9.635,53.33],[-9.653,53.393],[-9.807,53.302],[-9.902,53.324],[-9.786,53.393],[-9.82,53.399],[-9.799,53.42],[-9.86,53.394],[-9.848,53.434],[-9.911,53.426],[-9.961,53.38],[-10.177,53.413],[-10.053,53.454],[-10.087,53.482],[-10.021,53.47],[-10.012,53.482],[-10.107,53.494],[-10.203,53.544],[-10.18,53.555],[-10.005,53.544],[-9.971,53.563],[-10.047,53.599],[-9.868,53.617],[-9.823,53.606],[-9.697,53.598],[-9.908,53.646],[-9.908,53.762],[-9.566,53.796],[-9.622,53.817],[-9.56,53.865],[-9.587,53.872],[-9.566,53.899],[-9.944,53.879],[-9.908,53.92],[-9.916,53.954],[-9.788,53.916],[-9.899,54.025],[-9.834,54.112],[-9.971,54.079],[-9.991,54.105],[-9.908,54.118],[-9.977,54.18],[-9.936,54.187],[-10.011,54.218],[-10.087,54.159],[-10.067,54.095],[-10.117,54.096],[-10.06,54.222],[-10.115,54.235],[-9.998,54.304],[-9.881,54.263],[-9.927,54.227],[-9.977,54.242],[-9.91,54.204],[-9.844,54.277],[-9.765,54.256],[-9.799,54.284],[-9.758,54.284],[-9.846,54.321],[-9.786,54.338],[-9.268,54.304],[-9.211,54.276],[-9.21,54.218],[-9.141,54.146],[-9.135,54.208],[-9.051,54.289],[-8.676,54.271],[-8.573,54.2],[-8.511,54.208],[-8.621,54.256],[-8.47,54.277],[-8.573,54.314],[-8.519,54.327],[-8.664,54.359],[-8.474,54.43],[-8.467,54.475],[-8.443,54.447],[-8.21,54.502],[-8.271,54.524],[-8.121,54.647],[-8.292,54.606],[-8.302,54.64],[-8.457,54.565],[-8.388,54.62],[-8.673,54.619],[-8.792,54.66],[-8.798,54.692],[-8.637,54.768],[-8.457,54.756],[-8.53,54.788],[-8.408,54.763],[-8.558,54.818],[-8.491,54.852],[-8.326,54.832],[-8.381,54.856],[-8.313,54.879],[-8.337,54.904],[-8.409,54.887],[-8.451,54.922],[-8.367,54.948],[-8.457,55.003],[-8.347,55.064],[-8.32,55.034],[-8.278,55.161],[-8.141,55.161],[-8.156,55.124],[-7.977,55.222],[-7.95,55.21],[-8.004,55.174],[-7.909,55.188],[-7.899,55.156],[-7.86,55.168],[-7.895,55.14],[-7.856,55.139],[-7.835,55.165],[-7.866,55.215],[-7.799,55.256],[-7.816,55.195],[-7.718,55.167],[-7.703,55.099],[-7.668,55.147],[-7.695,55.207],[-7.724,55.215],[-7.723,55.176],[-7.788,55.219],[-7.761,55.256],[-7.644,55.273],[-7.526,55.116],[-7.641,55.051],[-7.562,55.045],[-7.681,54.954],[-7.456,55.056],[-7.463,55.143],[-7.55,55.215],[-7.524,55.29],[-7.348,55.314],[-7.257,55.284],[-7.384,55.386],[-6.94,55.239],[-7.159,55.151]]],[[[-9.638,53.251],[-9.692,53.226],[-9.72,53.266],[-9.671,53.281],[-9.638,53.251]]],[[[-9.936,53.989],[-9.923,53.947],[-9.958,53.881],[-10.056,53.914],[-10.067,53.968],[-10.266,53.982],[-9.976,54.021],[-9.936,53.989]]],[[[-8.544,55.015],[-8.484,54.976],[-8.566,54.976],[-8.544,55.015]]],[[[-9.807,51.64],[-9.892,51.611],[-9.918,51.619],[-9.882,51.641],[-9.807,51.64]]],[[[-10.302,51.925],[-10.362,51.892],[-10.429,51.89],[-10.352,51.931],[-10.302,51.925]]],[[[-9.697,53.137],[-9.661,53.091],[-9.811,53.138],[-9.697,53.137]]]]}},{"type":"Feature","properties":{},"geometry":{"type":"MultiPolygon","coordinates":[[[[-7.257,55.051],[-7.054,55.049],[-6.963,55.195],[-6.755,55.178],[-6.476,55.249],[-6.101,55.212],[-6.037,55.168],[-6.062,55.074],[-5.968,55.044],[-5.986,54.982],[-5.886,54.941],[-5.801,54.821],[-5.716,54.784],[-5.798,54.845],[-5.752,54.857],[-5.69,54.793],[-5.729,54.729],[-5.891,54.672],[-5.927,54.633],[-5.907,54.606],[-5.748,54.68],[-5.575,54.68],[-5.434,54.461],[-5.516,54.338],[-5.577,54.403],[-5.558,54.512],[-5.702,54.578],[-5.716,54.537],[-5.626,54.516],[-5.67,54.506],[-5.626,54.441],[-5.709,54.352],[-5.58,54.384],[-5.553,54.299],[-5.656,54.23],[-5.862,54.231],[-5.894,54.105],[-6.08,54.035],[-6.186,54.093],[-6.355,54.111],[-6.378,54.063],[-6.631,54.042],[-6.673,54.068],[-6.64,54.168],[-6.788,54.203],[-6.882,54.277],[-6.88,54.342],[-7.018,54.413],[-7.192,54.335],[-7.209,54.293],[-7.153,54.224],[-7.249,54.197],[-7.28,54.126],[-7.296,54.165],[-7.333,54.149],[-7.31,54.115],[-7.609,54.14],[-7.705,54.2],[-7.856,54.211],[-7.88,54.287],[-8.174,54.462],[-8.002,54.543],[-7.887,54.532],[-7.708,54.604],[-7.846,54.631],[-7.93,54.697],[-7.543,54.742],[-7.405,55.004],[-7.257,55.051]]],[[[-2.694,51.596],[-2.859,51.546],[-2.975,51.563],[-3.173,51.453],[-3.185,51.398],[-3.539,51.399],[-3.738,51.491],[-3.842,51.622],[-3.977,51.612],[-3.975,51.563],[-4.027,51.554],[-4.29,51.556],[-4.29,51.617],[-4.091,51.64],[-4.071,51.676],[-4.315,51.677],[-4.379,51.727],[-4.31,51.734],[-4.363,51.743],[-4.365,51.789],[-4.446,51.773],[-4.427,51.747],[-4.461,51.736],[-4.645,51.732],[-4.712,51.65],[-4.864,51.644],[-4.941,51.597],[-5.12,51.678],[-4.845,51.714],[-4.879,51.762],[-4.824,51.796],[-4.934,51.775],[-4.901,51.762],[-4.911,51.718],[-5.149,51.718],[-5.183,51.689],[-5.25,51.734],[-5.11,51.779],[-5.126,51.856],[-5.311,51.864],[-5.298,51.911],[-5.12,51.959],[-5.07,52.026],[-4.841,52.015],[-4.72,52.113],[-4.502,52.138],[-4.316,52.216],[-4.11,52.365],[-4.057,52.529],[-3.947,52.549],[-4.053,52.542],[-4.125,52.604],[-3.988,52.734],[-4.049,52.722],[-4.149,52.812],[-4.078,52.927],[-4.407,52.893],[-4.516,52.789],[-4.595,52.817],[-4.763,52.789],[-4.596,52.928],[-4.358,53.028],[-4.341,53.113],[-4.321,53.102],[-4.178,53.218],[-3.831,53.289],[-3.878,53.338],[-3.602,53.289],[-3.33,53.352],[-3.088,53.235],[-3.186,53.393],[-3.058,53.435],[-2.881,53.288],[-2.7,53.352],[-2.8,53.321],[-2.925,53.35],[-3.102,53.558],[-2.899,53.735],[-3.049,53.77],[-3.057,53.906],[-2.858,53.968],[-2.83,54.016],[-2.895,54.002],[-2.918,54.034],[-2.796,54.125],[-2.854,54.194],[-2.81,54.212],[-2.796,54.249],[-2.939,54.155],[-2.998,54.16],[-3.049,54.222],[-3.145,54.064],[-3.241,54.112],[-3.207,54.263],[-3.232,54.203],[-3.307,54.192],[-3.407,54.278],[-3.413,54.343],[-3.634,54.513],[-3.388,54.883],[-3.255,54.9],[-3.317,54.92],[-3.277,54.943],[-3.123,54.933],[-3.022,54.976],[-3.571,54.995],[-3.582,54.884],[-3.812,54.855],[-3.817,54.886],[-3.858,54.845],[-3.824,54.825],[-4.012,54.768],[-4.064,54.832],[-4.123,54.773],[-4.209,54.826],[-4.201,54.866],[-4.271,54.839],[-4.403,54.907],[-4.417,54.846],[-4.344,54.795],[-4.348,54.702],[-4.382,54.68],[-4.859,54.866],[-4.955,54.805],[-4.859,54.633],[-4.954,54.66],[-4.955,54.729],[-5.157,54.879],[-5.171,55.009],[-5.115,55.032],[-5.061,54.931],[-4.996,54.92],[-5.05,55.027],[-5.008,55.141],[-4.867,55.222],[-4.833,55.331],[-4.618,55.496],[-4.687,55.544],[-4.693,55.605],[-4.921,55.709],[-4.861,55.757],[-4.886,55.92],[-4.799,55.958],[-4.482,55.928],[-4.673,55.962],[-4.824,56.079],[-4.779,55.992],[-4.852,55.988],[-4.865,56.067],[-4.756,56.207],[-4.852,56.113],[-4.921,56.168],[-4.893,55.99],[-4.955,55.997],[-4.914,55.962],[-4.983,55.871],[-5.042,55.885],[-5.124,56.01],[-5.087,55.901],[-5.181,55.969],[-5.242,55.893],[-5.201,55.831],[-5.297,55.853],[-5.338,55.904],[-5.338,55.997],[-5.204,56.119],[-4.921,56.278],[-5.065,56.229],[-5.369,56.009],[-5.444,56.028],[-5.455,55.956],[-5.318,55.783],[-5.49,55.645],[-5.455,55.592],[-5.585,55.427],[-5.525,55.359],[-5.616,55.307],[-5.783,55.314],[-5.791,55.399],[-5.716,55.448],[-5.681,55.674],[-5.455,55.846],[-5.599,55.764],[-5.66,55.797],[-5.674,55.846],[-5.571,55.935],[-5.672,55.887],[-5.696,55.916],[-5.571,56.038],[-5.708,55.943],[-5.577,56.097],[-5.532,56.086],[-5.559,56.131],[-5.51,56.188],[-5.606,56.14],[-5.559,56.23],[-5.493,56.26],[-5.592,56.25],[-5.573,56.328],[-5.448,56.36],[-5.538,56.36],[-5.457,56.441],[-5.209,56.447],[-5.119,56.508],[-5.065,56.565],[-5.201,56.462],[-5.378,56.459],[-5.411,56.504],[-5.469,56.476],[-5.428,56.538],[-5.357,56.52],[-5.242,56.565],[-5.414,56.545],[-5.318,56.661],[-4.996,56.716],[-5.238,56.717],[-5.12,56.818],[-5.674,56.497],[-5.77,56.538],[-5.749,56.572],[-5.854,56.55],[-6.008,56.642],[-5.839,56.627],[-5.866,56.661],[-5.76,56.701],[-5.647,56.681],[-5.544,56.695],[-5.75,56.715],[-5.897,56.675],[-6.162,56.678],[-6.234,56.729],[-5.965,56.785],[-5.852,56.747],[-5.886,56.785],[-5.757,56.785],[-5.851,56.829],[-5.734,56.845],[-5.66,56.873],[-5.744,56.854],[-5.784,56.86],[-5.736,56.894],[-5.921,56.894],[-5.852,56.9],[-5.88,56.922],[-5.832,56.997],[-5.755,57.027],[-5.659,56.979],[-5.571,56.984],[-5.523,57.004],[-5.629,56.992],[-5.776,57.076],[-5.646,57.129],[-5.558,57.1],[-5.4,57.106],[-5.541,57.106],[-5.681,57.158],[-5.578,57.267],[-5.407,57.23],[-5.502,57.278],[-5.441,57.319],[-5.578,57.278],[-5.729,57.298],[-5.654,57.354],[-5.613,57.342],[-5.501,57.371],[-5.448,57.422],[-5.563,57.363],[-5.64,57.374],[-5.62,57.417],[-5.707,57.36],[-5.808,57.355],[-5.811,57.442],[-5.873,57.494],[-5.839,57.579],[-5.64,57.511],[-5.513,57.541],[-5.66,57.545],[-5.806,57.643],[-5.791,57.696],[-5.674,57.71],[-5.804,57.744],[-5.811,57.833],[-5.699,57.869],[-5.66,57.792],[-5.606,57.77],[-5.626,57.792],[-5.585,57.785],[-5.585,57.831],[-5.654,57.895],[-5.613,57.929],[-5.487,57.856],[-5.415,57.908],[-5.222,57.847],[-5.393,57.918],[-5.366,57.943],[-5.071,57.833],[-5.222,57.921],[-5.204,57.96],[-5.428,58.031],[-5.447,58.084],[-5.301,58.07],[-5.297,58.135],[-5.242,58.148],[-5.331,58.182],[-5.392,58.261],[-5.129,58.271],[-4.934,58.223],[-4.982,58.251],[-4.927,58.265],[-5.05,58.26],[-5.173,58.354],[-5.143,58.415],[-5.016,58.388],[-5.098,58.415],[-5.05,58.454],[-4.996,58.437],[-5.106,58.506],[-5.028,58.544],[-4.988,58.628],[-4.836,58.605],[-4.818,58.525],[-4.777,58.607],[-4.66,58.556],[-4.761,58.448],[-4.585,58.574],[-4.427,58.546],[-4.495,58.45],[-4.344,58.539],[-4.235,58.525],[-4.029,58.595],[-3.896,58.566],[-3.598,58.627],[-3.364,58.601],[-3.413,58.656],[-3.375,58.677],[-3.341,58.648],[-3.019,58.64],[-3.129,58.513],[-3.053,58.466],[-3.13,58.369],[-4.002,57.936],[-4.084,57.964],[-3.988,57.908],[-4.009,57.868],[-4.299,57.863],[-4.392,57.908],[-4.308,57.851],[-4.04,57.818],[-3.984,57.842],[-3.915,57.808],[-3.779,57.856],[-3.988,57.696],[-4.043,57.737],[-4.295,57.68],[-4.428,57.578],[-4.202,57.675],[-4.009,57.689],[-4.105,57.579],[-4.263,57.552],[-4.208,57.538],[-4.249,57.497],[-4.035,57.557],[-4.084,57.586],[-3.591,57.641],[-3.612,57.668],[-3.536,57.662],[-3.492,57.713],[-3.409,57.723],[-3.035,57.669],[-2.916,57.703],[-2.433,57.668],[-1.998,57.703],[-1.829,57.613],[-1.759,57.474],[-1.98,57.319],[-2.069,57.175],[-2.049,57.119],[-2.187,56.985],[-2.186,56.915],[-2.426,56.751],[-2.515,56.591],[-2.728,56.47],[-3.061,56.452],[-3.323,56.366],[-3.231,56.356],[-2.885,56.458],[-2.803,56.428],[-2.838,56.366],[-2.803,56.345],[-2.577,56.278],[-2.784,56.192],[-2.964,56.206],[-3.128,56.123],[-3.164,56.064],[-3.343,56.027],[-3.671,56.051],[-3.837,56.106],[-3.656,56.01],[-3.078,55.947],[-2.94,55.969],[-2.823,56.06],[-2.635,56.058],[-2.569,56.024],[-2.584,56.003],[-2.138,55.915],[-1.816,55.633],[-1.631,55.585],[-1.518,55.157],[-1.363,54.965],[-1.275,54.748],[-1.172,54.701],[-1.165,54.653],[-1.204,54.626],[-1.153,54.613],[-1.138,54.647],[-0.563,54.477],[-0.37,54.248],[-0.076,54.112],[-0.219,54.023],[-0.151,53.899],[0.133,53.643],[0.149,53.61],[0.131,53.573],[0.12,53.618],[-0.092,53.631],[-0.26,53.735],[-0.637,53.732],[-0.726,53.701],[-0.53,53.678],[-0.279,53.707],[-0.189,53.62],[0.219,53.42],[0.357,53.146],[0.33,53.086],[0.01,52.886],[0.106,52.889],[0.247,52.796],[0.385,52.768],[0.486,52.933],[0.57,52.969],[1.014,52.96],[0.966,52.974],[1.275,52.929],[1.644,52.776],[1.747,52.625],[1.771,52.486],[1.631,52.27],[1.582,52.081],[1.472,52.056],[1.332,51.94],[1.264,51.994],[1.158,52.029],[1.274,51.961],[1.069,51.953],[1.282,51.947],[1.2,51.878],[1.287,51.882],[1.276,51.845],[1.065,51.775],[0.98,51.844],[0.874,51.747],[0.699,51.72],[0.761,51.693],[0.93,51.744],[0.952,51.678],[0.911,51.624],[0.952,51.617],[0.924,51.588],[0.771,51.528],[0.456,51.506],[0.385,51.453],[0.535,51.492],[0.695,51.477],[0.723,51.447],[0.555,51.412],[0.713,51.384],[0.726,51.419],[0.764,51.364],[0.977,51.349],[1.448,51.383],[1.378,51.326],[1.413,51.222],[1.384,51.152],[1.067,51.064],[0.966,50.983],[0.98,50.918],[0.762,50.931],[0.624,50.859],[0.365,50.819],[0.271,50.747],[-0.27,50.831],[-0.758,50.777],[-0.79,50.73],[-0.904,50.772],[-0.864,50.808],[-0.939,50.843],[-1.021,50.844],[-1.083,50.781],[-1.069,50.844],[-1.165,50.844],[-1.124,50.819],[-1.151,50.781],[-1.466,50.918],[-1.317,50.8],[-1.525,50.761],[-1.561,50.719],[-1.693,50.74],[-1.94,50.691],[-2.039,50.74],[-2.083,50.699],[-1.953,50.677],[-1.932,50.644],[-1.965,50.602],[-2.398,50.646],[-2.46,50.607],[-2.429,50.558],[-2.453,50.528],[-2.484,50.59],[-2.865,50.734],[-3.26,50.675],[-3.368,50.617],[-3.464,50.679],[-3.433,50.61],[-3.506,50.521],[-3.487,50.459],[-3.556,50.432],[-3.487,50.405],[-3.527,50.35],[-3.632,50.312],[-3.661,50.221],[-3.789,50.212],[-3.961,50.322],[-4.054,50.3],[-4.105,50.371],[-4.171,50.383],[-4.191,50.418],[-4.16,50.459],[-4.201,50.459],[-4.229,50.397],[-4.29,50.397],[-4.194,50.377],[-4.229,50.371],[-4.18,50.356],[-4.194,50.322],[-4.338,50.371],[-4.495,50.328],[-4.673,50.315],[-4.694,50.343],[-4.763,50.322],[-4.8,50.23],[-4.947,50.199],[-5.002,50.144],[-5.053,50.196],[-5.043,50.144],[-5.126,50.096],[-5.057,50.061],[-5.191,49.959],[-5.304,50.08],[-5.475,50.13],[-5.541,50.113],[-5.563,50.06],[-5.705,50.052],[-5.685,50.162],[-5.511,50.219],[-5.438,50.194],[-5.315,50.254],[-5.15,50.35],[-5.154,50.399],[-5.05,50.429],[-5.016,50.538],[-4.947,50.562],[-4.934,50.52],[-4.845,50.514],[-4.922,50.555],[-4.921,50.589],[-4.792,50.595],[-4.752,50.67],[-4.577,50.775],[-4.526,51.015],[-4.338,50.997],[-4.208,51.076],[-4.256,51.152],[-4.215,51.152],[-4.229,51.192],[-3.769,51.248],[-3.385,51.186],[-3.029,51.22],[-3.022,51.192],[-3.022,51.323],[-2.975,51.384],[-2.696,51.513],[-2.383,51.773],[-2.694,51.596]]],[[[-1.062,50.693],[-1.162,50.646],[-1.168,50.603],[-1.279,50.583],[-1.486,50.669],[-1.569,50.658],[-1.319,50.772],[-1.062,50.693]]],[[[-0.973,50.83],[-0.939,50.781],[-1.021,50.788],[-0.973,50.83]]],[[[0.932,51.398],[0.911,51.364],[0.795,51.371],[0.734,51.412],[0.767,51.448],[0.932,51.398]]],[[[-4.626,53.321],[-4.572,53.239],[-4.694,53.31],[-4.626,53.321]]],[[[-4.203,53.298],[-4.043,53.303],[-4.098,53.25],[-4.196,53.22],[-4.222,53.182],[-4.407,53.131],[-4.385,53.182],[-4.495,53.18],[-4.571,53.275],[-4.571,53.393],[-4.325,53.42],[-4.203,53.298]]],[[[-6.284,55.297],[-6.172,55.293],[-6.195,55.263],[-6.284,55.297]]],[[[-5.125,55.537],[-5.078,55.455],[-5.118,55.44],[-5.305,55.462],[-5.346,55.483],[-5.393,55.647],[-5.297,55.723],[-5.198,55.704],[-5.094,55.567],[-5.125,55.537]]],[[[-5.081,55.88],[-5.029,55.723],[-5.116,55.784],[-5.2,55.911],[-5.081,55.88]]],[[[-6.033,55.718],[-6.058,55.66],[-6.287,55.578],[-6.319,55.628],[-6.243,55.66],[-6.325,55.715],[-6.25,55.777],[-6.329,55.783],[-6.463,55.674],[-6.504,55.681],[-6.445,55.849],[-6.331,55.89],[-6.311,55.818],[-6.297,55.867],[-6.14,55.941],[-6.033,55.718]]],[[[-6.198,56.106],[-6.133,56.113],[-6.174,56.044],[-6.27,56.038],[-6.198,56.106]]],[[[-5.996,55.986],[-5.694,56.147],[-5.689,56.112],[-5.962,55.805],[-6.062,55.809],[-6.075,55.916],[-5.886,55.976],[-5.996,55.986]]],[[[-5.681,56.195],[-5.694,56.169],[-5.749,56.161],[-5.722,56.187],[-5.681,56.195]]],[[[-5.667,56.222],[-5.611,56.249],[-5.637,56.189],[-5.667,56.222]]],[[[-5.647,56.299],[-5.585,56.326],[-5.622,56.276],[-5.647,56.299]]],[[[-5.558,56.414],[-5.503,56.421],[-5.585,56.387],[-5.558,56.414]]],[[[-6.16,56.47],[-6.237,56.47],[-6.264,56.483],[-6.215,56.504],[-6.16,56.47]]],[[[-6.99,56.504],[-6.729,56.53],[-6.882,56.444],[-6.965,56.46],[-6.99,56.504]]],[[[-5.68,56.428],[-5.658,56.4],[-5.742,56.414],[-5.784,56.366],[-5.703,56.365],[-5.809,56.319],[-5.88,56.326],[-5.873,56.358],[-6.267,56.263],[-6.366,56.322],[-6.31,56.347],[-6.247,56.312],[-6.021,56.382],[-6.203,56.38],[-6.127,56.448],[-6.01,56.47],[-6.017,56.504],[-6.127,56.474],[-6.338,56.552],[-6.29,56.572],[-6.325,56.606],[-6.151,56.652],[-6.058,56.64],[-5.963,56.526],[-5.71,56.485],[-5.648,56.448],[-5.68,56.428]]],[[[-6.453,56.688],[-6.616,56.575],[-6.702,56.586],[-6.506,56.685],[-6.453,56.688]]],[[[-7.449,57.059],[-7.374,56.983],[-7.445,56.947],[-7.557,56.953],[-7.449,57.059]]],[[[-6.364,57.056],[-6.243,57.01],[-6.304,56.944],[-6.455,57.004],[-6.364,57.056]]],[[[-6.606,57.052],[-6.537,57.073],[-6.49,57.059],[-6.606,57.052]]],[[[-5.959,57.284],[-6.014,57.317],[-5.925,57.292],[-5.959,57.284]]],[[[-7.37,57.355],[-7.195,57.306],[-7.257,57.237],[-7.353,57.243],[-7.271,57.216],[-7.26,57.16],[-7.346,57.148],[-7.216,57.114],[-7.353,57.1],[-7.455,57.237],[-7.39,57.312],[-7.428,57.388],[-7.353,57.408],[-7.223,57.34],[-7.394,57.381],[-7.37,57.355]]],[[[-7.37,57.489],[-7.202,57.463],[-7.264,57.449],[-7.205,57.419],[-7.318,57.408],[-7.408,57.446],[-7.37,57.489]]],[[[-6.055,57.326],[-6.062,57.453],[-5.993,57.507],[-6.018,57.418],[-5.989,57.347],[-6.055,57.326]]],[[[-5.968,57.518],[-5.983,57.566],[-5.962,57.577],[-5.968,57.518]]],[[[-7.189,57.655],[-7.065,57.634],[-7.099,57.607],[-7.216,57.641],[-7.106,57.593],[-7.126,57.571],[-7.312,57.552],[-7.144,57.549],[-7.158,57.511],[-7.305,57.511],[-7.346,57.545],[-7.318,57.552],[-7.545,57.593],[-7.477,57.662],[-7.387,57.662],[-7.397,57.635],[-7.312,57.689],[-7.333,57.662],[-7.257,57.648],[-7.182,57.689],[-7.189,57.655]]],[[[-6.581,57.339],[-6.696,57.364],[-6.784,57.456],[-6.722,57.456],[-6.747,57.488],[-6.716,57.514],[-6.607,57.444],[-6.631,57.502],[-6.564,57.504],[-6.655,57.552],[-6.64,57.607],[-6.421,57.518],[-6.443,57.488],[-6.4,57.521],[-6.311,57.463],[-6.416,57.646],[-6.311,57.703],[-6.154,57.59],[-6.133,57.476],[-6.188,57.394],[-6.127,57.408],[-6.135,57.357],[-6.099,57.332],[-6.154,57.306],[-6.045,57.308],[-6.078,57.278],[-5.901,57.243],[-5.647,57.265],[-5.691,57.19],[-6.007,57.028],[-6.027,57.062],[-5.987,57.118],[-5.845,57.188],[-5.986,57.175],[-6.044,57.23],[-6.024,57.196],[-6.089,57.127],[-6.113,57.188],[-6.164,57.201],[-6.318,57.161],[-6.277,57.202],[-6.346,57.188],[-6.38,57.223],[-6.346,57.243],[-6.408,57.243],[-6.482,57.312],[-6.324,57.311],[-6.463,57.347],[-6.476,57.401],[-6.524,57.381],[-6.531,57.415],[-6.581,57.339]]],[[[-7.18,57.735],[-7.152,57.726],[-7.223,57.71],[-7.18,57.735]]],[[[-8.605,57.826],[-8.569,57.824],[-8.552,57.819],[-8.591,57.805],[-8.605,57.826]]],[[[-6.997,57.915],[-7.079,57.88],[-7.038,57.916],[-6.997,57.915]]],[[[-6.873,58.21],[-6.88,58.258],[-6.791,58.21],[-6.873,58.21]]],[[[-6.974,57.733],[-7.125,57.837],[-7.079,57.813],[-6.914,57.868],[-6.963,57.895],[-6.832,57.902],[-6.866,57.921],[-6.839,57.936],[-7.113,57.99],[-6.935,58.052],[-7.058,58.039],[-7.024,58.08],[-7.076,58.062],[-7.113,58.1],[-7.113,58.182],[-7.017,58.189],[-7.058,58.213],[-7.031,58.245],[-6.907,58.217],[-6.937,58.211],[-6.86,58.107],[-6.869,58.189],[-6.709,58.189],[-6.819,58.285],[-6.267,58.512],[-6.223,58.499],[-6.167,58.42],[-6.215,58.368],[-6.167,58.347],[-6.366,58.237],[-6.271,58.216],[-6.151,58.258],[-6.16,58.217],[-6.234,58.184],[-6.4,58.21],[-6.373,58.141],[-6.619,58.086],[-6.407,58.107],[-6.366,58.059],[-6.4,58.045],[-6.352,58.039],[-6.424,58.004],[-6.545,58.018],[-6.455,57.977],[-6.551,57.943],[-6.537,57.921],[-6.63,57.957],[-6.619,57.915],[-6.661,57.929],[-6.709,58.004],[-6.592,58.059],[-6.688,58.059],[-6.764,58.004],[-6.661,57.88],[-6.787,57.899],[-6.806,57.88],[-6.742,57.831],[-6.853,57.833],[-6.873,57.778],[-6.974,57.733]]],[[[-2.907,58.838],[-2.885,58.82],[-2.94,58.731],[-3.016,58.813],[-2.967,58.82],[-3.036,58.82],[-2.907,58.838]]],[[[-3.248,58.792],[-3.132,58.806],[-3.299,58.779],[-3.379,58.874],[-3.433,58.885],[-3.349,58.929],[-3.246,58.896],[-3.173,58.826],[-3.248,58.792]]],[[[-2.714,58.967],[-2.715,58.925],[-2.839,58.883],[-2.981,58.96],[-3.203,58.916],[-3.239,58.951],[-3.228,59.039],[-3.289,58.95],[-3.367,59.016],[-3.324,59.127],[-3.183,59.147],[-2.994,59.073],[-3.117,58.998],[-2.781,58.99],[-2.838,58.95],[-2.795,58.926],[-2.796,58.957],[-2.714,58.967]]],[[[-2.626,59.162],[-2.515,59.094],[-2.686,59.089],[-2.622,59.116],[-2.666,59.155],[-2.626,59.162]]],[[[-2.975,59.134],[-3.12,59.177],[-2.953,59.183],[-2.975,59.134]]],[[[-2.817,59.191],[-2.777,59.253],[-2.728,59.224],[-2.761,59.193],[-2.734,59.148],[-2.789,59.145],[-2.817,59.191]]],[[[-2.425,59.31],[-2.392,59.285],[-2.693,59.192],[-2.596,59.265],[-2.612,59.293],[-2.522,59.307],[-2.563,59.265],[-2.425,59.31]]],[[[-3.059,59.323],[-2.965,59.361],[-2.988,59.32],[-2.83,59.252],[-2.885,59.23],[-2.871,59.258],[-2.947,59.291],[-3.008,59.271],[-3.059,59.323]]],[[[-1.645,59.514],[-1.625,59.556],[-1.583,59.56],[-1.645,59.514]]],[[[-0.939,60.629],[-0.761,60.588],[-0.856,60.567],[-0.939,60.629]]],[[[-1.144,60.389],[-1.034,60.451],[-1.125,60.384],[-1.068,60.396],[-1.07,60.36],[-1.172,60.348],[-1.075,60.321],[-1.138,60.291],[-1.09,60.273],[-1.193,60.273],[-1.219,60.238],[-1.179,60.232],[-1.199,60.204],[-1.158,60.225],[-1.193,60.176],[-1.155,60.193],[-1.124,60.15],[-1.213,60.107],[-1.165,60.06],[-1.219,60.04],[-1.201,59.986],[-1.247,59.998],[-1.275,59.854],[-1.376,59.909],[-1.323,59.951],[-1.35,59.978],[-1.263,60.115],[-1.269,60.185],[-1.312,60.181],[-1.268,60.245],[-1.329,60.204],[-1.358,60.244],[-1.411,60.259],[-1.35,60.211],[-1.455,60.156],[-1.527,60.193],[-1.466,60.217],[-1.504,60.243],[-1.525,60.212],[-1.625,60.217],[-1.69,60.285],[-1.481,60.316],[-1.466,60.279],[-1.423,60.326],[-1.364,60.286],[-1.343,60.348],[-1.26,60.355],[-1.395,60.39],[-1.446,60.492],[-1.48,60.457],[-1.48,60.485],[-1.609,60.483],[-1.527,60.557],[-1.455,60.509],[-1.384,60.512],[-1.48,60.539],[-1.419,60.608],[-1.316,60.594],[-1.301,60.643],[-1.336,60.485],[-1.295,60.492],[-1.37,60.402],[-1.234,60.444],[-1.295,60.471],[-1.218,60.498],[-1.152,60.431],[-1.221,60.409],[-1.144,60.389]]],[[[-0.993,60.731],[-0.993,60.636],[-1.062,60.663],[-1.014,60.615],[-1.069,60.615],[-1.011,60.578],[-1.042,60.553],[-1.024,60.503],[-1.154,60.508],[-1.18,60.625],[-1.138,60.649],[-1.103,60.615],[-1.114,60.715],[-0.993,60.731]]],[[[-0.822,60.685],[-0.966,60.69],[-0.939,60.8],[-0.881,60.845],[-0.856,60.824],[-0.888,60.79],[-0.822,60.848],[-0.764,60.825],[-0.85,60.718],[-0.822,60.685]]],[[[-6.307,49.927],[-6.288,49.914],[-6.309,49.914],[-6.307,49.927]]],[[[-6.342,49.964],[-6.341,49.945],[-6.349,49.964],[-6.342,49.964]]],[[[-4.671,51.195],[-4.67,51.16],[-4.676,51.193],[-4.671,51.195]]],[[[-13.689,57.596],[-13.69,57.598],[-13.688,57.597],[-13.689,57.596]]],[[[-1.308,60.094],[-1.334,60.044],[-1.335,60.076],[-1.368,60.045],[-1.346,60.109],[-1.308,60.094]]],[[[-2.049,60.147],[-2.063,60.118],[-2.112,60.138],[-2.088,60.155],[-2.049,60.147]]],[[[-1.051,60.17],[-1.074,60.108],[-1.122,60.123],[-1.119,60.156],[-1.135,60.179],[-1.051,60.17]]],[[[-0.913,60.387],[-0.976,60.34],[-1.034,60.34],[-1.006,60.369],[-0.913,60.387]]]]}},{"type":"Feature","properties":{},"geometry":{"type":"MultiPolygon","coordinates":[[[[20.965,40.849],[21.329,40.866],[21.405,40.909],[21.582,40.866],[21.685,40.928],[21.766,40.924],[21.909,41.097],[22.048,41.152],[22.451,41.114],[22.59,41.125],[22.645,41.18],[22.705,41.14],[22.781,41.335],[23.157,41.316],[23.288,41.398],[23.326,41.369],[23.415,41.4],[23.612,41.371],[23.895,41.464],[24.035,41.451],[24.047,41.526],[24.17,41.512],[24.233,41.562],[24.296,41.515],[24.51,41.562],[24.58,41.441],[24.774,41.348],[24.803,41.393],[24.886,41.401],[25.286,41.239],[25.551,41.316],[25.68,41.297],[25.811,41.341],[25.882,41.304],[26.121,41.358],[26.176,41.432],[26.163,41.529],[26.048,41.689],[26.226,41.75],[26.476,41.676],[26.464,41.649],[26.576,41.591],[26.595,41.612],[26.636,41.4],[26.61,41.331],[26.54,41.352],[26.321,41.246],[26.359,40.965],[26.304,40.909],[26.226,40.899],[26.082,40.736],[26.006,40.804],[26.054,40.831],[25.538,40.87],[25.3,40.952],[25.181,40.943],[25.134,40.963],[25.17,40.996],[25.138,41.01],[25.039,41.006],[24.99,40.942],[24.802,40.853],[24.629,40.859],[24.567,40.952],[24.505,40.962],[24.392,40.936],[24.313,40.88],[24.306,40.842],[24.341,40.831],[24.11,40.728],[23.842,40.783],[23.732,40.752],[23.7,40.674],[23.915,40.539],[23.823,40.507],[23.868,40.414],[24.002,40.386],[24.011,40.449],[24.086,40.366],[24.233,40.317],[24.394,40.152],[24.3,40.128],[24.169,40.275],[23.937,40.365],[23.73,40.359],[23.694,40.309],[23.716,40.255],[23.991,40.119],[24.019,40.016],[23.97,39.968],[23.991,39.954],[23.827,40.009],[23.675,40.218],[23.438,40.279],[23.34,40.228],[23.364,40.15],[23.499,40.042],[23.748,39.93],[23.361,39.961],[23.382,40.003],[23.306,40.104],[23.299,40.235],[22.888,40.386],[22.822,40.502],[22.983,40.553],[22.91,40.645],[22.854,40.639],[22.851,40.593],[22.759,40.568],[22.737,40.515],[22.674,40.527],[22.651,40.473],[22.579,40.468],[22.661,40.369],[22.553,40.167],[22.571,40.054],[22.708,39.961],[22.73,39.885],[22.85,39.791],[22.939,39.581],[23.097,39.502],[23.271,39.323],[23.344,39.18],[23.204,39.105],[23.052,39.098],[23.081,39.147],[23.114,39.159],[23.101,39.105],[23.217,39.18],[23.135,39.297],[22.936,39.361],[22.943,39.303],[22.843,39.288],[22.826,39.221],[22.854,39.159],[22.902,39.18],[22.998,39.07],[22.964,39.009],[23.073,39.036],[22.985,38.954],[22.792,38.878],[22.622,38.914],[22.525,38.858],[22.593,38.83],[22.703,38.851],[22.778,38.782],[23.042,38.747],[23.105,38.638],[23.182,38.654],[23.187,38.686],[23.306,38.653],[23.333,38.604],[23.293,38.579],[23.285,38.556],[23.382,38.535],[23.335,38.504],[23.567,38.501],[23.601,38.474],[23.573,38.453],[23.673,38.356],[23.951,38.291],[24.081,38.166],[23.989,38.123],[24.033,38.008],[24.012,37.925],[24.046,37.906],[24.012,37.892],[24.067,37.864],[24.087,37.785],[24.033,37.652],[23.95,37.677],[23.866,37.808],[23.813,37.83],[23.779,37.802],[23.697,37.94],[23.561,37.973],[23.598,38.021],[23.575,38.047],[23.45,38.021],[23.409,37.974],[23.015,37.925],[22.995,37.882],[23.013,37.848],[23.114,37.851],[23.182,37.809],[23.121,37.741],[23.176,37.72],[23.169,37.614],[23.337,37.535],[23.359,37.574],[23.312,37.617],[23.399,37.638],[23.374,37.556],[23.422,37.528],[23.395,37.515],[23.526,37.439],[23.263,37.401],[23.23,37.375],[23.278,37.35],[23.186,37.341],[23.204,37.303],[23.169,37.3],[23.073,37.355],[23.073,37.401],[23.141,37.412],[23.132,37.449],[23.046,37.487],[23.005,37.46],[22.922,37.54],[22.854,37.515],[22.778,37.597],[22.726,37.566],[22.758,37.398],[22.907,37.194],[22.903,37.121],[22.956,37.124],[22.982,37.083],[23.012,36.939],[23.114,36.781],[23.089,36.733],[23.031,36.726],[23.059,36.693],[23.036,36.649],[23.155,36.541],[23.135,36.508],[23.196,36.433],[23.095,36.443],[23.051,36.522],[22.972,36.52],[22.884,36.654],[22.815,36.671],[22.787,36.793],[22.686,36.809],[22.577,36.783],[22.525,36.685],[22.553,36.651],[22.517,36.666],[22.526,36.612],[22.484,36.607],[22.491,36.391],[22.47,36.452],[22.355,36.512],[22.388,36.556],[22.388,36.706],[22.222,36.898],[22.138,36.917],[22.153,37.021],[22.048,37.035],[21.943,36.993],[21.922,36.863],[21.97,36.795],[21.883,36.727],[21.823,36.809],[21.707,36.818],[21.71,36.943],[21.662,36.959],[21.57,37.116],[21.574,37.192],[21.696,37.316],[21.675,37.396],[21.55,37.561],[21.402,37.655],[21.312,37.638],[21.285,37.785],[21.122,37.837],[21.106,37.878],[21.134,37.946],[21.208,37.946],[21.326,38.021],[21.284,38.015],[21.367,38.121],[21.374,38.221],[21.622,38.155],[21.849,38.341],[22.02,38.313],[22.219,38.188],[22.68,38.067],[22.867,37.94],[22.975,37.979],[22.854,38.035],[22.875,38.049],[22.943,38.083],[23.173,38.079],[23.217,38.103],[23.176,38.145],[23.223,38.159],[23.128,38.172],[23.123,38.208],[23.067,38.183],[22.952,38.225],[22.922,38.207],[22.969,38.193],[22.909,38.193],[22.895,38.241],[22.806,38.227],[22.765,38.248],[22.799,38.282],[22.696,38.317],[22.646,38.39],[22.563,38.294],[22.402,38.453],[22.382,38.343],[22.225,38.36],[22.189,38.323],[22.133,38.373],[21.958,38.412],[21.831,38.397],[21.763,38.328],[21.6,38.351],[21.518,38.296],[21.428,38.331],[21.49,38.309],[21.49,38.358],[21.377,38.399],[21.323,38.496],[21.337,38.396],[21.156,38.304],[21.085,38.344],[21.14,38.399],[21.087,38.41],[21.12,38.44],[21.079,38.488],[21.096,38.532],[21.031,38.511],[20.988,38.664],[20.914,38.686],[20.86,38.804],[20.773,38.761],[20.729,38.81],[20.749,38.857],[20.805,38.868],[20.756,38.907],[20.77,38.959],[20.817,38.921],[20.86,38.961],[20.867,38.926],[20.921,38.954],[21.027,38.933],[21.085,38.864],[21.102,38.911],[21.177,38.876],[21.14,38.941],[21.16,38.998],[21.085,39.063],[21.058,39.009],[20.901,39.077],[20.886,39.036],[20.845,39.037],[20.822,39.114],[20.743,39.029],[20.832,38.964],[20.766,38.978],[20.735,38.95],[20.687,39.072],[20.479,39.225],[20.482,39.283],[20.325,39.304],[20.236,39.399],[20.216,39.44],[20.267,39.447],[20.216,39.495],[20.264,39.509],[20.134,39.53],[20.182,39.624],[20.0,39.694],[20.2,39.64],[20.296,39.717],[20.28,39.804],[20.389,39.798],[20.298,39.987],[20.376,39.994],[20.433,40.064],[20.648,40.094],[20.771,40.422],[20.84,40.472],[20.937,40.473],[21.019,40.559],[21.035,40.659],[20.944,40.765],[20.965,40.849]]],[[[24.093,34.87],[24.135,34.815],[24.046,34.855],[24.093,34.87]]],[[[27.002,35.437],[27.007,35.398],[26.877,35.349],[26.848,35.372],[26.9,35.425],[27.002,35.437]]],[[[26.294,35.315],[26.266,35.26],[26.321,35.198],[26.278,35.1],[26.235,35.034],[26.147,35.002],[25.985,35.039],[25.348,34.992],[25.108,34.938],[24.739,34.932],[24.759,35.041],[24.718,35.094],[24.565,35.106],[24.402,35.191],[24.05,35.191],[23.827,35.253],[23.611,35.235],[23.518,35.308],[23.553,35.321],[23.58,35.576],[23.605,35.613],[23.62,35.524],[23.718,35.513],[23.711,35.649],[23.742,35.687],[23.779,35.672],[23.779,35.576],[23.817,35.535],[24.025,35.521],[24.094,35.554],[24.082,35.59],[24.183,35.586],[24.183,35.513],[24.072,35.498],[24.187,35.452],[24.252,35.479],[24.265,35.37],[24.34,35.348],[24.721,35.427],[24.971,35.425],[25.053,35.404],[25.077,35.344],[25.376,35.343],[25.454,35.294],[25.66,35.349],[25.766,35.336],[25.725,35.294],[25.759,35.26],[25.713,35.183],[25.729,35.133],[25.795,35.115],[26.061,35.233],[26.155,35.198],[26.294,35.315]]],[[[27.233,35.504],[27.136,35.404],[27.093,35.452],[27.114,35.551],[27.068,35.589],[27.154,35.718],[27.157,35.801],[27.221,35.829],[27.219,35.726],[27.157,35.619],[27.233,35.504]]],[[[23.272,35.904],[23.331,35.865],[23.333,35.829],[23.272,35.904]]],[[[22.945,36.389],[23.104,36.237],[23.058,36.216],[23.052,36.145],[22.991,36.137],[22.909,36.206],[22.902,36.338],[22.945,36.389]]],[[[25.746,36.358],[25.768,36.402],[25.855,36.364],[25.746,36.358]]],[[[28.214,36.455],[28.163,36.238],[28.062,36.117],[28.096,36.104],[28.09,36.055],[27.993,36.062],[27.827,35.914],[27.733,35.915],[27.712,35.953],[27.757,36.084],[27.684,36.158],[27.772,36.198],[27.803,36.27],[27.9,36.34],[28.214,36.455]]],[[[25.418,36.47],[25.491,36.398],[25.447,36.336],[25.362,36.357],[25.437,36.391],[25.422,36.451],[25.369,36.467],[25.418,36.47]]],[[[27.387,36.421],[27.445,36.405],[27.399,36.379],[27.35,36.431],[27.315,36.411],[27.301,36.473],[27.369,36.472],[27.387,36.421]]],[[[26.362,36.631],[26.466,36.583],[26.373,36.572],[26.342,36.509],[26.266,36.548],[26.266,36.596],[26.404,36.59],[26.362,36.631]]],[[[27.87,36.624],[27.843,36.528],[27.76,36.576],[27.788,36.617],[27.861,36.647],[27.815,36.61],[27.87,36.624]]],[[[24.868,36.665],[24.964,36.596],[24.841,36.665],[24.868,36.665]]],[[[25.186,36.719],[25.13,36.66],[25.067,36.638],[25.105,36.699],[25.186,36.719]]],[[[21.75,36.712],[21.782,36.736],[21.778,36.699],[21.75,36.712]]],[[[24.409,36.761],[24.546,36.754],[24.538,36.681],[24.327,36.651],[24.354,36.754],[24.461,36.699],[24.409,36.761]]],[[[24.656,36.783],[24.645,36.747],[24.608,36.781],[24.622,36.795],[24.656,36.783]]],[[[25.373,36.654],[25.263,36.768],[25.307,36.795],[25.409,36.712],[25.373,36.654]]],[[[21.696,36.74],[21.709,36.802],[21.729,36.795],[21.696,36.74]]],[[[24.608,36.829],[24.573,36.782],[24.521,36.817],[24.562,36.846],[24.608,36.829]]],[[[25.478,36.835],[25.447,36.857],[25.478,36.871],[25.478,36.835]]],[[[27.164,36.891],[27.356,36.863],[27.13,36.761],[26.992,36.754],[26.973,36.679],[26.918,36.716],[26.926,36.766],[26.986,36.768],[27.164,36.891]]],[[[25.615,36.894],[25.65,36.912],[25.684,36.891],[25.655,36.879],[25.615,36.894]]],[[[26.019,36.925],[26.075,36.893],[26.006,36.891],[25.88,36.795],[25.756,36.77],[25.739,36.795],[25.845,36.809],[25.845,36.85],[26.019,36.925]]],[[[25.081,36.953],[25.026,37.008],[25.088,37.042],[25.081,36.953]]],[[[24.642,37.049],[24.766,36.949],[24.711,36.904],[24.642,37.049]]],[[[26.92,36.959],[26.954,37.028],[26.917,37.042],[26.89,37.09],[27.044,36.996],[27.04,36.945],[26.945,36.926],[26.92,36.959]]],[[[25.837,37.102],[25.781,37.124],[25.835,37.138],[25.837,37.102]]],[[[25.269,37.046],[25.188,36.985],[25.103,37.013],[25.15,37.111],[25.239,37.152],[25.259,37.124],[25.293,37.152],[25.269,37.046]]],[[[25.534,37.201],[25.592,37.143],[25.581,37.018],[25.45,36.918],[25.342,37.083],[25.534,37.201]]],[[[24.436,37.185],[24.521,37.204],[24.532,37.13],[24.423,37.124],[24.436,37.185]]],[[[23.094,37.275],[23.158,37.271],[23.162,37.244],[23.094,37.275]]],[[[23.571,37.358],[23.497,37.32],[23.374,37.303],[23.464,37.357],[23.571,37.358]]],[[[24.375,37.438],[24.444,37.487],[24.431,37.446],[24.483,37.412],[24.368,37.31],[24.402,37.371],[24.375,37.438]]],[[[25.463,37.47],[25.307,37.412],[25.313,37.488],[25.463,37.47]]],[[[24.948,37.486],[24.964,37.402],[24.882,37.364],[24.895,37.51],[24.948,37.486]]],[[[23.475,37.541],[23.526,37.522],[23.436,37.522],[23.475,37.541]]],[[[25.081,37.587],[24.985,37.679],[25.246,37.624],[25.259,37.59],[25.216,37.533],[25.081,37.587]]],[[[24.403,37.656],[24.313,37.538],[24.275,37.532],[24.321,37.679],[24.403,37.656]]],[[[26.362,37.686],[26.231,37.571],[25.976,37.516],[26.074,37.638],[26.197,37.632],[26.362,37.686]]],[[[23.546,37.774],[23.484,37.679],[23.424,37.762],[23.546,37.774]]],[[[27.034,37.761],[27.061,37.707],[26.861,37.643],[26.787,37.647],[26.708,37.714],[26.598,37.677],[26.58,37.741],[26.658,37.793],[26.806,37.815],[26.966,37.748],[26.945,37.789],[27.068,37.774],[27.034,37.761]]],[[[20.85,37.836],[20.987,37.73],[20.996,37.699],[20.894,37.733],[20.815,37.652],[20.619,37.823],[20.619,37.864],[20.709,37.925],[20.742,37.862],[20.85,37.836]]],[[[24.994,37.754],[24.958,37.686],[24.716,37.879],[24.694,37.966],[24.779,38.0],[24.848,37.915],[24.954,37.906],[24.943,37.843],[24.985,37.816],[24.958,37.774],[24.994,37.754]]],[[[23.402,37.906],[23.498,37.967],[23.422,37.96],[23.457,37.974],[23.429,37.988],[23.518,37.999],[23.573,37.953],[23.467,37.884],[23.402,37.906]]],[[[20.795,38.066],[20.615,38.12],[20.565,38.09],[20.51,38.111],[20.469,38.193],[20.51,38.18],[20.445,38.276],[20.425,38.175],[20.38,38.152],[20.345,38.182],[20.4,38.364],[20.479,38.309],[20.53,38.337],[20.538,38.474],[20.572,38.474],[20.626,38.352],[20.599,38.303],[20.631,38.258],[20.682,38.282],[20.805,38.116],[20.795,38.066]]],[[[20.728,38.389],[20.764,38.323],[20.688,38.337],[20.619,38.481],[20.672,38.498],[20.661,38.461],[20.709,38.447],[20.675,38.378],[20.728,38.389]]],[[[20.941,38.604],[20.908,38.549],[20.894,38.549],[20.932,38.603],[20.941,38.604]]],[[[26.144,38.564],[26.122,38.488],[26.154,38.467],[26.164,38.303],[26.114,38.284],[26.112,38.223],[26.01,38.157],[25.89,38.221],[25.876,38.275],[25.964,38.303],[25.989,38.379],[25.843,38.515],[25.849,38.58],[26.016,38.602],[26.108,38.543],[26.144,38.564]]],[[[25.595,38.604],[25.605,38.535],[25.561,38.535],[25.526,38.604],[25.595,38.604]]],[[[20.602,38.627],[20.545,38.57],[20.603,38.782],[20.686,38.85],[20.729,38.782],[20.716,38.627],[20.648,38.584],[20.602,38.627]]],[[[24.679,38.807],[24.657,38.769],[24.601,38.793],[24.567,38.763],[24.532,38.796],[24.574,38.81],[24.557,38.846],[24.436,38.878],[24.461,38.968],[24.561,38.944],[24.579,38.876],[24.679,38.807]]],[[[24.588,38.159],[24.552,37.978],[24.477,37.962],[24.43,38.021],[24.372,37.972],[24.286,38.086],[24.204,38.09],[24.185,38.218],[24.126,38.217],[24.153,38.281],[24.109,38.256],[24.122,38.309],[24.025,38.331],[24.067,38.351],[24.042,38.402],[23.649,38.406],[23.594,38.453],[23.636,38.501],[23.614,38.558],[23.505,38.597],[23.446,38.677],[23.202,38.83],[22.969,38.889],[22.982,38.845],[22.833,38.823],[22.837,38.854],[23.036,38.926],[23.127,39.006],[23.309,39.038],[23.426,38.954],[23.48,38.838],[23.594,38.77],[23.723,38.762],[23.858,38.683],[24.156,38.653],[24.126,38.599],[24.231,38.522],[24.185,38.408],[24.252,38.228],[24.344,38.159],[24.588,38.159]]],[[[23.46,39.132],[23.399,39.164],[23.47,39.214],[23.513,39.179],[23.46,39.132]]],[[[23.717,39.077],[23.587,39.208],[23.793,39.118],[23.717,39.077]]],[[[20.125,39.236],[20.19,39.203],[20.202,39.18],[20.125,39.236]]],[[[23.967,39.251],[23.834,39.146],[23.957,39.289],[23.967,39.251]]],[[[26.612,39.04],[26.539,39.019],[26.489,39.114],[26.437,39.104],[26.547,38.988],[26.424,38.967],[26.166,39.022],[26.088,39.083],[26.226,39.132],[26.28,39.196],[26.187,39.202],[26.064,39.091],[25.889,39.145],[25.835,39.18],[25.842,39.228],[25.917,39.297],[26.033,39.283],[26.163,39.324],[26.164,39.379],[26.362,39.379],[26.417,39.33],[26.382,39.277],[26.54,39.166],[26.612,39.04]]],[[[25.047,39.545],[25.04,39.521],[24.985,39.467],[24.977,39.538],[25.047,39.545]]],[[[20.097,39.423],[20.106,39.365],[19.912,39.43],[19.829,39.572],[19.626,39.748],[19.667,39.794],[19.852,39.825],[19.948,39.79],[19.934,39.741],[19.842,39.704],[19.845,39.653],[19.928,39.625],[19.9,39.604],[19.937,39.473],[20.097,39.423]]],[[[25.441,40.026],[25.45,39.988],[25.348,39.906],[25.349,39.788],[25.239,39.858],[25.28,39.889],[25.251,39.919],[25.177,39.845],[25.215,39.803],[25.143,39.817],[25.165,39.859],[25.047,39.838],[25.068,39.921],[25.033,39.995],[25.225,40.009],[25.285,39.953],[25.441,40.026]]],[[[25.695,40.433],[25.567,40.4],[25.444,40.482],[25.576,40.515],[25.672,40.487],[25.695,40.433]]],[[[24.732,40.784],[24.78,40.612],[24.642,40.571],[24.517,40.639],[24.533,40.718],[24.642,40.804],[24.732,40.784]]],[[[23.884,36.844],[23.884,36.832],[23.877,36.844],[23.884,36.844]]],[[[23.456,36.928],[23.464,36.904],[23.45,36.929],[23.456,36.928]]],[[[27.616,36.243],[27.61,36.216],[27.519,36.217],[27.527,36.24],[27.616,36.243]]],[[[27.195,36.607],[27.198,36.568],[27.13,36.57],[27.137,36.6],[27.195,36.607]]],[[[26.878,37.129],[26.838,37.105],[26.773,37.183],[26.85,37.187],[26.878,37.129]]],[[[26.604,37.349],[26.549,37.327],[26.568,37.275],[26.546,37.277],[26.536,37.373],[26.604,37.349]]],[[[24.733,37.632],[24.718,37.594],[24.66,37.607],[24.733,37.632]]],[[[20.904,38.643],[20.942,38.627],[20.871,38.583],[20.904,38.643]]],[[[20.805,38.666],[20.76,38.627],[20.8,38.595],[20.752,38.626],[20.737,38.652],[20.805,38.666]]],[[[24.091,39.349],[24.082,39.305],[24.063,39.297],[24.045,39.341],[24.091,39.349]]]]}},{"type":"Feature","properties":{},"geometry":{"type":"Polygon","coordinates":[[[-14.007,10.001],[-14.062,10.05],[-14.02,10.094],[-13.994,10.076],[-14.028,10.117],[-14.068,10.118],[-14.0,10.2],[-14.089,10.138],[-14.101,10.058],[-14.153,10.056],[-14.179,10.11],[-14.124,10.163],[-14.138,10.179],[-14.222,10.106],[-14.244,10.182],[-14.27,10.16],[-14.377,10.234],[-14.453,10.215],[-14.463,10.33],[-14.548,10.426],[-14.535,10.508],[-14.658,10.48],[-14.65,10.57],[-14.596,10.604],[-14.629,10.617],[-14.615,10.691],[-14.569,10.731],[-14.5,10.891],[-14.7,10.643],[-14.678,10.693],[-14.719,10.699],[-14.651,10.81],[-14.76,10.699],[-14.795,10.768],[-14.74,10.872],[-14.809,10.823],[-14.82,10.912],[-14.665,11.036],[-14.685,11.064],[-14.742,10.989],[-14.801,10.981],[-14.811,11.014],[-14.843,10.967],[-14.919,11.029],[-14.911,10.96],[-14.96,10.981],[-14.911,10.926],[-14.98,10.875],[-14.96,10.768],[-15.032,10.793],[-15.081,10.878],[-14.711,11.498],[-14.521,11.513],[-14.29,11.669],[-14.015,11.637],[-13.886,11.676],[-13.87,11.744],[-13.816,11.687],[-13.73,11.71],[-13.724,12.003],[-13.973,12.152],[-13.944,12.219],[-13.84,12.277],[-13.741,12.257],[-13.695,12.293],[-13.661,12.459],[-13.735,12.585],[-13.728,12.673],[-13.076,12.636],[-13.052,12.472],[-12.981,12.467],[-12.949,12.536],[-12.913,12.536],[-12.773,12.435],[-12.648,12.426],[-12.594,12.362],[-12.467,12.384],[-12.361,12.306],[-12.104,12.407],[-11.758,12.383],[-11.482,12.428],[-11.389,12.384],[-11.447,12.375],[-11.445,12.289],[-11.508,12.192],[-11.335,12.026],[-11.191,12.014],[-11.052,12.203],[-10.952,12.219],[-10.805,12.096],[-10.808,12.023],[-10.711,11.89],[-10.559,11.995],[-10.512,12.118],[-10.267,12.218],[-9.723,12.025],[-9.628,12.17],[-9.337,12.27],[-9.309,12.358],[-9.398,12.473],[-9.327,12.498],[-9.147,12.465],[-8.976,12.369],[-8.998,12.235],[-8.914,12.17],[-8.922,12.045],[-8.82,12.013],[-8.797,11.913],[-8.847,11.658],[-8.727,11.649],[-8.657,11.496],[-8.55,11.49],[-8.528,11.423],[-8.375,11.368],[-8.426,11.34],[-8.377,11.295],[-8.493,11.278],[-8.625,11.122],[-8.696,10.963],[-8.56,10.972],[-8.506,11.053],[-8.327,11.024],[-8.304,10.875],[-8.342,10.763],[-8.284,10.511],[-8.229,10.423],[-8.135,10.427],[-8.115,10.36],[-7.996,10.328],[-7.963,10.233],[-8.035,10.086],[-8.152,10.0],[-14.007,10.001]]]}},{"type":"Feature","properties":{},"geometry":{"type":"Polygon","coordinates":[[[22.863,10.892],[23.006,10.687],[23.291,10.44],[23.566,10.0],[21.401,10.0],[21.513,10.201],[21.656,10.234],[21.719,10.297],[21.751,10.412],[21.705,10.532],[21.723,10.637],[22.004,10.743],[22.029,10.829],[22.176,10.816],[22.253,10.915],[22.46,11.001],[22.72,10.965],[22.863,10.892]]]}},{"type":"Feature","properties":{},"geometry":{"type":"MultiPolygon","coordinates":[[[[22.863,10.892],[22.956,11.209],[22.915,11.396],[22.772,11.403],[22.743,11.466],[22.592,11.544],[22.542,11.633],[22.612,12.073],[22.458,12.03],[22.484,12.165],[22.373,12.463],[22.446,12.611],[22.205,12.743],[22.106,12.65],[21.936,12.64],[21.809,12.794],[21.964,13.098],[22.14,13.194],[22.268,13.335],[22.196,13.58],[22.075,13.78],[22.215,13.957],[22.546,14.14],[22.532,14.221],[22.429,14.265],[22.425,14.47],[22.364,14.544],[22.465,14.629],[22.677,14.689],[22.659,14.857],[22.958,15.202],[22.976,15.374],[22.907,15.541],[23.095,15.704],[23.321,15.681],[23.593,15.749],[23.946,15.692],[23.984,15.721],[23.981,19.995],[24.981,20.002],[24.981,21.995],[31.248,21.994],[31.36,22.188],[31.423,22.227],[31.492,22.173],[31.435,21.995],[33.181,21.995],[33.561,21.709],[33.999,21.767],[34.084,21.995],[36.884,21.996],[36.84,21.966],[36.874,21.936],[36.888,21.65],[37.114,21.278],[37.313,21.058],[37.252,21.006],[37.189,21.097],[37.272,21.054],[37.23,21.128],[37.159,21.148],[37.149,21.219],[37.105,21.208],[37.118,21.086],[37.086,21.041],[37.147,20.941],[37.228,20.565],[37.175,20.349],[37.225,20.12],[37.189,20.013],[37.265,19.787],[37.244,19.576],[37.434,18.862],[37.54,18.716],[37.675,18.741],[37.741,18.709],[37.758,18.629],[37.926,18.585],[38.122,18.413],[38.076,18.348],[38.152,18.249],[38.245,18.244],[38.306,18.307],[38.276,18.242],[38.217,18.218],[38.376,18.191],[38.391,18.224],[38.434,18.142],[38.492,18.141],[38.512,18.074],[38.543,18.118],[38.604,18.014],[38.459,17.891],[38.371,17.699],[38.257,17.603],[38.233,17.526],[38.119,17.546],[38.076,17.48],[38.039,17.548],[37.896,17.443],[37.799,17.477],[37.72,17.384],[37.496,17.312],[37.495,17.175],[37.403,17.03],[37.31,17.055],[37.134,17.016],[36.973,17.063],[37.0,16.842],[36.96,16.706],[36.892,16.637],[36.877,16.514],[36.954,16.278],[36.76,15.837],[36.671,15.723],[36.628,15.446],[36.425,15.133],[36.526,14.264],[36.432,13.97],[36.458,13.82],[36.391,13.599],[36.234,13.362],[36.137,13.032],[36.124,12.721],[35.688,12.659],[35.354,12.146],[35.317,12.024],[35.216,11.897],[35.073,11.819],[35.041,11.727],[35.073,11.549],[34.944,11.253],[34.984,11.186],[34.914,10.964],[34.951,10.869],[34.765,10.68],[34.751,10.744],[34.575,10.884],[34.42,10.781],[34.279,10.566],[34.326,10.224],[34.303,10.114],[34.213,10.0],[33.967,10.0],[33.902,10.192],[33.381,10.646],[33.14,10.739],[33.182,10.843],[33.083,11.599],[33.132,11.686],[33.209,12.21],[32.732,12.216],[32.747,12.003],[32.082,12.0],[32.348,11.703],[32.349,11.308],[32.431,11.082],[31.943,10.656],[31.802,10.376],[31.446,10.0],[30.44,10.0],[30.013,10.27],[29.646,10.082],[29.615,10.0],[26.091,10.0],[26.011,10.123],[25.903,10.186],[25.894,10.351],[25.839,10.421],[25.084,10.293],[25.017,10.168],[24.99,10.0],[23.566,10.0],[23.291,10.44],[23.006,10.687],[22.863,10.892]]],[[[37.276,20.848],[37.272,20.766],[37.254,20.75],[37.243,20.804],[37.276,20.848]]]]}},{"type":"Feature","properties":{},"geometry":{"type":"Polygon","coordinates":[[[43.241,11.488],[42.924,10.999],[42.873,10.978],[42.616,11.09],[42.392,11.006],[42.096,10.99],[41.938,10.93],[41.761,10.996],[41.788,11.26],[41.749,11.538],[41.792,11.704],[41.936,11.827],[42.379,12.466],[42.476,12.516],[42.678,12.36],[42.792,12.429],[42.785,12.517],[42.869,12.626],[43.118,12.708],[43.283,12.497],[43.329,12.489],[43.414,12.225],[43.399,12.03],[43.207,11.958],[43.056,11.804],[42.777,11.732],[42.668,11.569],[42.549,11.584],[42.515,11.567],[42.539,11.503],[42.604,11.468],[42.682,11.485],[42.694,11.546],[42.856,11.596],[43.103,11.577],[43.152,11.612],[43.241,11.488]]]}},{"type":"Feature","properties":{},"geometry":{"type":"MultiPolygon","coordinates":[[[[43.118,12.708],[42.852,12.612],[42.785,12.517],[42.792,12.429],[42.678,12.36],[42.476,12.516],[42.379,12.466],[42.185,12.733],[41.947,12.876],[41.712,13.248],[41.192,13.616],[41.044,13.872],[40.833,14.106],[40.422,14.274],[40.194,14.445],[40.087,14.466],[39.892,14.427],[39.797,14.495],[39.651,14.497],[39.515,14.568],[39.449,14.505],[39.269,14.486],[39.208,14.44],[39.127,14.602],[39.01,14.651],[38.98,14.567],[38.866,14.494],[38.427,14.417],[38.313,14.519],[38.229,14.68],[38.007,14.724],[37.891,14.88],[37.554,14.105],[37.294,14.457],[37.121,14.421],[37.06,14.277],[36.748,14.332],[36.526,14.264],[36.425,15.133],[36.628,15.446],[36.671,15.723],[36.76,15.837],[36.954,16.278],[36.877,16.514],[36.892,16.637],[36.96,16.706],[37.0,16.842],[36.973,17.063],[37.134,17.016],[37.31,17.055],[37.403,17.03],[37.495,17.175],[37.496,17.312],[37.72,17.384],[37.799,17.477],[37.896,17.443],[38.039,17.548],[38.076,17.48],[38.119,17.546],[38.233,17.526],[38.257,17.603],[38.371,17.699],[38.459,17.891],[38.602,18.005],[38.929,17.397],[38.953,17.253],[39.012,17.165],[39.15,16.717],[39.151,16.529],[39.294,15.929],[39.437,15.812],[39.478,15.661],[39.445,15.635],[39.485,15.634],[39.43,15.603],[39.458,15.525],[39.552,15.542],[39.611,15.5],[39.718,15.264],[39.716,15.094],[39.811,15.079],[39.855,15.173],[39.818,15.281],[39.781,15.278],[39.773,15.391],[39.875,15.504],[40.08,15.341],[40.027,15.237],[40.159,14.982],[40.287,14.913],[40.39,15.003],[40.401,14.966],[40.454,15.004],[40.499,14.962],[40.513,15.017],[40.561,14.955],[40.616,14.949],[40.628,14.892],[40.695,14.896],[40.671,14.88],[40.732,14.826],[40.724,14.757],[40.766,14.695],[40.884,14.715],[41.167,14.637],[41.621,14.064],[41.677,13.94],[41.798,13.934],[41.849,13.876],[41.97,13.846],[42.107,13.644],[42.144,13.65],[42.224,13.554],[42.22,13.633],[42.16,13.657],[42.185,13.667],[42.288,13.575],[42.379,13.223],[42.477,13.195],[42.534,13.233],[42.655,13.072],[42.73,13.033],[42.781,12.852],[42.836,12.865],[42.928,12.79],[43.001,12.9],[43.086,12.821],[43.118,12.708]]],[[[40.401,15.641],[40.394,15.572],[39.979,15.607],[39.937,15.702],[39.971,15.661],[40.081,15.661],[40.009,15.737],[39.93,15.74],[39.934,15.788],[39.99,15.77],[39.975,15.815],[40.037,15.838],[39.951,15.894],[40.092,15.85],[40.096,15.785],[40.136,15.806],[40.164,15.644],[40.232,15.627],[40.262,15.663],[40.219,15.685],[40.267,15.704],[40.401,15.641]]],[[[40.081,16.034],[40.115,15.986],[39.99,16.018],[40.05,16.107],[40.119,16.062],[40.081,16.034]]]]}},{"type":"Feature","properties":{},"geometry":{"type":"Polygon","coordinates":[[[16.954,48.557],[16.865,48.458],[16.844,48.366],[16.954,48.273],[16.982,48.161],[17.08,48.098],[17.07,48.036],[17.148,48.005],[17.086,47.97],[17.068,47.882],[17.004,47.863],[17.056,47.812],[17.075,47.708],[16.903,47.682],[16.85,47.713],[16.797,47.675],[16.568,47.754],[16.408,47.661],[16.63,47.622],[16.689,47.538],[16.641,47.453],[16.434,47.397],[16.424,47.345],[16.473,47.277],[16.413,47.187],[16.434,47.146],[16.51,47.138],[16.454,47.082],[16.493,47.049],[16.425,47.024],[16.486,46.999],[16.275,47.004],[16.11,46.868],[15.982,46.828],[15.971,46.743],[16.017,46.671],[15.851,46.724],[15.636,46.718],[15.627,46.681],[15.463,46.615],[15.062,46.65],[14.967,46.6],[14.85,46.601],[14.789,46.507],[14.59,46.434],[14.54,46.379],[14.396,46.441],[14.15,46.44],[14.05,46.484],[13.478,46.564],[13.231,46.552],[12.405,46.69],[12.269,46.789],[12.267,46.868],[12.127,46.909],[12.111,46.993],[12.204,47.053],[12.181,47.085],[11.735,46.971],[11.472,47.007],[11.411,46.97],[11.174,46.964],[11.092,46.912],[10.997,46.769],[10.723,46.786],[10.739,46.83],[10.647,46.864],[10.486,46.846],[10.454,46.864],[10.458,46.937],[10.373,46.996],[10.201,46.867],[10.111,46.847],[9.875,46.927],[9.858,47.015],[9.581,47.057],[9.616,47.107],[9.521,47.263],[9.65,47.41],[9.65,47.452],[9.547,47.535],[9.677,47.523],[9.782,47.588],[9.813,47.542],[9.946,47.541],[9.983,47.481],[10.023,47.488],[10.081,47.427],[10.053,47.405],[10.083,47.359],[10.209,47.372],[10.16,47.271],[10.306,47.302],[10.428,47.396],[10.429,47.577],[10.483,47.533],[10.584,47.562],[10.761,47.514],[10.859,47.531],[10.892,47.515],[10.858,47.485],[10.979,47.391],[11.194,47.429],[11.237,47.394],[11.384,47.445],[11.365,47.469],[11.413,47.506],[11.551,47.514],[11.62,47.59],[12.174,47.605],[12.207,47.646],[12.177,47.706],[12.242,47.732],[12.239,47.679],[12.424,47.692],[12.497,47.629],[12.762,47.667],[12.813,47.612],[12.779,47.555],[13.002,47.466],[13.072,47.659],[13.02,47.713],[12.892,47.724],[12.991,47.847],[12.751,48.075],[12.745,48.121],[13.033,48.264],[13.274,48.307],[13.406,48.377],[13.455,48.573],[13.717,48.522],[13.802,48.612],[13.817,48.696],[13.784,48.715],[13.816,48.766],[13.982,48.706],[14.035,48.661],[14.015,48.62],[14.075,48.592],[14.325,48.559],[14.458,48.643],[14.676,48.576],[14.704,48.673],[14.8,48.777],[14.94,48.763],[14.982,49.008],[15.137,48.993],[15.142,48.937],[15.275,48.987],[15.681,48.858],[15.818,48.872],[16.085,48.743],[16.358,48.727],[16.453,48.802],[16.624,48.783],[16.675,48.734],[16.873,48.719],[16.954,48.557]]]}},{"type":"Feature","properties":{},"geometry":{"type":"Polygon","coordinates":[[[44.754,37.159],[44.802,37.044],[44.887,37.016],[44.883,36.887],[44.831,36.792],[44.996,36.742],[45.046,36.668],[44.991,36.534],[45.084,36.413],[45.239,36.403],[45.283,36.275],[45.259,36.262],[45.348,36.088],[45.32,35.994],[45.54,35.994],[45.749,35.811],[46.06,35.857],[46.164,35.798],[46.281,35.828],[46.327,35.804],[46.238,35.716],[46.004,35.674],[45.964,35.494],[46.12,35.319],[46.101,35.234],[46.169,35.216],[46.151,35.112],[46.009,35.061],[45.913,35.087],[45.857,35.021],[45.85,34.907],[45.755,34.91],[45.745,34.841],[45.667,34.807],[45.627,34.721],[45.688,34.653],[45.702,34.551],[45.501,34.592],[45.503,34.494],[45.417,34.444],[45.461,34.34],[45.558,34.312],[45.545,34.139],[45.38,33.974],[45.486,33.939],[45.735,33.583],[45.886,33.631],[45.928,33.551],[45.853,33.494],[45.974,33.491],[46.036,33.368],[46.155,33.26],[46.167,33.168],[46.03,33.106],[46.12,33.062],[46.076,32.994],[46.097,32.954],[46.273,32.959],[46.479,32.892],[47.091,32.475],[47.265,32.485],[47.411,32.395],[47.402,32.324],[47.509,32.214],[47.491,32.149],[47.578,32.106],[47.834,31.806],[47.679,31.408],[47.673,30.995],[48.012,30.989],[48.014,30.464],[48.131,30.447],[48.2,30.324],[48.306,30.313],[48.409,30.202],[48.381,30.145],[48.453,30.001],[48.559,29.947],[48.412,29.938],[48.119,30.045],[47.969,30.004],[47.952,30.088],[47.935,30.107],[47.948,29.994],[47.674,30.098],[47.358,30.092],[47.197,30.034],[47.11,29.961],[46.853,29.445],[46.532,29.096],[46.357,29.063],[44.692,29.202],[42.075,31.08],[40.424,31.921],[39.146,32.118],[39.292,32.245],[39.236,32.353],[39.029,32.328],[38.978,32.475],[39.057,32.497],[38.775,33.372],[40.69,34.331],[40.965,34.402],[41.204,34.793],[41.201,35.243],[41.261,35.494],[41.364,35.655],[41.355,35.826],[41.237,36.06],[41.277,36.355],[41.385,36.516],[41.844,36.618],[42.377,37.062],[42.357,37.11],[42.561,37.147],[42.716,37.355],[42.792,37.374],[42.937,37.32],[43.115,37.371],[43.27,37.309],[43.336,37.32],[43.48,37.243],[43.809,37.2],[43.99,37.313],[44.088,37.311],[44.235,37.237],[44.248,37.17],[44.18,37.088],[44.234,36.984],[44.285,36.969],[44.343,37.042],[44.61,37.178],[44.754,37.159]]]}},{"type":"Feature","properties":{},"geometry":{"type":"MultiPolygon","coordinates":[[[[7.067,45.89],[7.362,45.908],[7.541,45.984],[7.844,45.919],[8.111,46.127],[8.13,46.196],[8.087,46.272],[8.282,46.37],[8.316,46.434],[8.399,46.452],[8.446,46.412],[8.438,46.235],[8.602,46.123],[8.809,46.09],[8.834,46.066],[8.768,45.983],[8.871,45.947],[8.912,45.883],[8.9,45.826],[9.002,45.821],[9.063,45.899],[8.981,45.964],[9.016,45.993],[9.002,46.039],[9.225,46.231],[9.275,46.331],[9.238,46.437],[9.282,46.497],[9.385,46.466],[9.435,46.498],[9.444,46.375],[9.536,46.299],[9.674,46.292],[9.72,46.351],[9.918,46.371],[10.076,46.22],[10.159,46.262],[10.092,46.329],[10.141,46.403],[10.026,46.446],[10.033,46.533],[10.088,46.604],[10.192,46.627],[10.295,46.551],[10.444,46.538],[10.459,46.624],[10.369,46.672],[10.454,46.864],[10.647,46.864],[10.739,46.83],[10.723,46.786],[10.997,46.769],[11.092,46.912],[11.174,46.964],[11.411,46.97],[11.472,47.007],[11.735,46.971],[12.181,47.085],[12.204,47.053],[12.111,46.993],[12.127,46.909],[12.267,46.868],[12.269,46.789],[12.405,46.69],[13.231,46.552],[13.478,46.564],[13.701,46.52],[13.677,46.452],[13.6,46.443],[13.365,46.29],[13.41,46.208],[13.637,46.18],[13.462,46.006],[13.509,45.967],[13.606,45.985],[13.566,45.83],[13.779,45.743],[13.895,45.632],[13.848,45.585],[13.712,45.593],[13.808,45.614],[13.574,45.79],[13.524,45.76],[13.555,45.737],[13.402,45.675],[13.377,45.683],[13.431,45.707],[13.369,45.745],[13.119,45.772],[13.075,45.697],[13.15,45.704],[13.085,45.642],[12.944,45.629],[12.424,45.438],[12.431,45.484],[12.515,45.493],[12.582,45.553],[12.537,45.536],[12.507,45.573],[12.451,45.512],[12.397,45.539],[12.424,45.498],[12.31,45.489],[12.253,45.436],[12.216,45.316],[12.154,45.313],[12.181,45.258],[12.217,45.294],[12.23,45.204],[12.307,45.231],[12.328,45.101],[12.307,45.128],[12.297,45.089],[12.341,45.081],[12.369,45.011],[12.369,45.066],[12.534,44.97],[12.445,44.821],[12.438,44.901],[12.407,44.891],[12.416,44.803],[12.266,44.827],[12.247,44.712],[12.284,44.488],[12.369,44.251],[12.692,43.991],[12.929,43.916],[13.253,43.703],[13.473,43.612],[13.516,43.632],[13.616,43.56],[13.835,43.127],[13.945,42.798],[14.075,42.599],[14.56,42.226],[14.709,42.175],[14.741,42.085],[15.165,41.928],[16.14,41.92],[16.179,41.893],[16.184,41.78],[15.9,41.615],[15.896,41.536],[15.961,41.459],[16.594,41.207],[17.057,41.082],[17.276,40.98],[17.476,40.83],[18.007,40.651],[18.037,40.557],[18.238,40.458],[18.437,40.268],[18.516,40.139],[18.411,39.979],[18.389,39.817],[18.338,39.8],[18.072,39.912],[17.995,39.995],[18.016,40.036],[17.967,40.057],[18.011,40.096],[17.863,40.286],[17.512,40.304],[17.2,40.42],[17.243,40.441],[17.228,40.474],[17.323,40.498],[17.19,40.482],[17.05,40.519],[16.976,40.493],[16.605,40.084],[16.632,39.966],[16.49,39.775],[16.546,39.661],[16.782,39.612],[17.159,39.406],[17.115,39.269],[17.146,39.211],[17.125,39.091],[17.206,39.029],[17.172,38.961],[17.104,38.899],[16.957,38.94],[16.839,38.918],[16.586,38.798],[16.535,38.7],[16.57,38.43],[16.306,38.277],[16.169,38.143],[16.077,37.94],[15.761,37.925],[15.684,37.954],[15.635,38.009],[15.633,38.22],[15.813,38.301],[15.918,38.517],[15.837,38.649],[16.003,38.725],[16.153,38.731],[16.222,38.857],[16.215,38.919],[16.083,39.075],[15.995,39.439],[15.876,39.551],[15.806,39.696],[15.774,39.891],[15.624,40.078],[15.535,40.078],[15.41,39.994],[15.261,40.029],[15.263,40.074],[15.127,40.17],[15.047,40.169],[14.911,40.242],[14.932,40.334],[14.994,40.358],[14.998,40.398],[14.782,40.67],[14.544,40.614],[14.487,40.633],[14.343,40.571],[14.338,40.624],[14.476,40.695],[14.474,40.73],[14.294,40.839],[14.203,40.801],[14.083,40.831],[14.083,40.784],[14.048,40.79],[14.021,40.922],[13.852,41.147],[13.722,41.252],[13.594,41.253],[13.544,41.207],[13.286,41.296],[13.045,41.228],[12.894,41.399],[12.635,41.447],[12.448,41.631],[12.239,41.736],[12.17,41.88],[12.02,41.993],[11.827,42.034],[11.658,42.279],[11.377,42.407],[11.211,42.419],[11.184,42.366],[11.107,42.391],[11.099,42.443],[11.164,42.44],[11.188,42.48],[11.158,42.564],[10.944,42.743],[10.731,42.804],[10.764,42.918],[10.632,42.958],[10.5,42.94],[10.478,42.99],[10.547,43.147],[10.528,43.247],[10.317,43.493],[10.252,43.847],[10.091,44.025],[9.845,44.109],[9.832,44.042],[9.231,44.354],[9.211,44.305],[9.102,44.374],[8.762,44.432],[8.466,44.304],[8.408,44.194],[8.257,44.128],[8.153,43.983],[8.168,43.956],[8.068,43.897],[7.737,43.798],[7.502,43.792],[7.478,43.866],[7.69,44.067],[7.656,44.176],[7.341,44.124],[6.973,44.249],[6.87,44.363],[6.918,44.436],[6.836,44.534],[6.946,44.625],[6.96,44.683],[7.055,44.685],[7.005,44.828],[6.745,44.908],[6.723,45.013],[6.652,45.036],[6.603,45.103],[6.736,45.157],[6.844,45.13],[7.108,45.259],[7.093,45.324],[7.161,45.411],[6.983,45.511],[6.963,45.641],[6.816,45.697],[6.782,45.777],[6.801,45.826],[6.949,45.858],[7.008,45.921],[7.067,45.89]],[[12.46,43.895],[12.49,43.939],[12.482,43.983],[12.386,43.925],[12.46,43.895]],[[12.453,41.903],[12.454,41.904],[12.453,41.904],[12.453,41.903]]],[[[12.038,36.807],[12.053,36.768],[11.996,36.745],[11.922,36.828],[12.038,36.807]]],[[[12.3,37.919],[12.314,37.946],[12.369,37.925],[12.3,37.919]]],[[[15.559,38.3],[15.652,38.275],[15.57,38.227],[15.5,38.085],[15.213,37.761],[15.164,37.568],[15.092,37.477],[15.104,37.33],[15.252,37.258],[15.183,37.207],[15.303,37.101],[15.284,37.048],[15.332,37.012],[15.158,36.924],[15.094,36.8],[15.134,36.675],[15.094,36.655],[15.007,36.703],[14.882,36.731],[14.781,36.699],[14.487,36.793],[14.395,36.945],[14.279,37.044],[14.126,37.112],[13.894,37.101],[13.716,37.171],[13.278,37.394],[13.174,37.487],[13.026,37.493],[12.943,37.569],[12.659,37.565],[12.578,37.652],[12.506,37.666],[12.427,37.797],[12.465,37.823],[12.493,38.021],[12.705,38.111],[12.732,38.193],[12.901,38.028],[13.061,38.083],[13.055,38.142],[13.101,38.19],[13.207,38.176],[13.318,38.221],[13.391,38.103],[13.514,38.111],[13.651,38.001],[13.791,37.974],[14.021,38.049],[14.273,38.015],[14.512,38.044],[14.734,38.158],[14.907,38.188],[15.088,38.128],[15.177,38.156],[15.237,38.265],[15.245,38.217],[15.292,38.207],[15.559,38.3]]],[[[14.966,38.419],[15.007,38.378],[14.987,38.364],[14.948,38.396],[14.966,38.419]]],[[[14.899,38.482],[14.925,38.522],[14.979,38.488],[14.949,38.451],[14.899,38.482]]],[[[14.862,38.539],[14.824,38.552],[14.794,38.572],[14.867,38.581],[14.862,38.539]]],[[[8.445,39.103],[8.484,39.07],[8.41,38.962],[8.346,39.098],[8.445,39.103]]],[[[8.306,39.193],[8.29,39.099],[8.225,39.157],[8.306,39.193]]],[[[13.966,40.735],[13.849,40.715],[13.863,40.762],[13.966,40.735]]],[[[8.251,41.044],[8.246,40.994],[8.21,40.996],[8.278,41.106],[8.326,41.126],[8.341,41.074],[8.251,41.044]]],[[[9.821,40.536],[9.762,40.391],[9.626,40.263],[9.655,40.145],[9.732,40.084],[9.602,39.356],[9.635,39.297],[9.568,39.238],[9.566,39.149],[9.519,39.105],[9.292,39.221],[9.216,39.228],[9.166,39.187],[9.014,39.264],[9.08,39.225],[9.018,39.146],[9.026,38.995],[8.853,38.878],[8.717,38.933],[8.641,38.864],[8.56,39.057],[8.483,39.08],[8.373,39.222],[8.432,39.302],[8.374,39.379],[8.387,39.47],[8.463,39.577],[8.444,39.757],[8.517,39.702],[8.566,39.701],[8.504,39.722],[8.555,39.853],[8.463,39.914],[8.435,39.858],[8.395,39.913],[8.407,40.022],[8.377,40.034],[8.49,40.104],[8.476,40.292],[8.386,40.352],[8.38,40.469],[8.292,40.595],[8.216,40.571],[8.193,40.617],[8.162,40.564],[8.147,40.593],[8.197,40.691],[8.134,40.729],[8.215,40.881],[8.193,40.964],[8.31,40.851],[8.521,40.827],[8.823,40.947],[9.006,41.122],[9.142,41.153],[9.171,41.243],[9.231,41.263],[9.268,41.237],[9.267,41.202],[9.278,41.195],[9.285,41.222],[9.285,41.195],[9.422,41.181],[9.443,41.092],[9.469,41.146],[9.56,41.126],[9.512,41.016],[9.663,41.003],[9.588,40.996],[9.571,40.935],[9.504,40.927],[9.642,40.921],[9.614,40.893],[9.724,40.845],[9.658,40.8],[9.821,40.536]]],[[[10.913,42.375],[10.94,42.331],[10.923,42.319],[10.862,42.366],[10.913,42.375]]],[[[10.436,42.838],[10.389,42.763],[10.416,42.709],[10.338,42.765],[10.23,42.735],[10.107,42.757],[10.133,42.812],[10.347,42.806],[10.412,42.873],[10.436,42.838]]],[[[9.807,43.066],[9.842,43.025],[9.801,43.008],[9.807,43.066]]],[[[12.372,45.425],[12.389,45.434],[12.431,45.416],[12.376,45.423],[12.321,45.348],[12.372,45.425]]],[[[12.847,35.868],[12.873,35.852],[12.846,35.863],[12.847,35.868]]],[[[14.346,38.535],[14.357,38.551],[14.361,38.539],[14.346,38.535]]],[[[14.564,38.585],[14.552,38.562],[14.542,38.587],[14.564,38.585]]],[[[13.158,38.71],[13.197,38.708],[13.153,38.695],[13.158,38.71]]],[[[15.212,38.81],[15.217,38.773],[15.187,38.789],[15.212,38.81]]],[[[13.419,40.796],[13.432,40.801],[13.415,40.786],[13.419,40.796]]],[[[12.556,35.521],[12.611,35.489],[12.526,35.517],[12.556,35.521]]],[[[12.054,37.992],[12.065,37.951],[12.03,37.984],[12.054,37.992]]],[[[9.46,41.242],[9.47,41.172],[9.437,41.186],[9.46,41.242]]],[[[9.434,41.221],[9.377,41.213],[9.373,41.23],[9.414,41.262],[9.434,41.221]]],[[[10.294,42.328],[10.316,42.341],[10.313,42.324],[10.294,42.328]]],[[[10.079,42.614],[10.086,42.572],[10.05,42.582],[10.079,42.614]]],[[[12.33,45.459],[12.362,45.438],[12.321,45.43],[12.33,45.459]]]]}},{"type":"Feature","properties":{},"geometry":{"type":"Polygon","coordinates":[[[10.458,46.937],[10.369,46.672],[10.459,46.624],[10.444,46.538],[10.295,46.551],[10.192,46.627],[10.088,46.604],[10.033,46.533],[10.026,46.446],[10.141,46.403],[10.092,46.338],[10.159,46.262],[10.118,46.231],[10.043,46.22],[9.964,46.356],[9.918,46.371],[9.72,46.351],[9.674,46.292],[9.536,46.299],[9.444,46.375],[9.435,46.498],[9.385,46.466],[9.331,46.502],[9.263,46.485],[9.238,46.437],[9.275,46.331],[9.225,46.231],[9.002,46.039],[9.016,45.993],[8.981,45.964],[9.063,45.899],[9.002,45.821],[8.9,45.826],[8.912,45.883],[8.871,45.947],[8.768,45.983],[8.834,46.066],[8.809,46.09],[8.602,46.123],[8.438,46.235],[8.446,46.412],[8.399,46.452],[8.316,46.434],[8.282,46.37],[8.087,46.272],[8.13,46.196],[8.111,46.127],[8.025,46.091],[7.986,45.999],[7.898,45.982],[7.831,45.914],[7.541,45.984],[7.362,45.908],[7.067,45.89],[6.915,46.049],[6.851,46.05],[6.869,46.112],[6.774,46.135],[6.828,46.269],[6.75,46.346],[6.787,46.414],[6.614,46.456],[6.302,46.394],[6.214,46.315],[6.281,46.24],[6.108,46.139],[5.959,46.13],[5.959,46.212],[6.09,46.246],[6.136,46.359],[6.054,46.419],[6.146,46.552],[6.118,46.583],[6.429,46.761],[6.443,46.944],[6.665,47.021],[6.69,47.078],[7.037,47.33],[7.004,47.368],[6.867,47.354],[6.991,47.452],[6.973,47.489],[7.181,47.488],[7.168,47.444],[7.238,47.417],[7.406,47.438],[7.414,47.49],[7.484,47.493],[7.483,47.542],[7.637,47.595],[7.61,47.565],[7.683,47.544],[7.82,47.595],[8.042,47.561],[8.233,47.622],[8.354,47.581],[8.522,47.622],[8.561,47.589],[8.607,47.656],[8.391,47.665],[8.464,47.764],[8.558,47.801],[8.617,47.757],[8.644,47.791],[8.713,47.757],[8.717,47.695],[8.798,47.72],[8.882,47.656],[9.273,47.65],[9.547,47.535],[9.65,47.452],[9.487,47.21],[9.512,47.108],[9.477,47.064],[9.858,47.015],[9.875,46.927],[10.111,46.847],[10.201,46.867],[10.235,46.923],[10.296,46.923],[10.379,46.996],[10.458,46.937]]]}},{"type":"Feature","properties":{},"geometry":{"type":"MultiPolygon","coordinates":[[[[44.566,39.766],[44.872,39.625],[44.957,39.434],[45.088,39.351],[45.153,39.214],[45.311,39.201],[45.439,39.004],[46.126,38.863],[46.378,38.925],[46.554,38.89],[46.866,39.165],[47.02,39.19],[47.102,39.308],[47.823,39.68],[47.971,39.705],[48.339,39.379],[48.106,39.269],[48.142,39.181],[48.271,39.108],[48.294,39.005],[48.059,38.948],[47.993,38.85],[48.223,38.721],[48.228,38.662],[48.31,38.6],[48.415,38.618],[48.608,38.396],[48.874,38.434],[48.945,37.903],[49.014,37.739],[49.132,37.623],[49.442,37.495],[49.826,37.454],[49.934,37.474],[50.196,37.389],[50.322,37.153],[50.479,37.035],[51.005,36.768],[51.909,36.583],[53.448,36.882],[53.886,36.906],[54.007,36.953],[54.004,36.915],[53.948,36.899],[53.609,36.877],[53.701,36.817],[53.889,36.794],[54.014,36.821],[54.02,37.028],[53.914,37.343],[54.206,37.325],[54.533,37.441],[54.654,37.439],[54.788,37.525],[54.827,37.735],[55.0,37.839],[55.0,26.623],[54.802,26.498],[54.664,26.502],[54.561,26.585],[54.389,26.605],[54.308,26.715],[54.15,26.708],[54.016,26.749],[53.716,26.709],[53.492,26.854],[53.444,26.976],[53.029,27.104],[52.601,27.353],[52.579,27.393],[52.667,27.415],[52.67,27.449],[52.46,27.633],[52.245,27.681],[52.011,27.833],[51.683,27.831],[51.496,27.893],[51.428,27.961],[51.4,27.932],[51.27,28.14],[51.285,28.241],[51.142,28.401],[51.081,28.534],[51.059,28.736],[50.979,28.817],[50.876,28.832],[50.805,28.934],[50.823,28.997],[50.899,28.949],[50.93,29.055],[50.84,29.141],[50.644,29.143],[50.636,29.208],[50.689,29.291],[50.655,29.449],[50.397,29.655],[50.244,29.867],[50.145,29.938],[50.128,30.121],[50.059,30.205],[49.915,30.204],[49.532,30.023],[49.48,30.156],[49.245,30.156],[49.221,30.265],[49.161,30.224],[48.921,30.381],[49.062,30.408],[49.203,30.347],[49.264,30.45],[49.211,30.506],[49.168,30.477],[49.167,30.509],[48.981,30.516],[48.946,30.48],[49.037,30.433],[48.935,30.419],[48.862,30.346],[48.936,30.21],[48.915,30.042],[48.643,30.055],[48.651,29.975],[48.531,29.961],[48.453,30.001],[48.381,30.145],[48.409,30.202],[48.306,30.313],[48.2,30.324],[48.131,30.447],[48.014,30.464],[48.012,30.989],[47.673,30.995],[47.679,31.408],[47.834,31.806],[47.578,32.106],[47.491,32.149],[47.509,32.214],[47.402,32.324],[47.416,32.388],[47.265,32.485],[47.091,32.475],[46.479,32.892],[46.273,32.959],[46.097,32.954],[46.076,32.994],[46.12,33.062],[46.03,33.106],[46.167,33.168],[46.155,33.26],[46.036,33.368],[45.974,33.491],[45.853,33.494],[45.928,33.551],[45.886,33.631],[45.735,33.583],[45.486,33.939],[45.38,33.974],[45.545,34.139],[45.558,34.312],[45.461,34.34],[45.417,34.444],[45.503,34.494],[45.501,34.592],[45.702,34.551],[45.688,34.653],[45.627,34.721],[45.667,34.807],[45.745,34.841],[45.755,34.91],[45.85,34.907],[45.857,35.021],[45.913,35.087],[46.009,35.061],[46.151,35.112],[46.169,35.216],[46.101,35.234],[46.12,35.319],[45.964,35.494],[46.004,35.674],[46.238,35.716],[46.327,35.804],[46.281,35.828],[46.164,35.798],[46.06,35.857],[45.749,35.811],[45.54,35.994],[45.32,35.994],[45.348,36.088],[45.259,36.262],[45.283,36.275],[45.239,36.403],[45.072,36.423],[44.991,36.534],[45.035,36.69],[44.996,36.742],[44.823,36.809],[44.883,36.887],[44.887,37.016],[44.753,37.103],[44.754,37.215],[44.802,37.293],[44.572,37.431],[44.587,37.584],[44.541,37.633],[44.596,37.716],[44.506,37.779],[44.436,37.768],[44.367,37.86],[44.202,37.897],[44.361,38.148],[44.372,38.25],[44.459,38.338],[44.409,38.382],[44.29,38.382],[44.297,38.622],[44.244,38.659],[44.275,38.844],[44.206,38.876],[44.152,38.965],[44.187,39.145],[44.078,39.2],[44.015,39.374],[44.388,39.414],[44.459,39.698],[44.566,39.766]]],[[[54.533,26.307],[54.526,26.252],[54.498,26.26],[54.492,26.31],[54.533,26.307]]],[[[53.963,26.492],[53.913,26.55],[54.019,26.556],[54.05,26.518],[53.963,26.492]]],[[[53.382,26.803],[53.205,26.806],[53.149,26.848],[53.382,26.803]]],[[[50.283,29.269],[50.333,29.224],[50.317,29.208],[50.283,29.269]]],[[[54.547,25.926],[54.543,25.893],[54.51,25.914],[54.547,25.926]]],[[[53.609,26.69],[53.646,26.657],[53.601,26.68],[53.609,26.69]]]]}},{"type":"Feature","properties":{},"geometry":{"type":"MultiPolygon","coordinates":[[[[7.197,53.217],[7.193,52.998],[7.062,52.824],[7.037,52.647],[6.737,52.635],[6.704,52.583],[6.744,52.56],[6.672,52.542],[6.715,52.462],[6.973,52.451],[7.048,52.365],[7.026,52.231],[6.673,52.05],[6.811,51.961],[6.717,51.899],[6.378,51.86],[6.345,51.821],[6.127,51.897],[6.093,51.885],[6.156,51.842],[5.931,51.816],[5.964,51.777],[5.939,51.732],[6.099,51.644],[6.086,51.596],[6.205,51.458],[6.194,51.345],[6.057,51.212],[6.061,51.171],[6.157,51.179],[6.147,51.152],[5.938,51.031],[5.852,51.043],[5.875,50.965],[6.004,50.974],[6.0,50.929],[6.064,50.908],[6.057,50.853],[5.969,50.795],[5.995,50.75],[5.707,50.754],[5.7,50.796],[5.624,50.83],[5.764,50.959],[5.722,50.959],[5.771,51.058],[5.846,51.103],[5.829,51.156],[5.568,51.208],[5.493,51.287],[5.215,51.259],[5.197,51.308],[5.123,51.313],[5.068,51.375],[5.08,51.439],[5.028,51.477],[4.91,51.392],[4.762,51.413],[4.823,51.414],[4.824,51.476],[4.779,51.495],[4.63,51.418],[4.541,51.42],[4.525,51.476],[4.483,51.474],[4.377,51.443],[4.416,51.374],[4.392,51.35],[4.261,51.369],[4.235,51.419],[4.111,51.407],[3.999,51.453],[3.827,51.391],[3.69,51.454],[3.535,51.459],[3.451,51.53],[3.56,51.595],[3.851,51.611],[3.906,51.569],[3.872,51.549],[4.016,51.531],[4.105,51.446],[4.283,51.448],[4.268,51.508],[3.988,51.59],[4.207,51.59],[4.113,51.639],[4.113,51.671],[4.177,51.686],[4.072,51.717],[3.981,51.81],[3.872,51.788],[3.862,51.816],[4.078,51.844],[4.032,51.882],[4.016,51.988],[4.142,52.006],[4.508,52.336],[4.745,52.968],[4.817,52.968],[4.809,52.93],[4.874,52.904],[5.078,52.954],[5.379,53.097],[5.447,53.221],[5.592,53.303],[5.981,53.406],[6.829,53.451],[6.901,53.352],[7.085,53.31],[7.081,53.267],[7.197,53.217]]],[[[3.511,51.408],[3.834,51.343],[3.984,51.41],[4.122,51.359],[4.221,51.368],[4.169,51.297],[3.927,51.206],[3.796,51.209],[3.776,51.255],[3.635,51.288],[3.514,51.281],[3.454,51.236],[3.367,51.263],[3.349,51.375],[3.511,51.408]]],[[[-68.205,12.223],[-68.254,12.024],[-68.303,12.203],[-68.417,12.257],[-68.377,12.31],[-68.205,12.223]]],[[[-62.984,17.518],[-62.945,17.485],[-62.959,17.465],[-62.995,17.492],[-62.984,17.518]]],[[[3.962,51.738],[4.089,51.644],[3.96,51.624],[3.809,51.7],[3.687,51.693],[3.689,51.725],[3.814,51.748],[3.962,51.738]]],[[[4.893,53.105],[4.796,53.0],[4.708,53.028],[4.854,53.188],[4.89,53.181],[4.893,53.105]]],[[[4.879,53.221],[5.054,53.314],[5.105,53.31],[4.879,53.221]]],[[[5.25,53.406],[5.585,53.454],[5.168,53.368],[5.25,53.406]]],[[[5.659,53.472],[5.955,53.461],[5.636,53.449],[5.659,53.472]]],[[[6.148,53.495],[6.339,53.502],[6.127,53.46],[6.148,53.495]]],[[[6.455,53.558],[6.51,53.544],[6.443,53.55],[6.455,53.558]]],[[[-63.249,17.64],[-63.224,17.629],[-63.238,17.615],[-63.249,17.64]]]]}},{"type":"Feature","properties":{},"geometry":{"type":"Polygon","coordinates":[[[9.53,47.254],[9.616,47.107],[9.561,47.052],[9.477,47.064],[9.512,47.108],[9.487,47.21],[9.53,47.254]]]}},{"type":"Feature","properties":{},"geometry":{"type":"Polygon","coordinates":[[[-7.971,10.155],[-7.829,10.212],[-7.778,10.33],[-7.664,10.437],[-7.556,10.417],[-7.501,10.459],[-7.444,10.334],[-7.372,10.345],[-7.363,10.252],[-7.106,10.207],[-7.016,10.141],[-6.959,10.186],[-6.997,10.253],[-6.961,10.345],[-6.669,10.361],[-6.648,10.433],[-6.698,10.488],[-6.669,10.654],[-6.446,10.552],[-6.399,10.592],[-6.427,10.686],[-6.256,10.726],[-6.204,10.63],[-6.261,10.514],[-6.19,10.491],[-6.181,10.42],[-6.24,10.252],[-6.181,10.216],[-6.016,10.19],[-5.963,10.283],[-5.905,10.275],[-5.878,10.376],[-5.584,10.454],[-5.403,10.301],[-5.297,10.323],[-5.119,10.294],[-5.117,10.208],[-5.084,10.227],[-5.091,10.178],[-5.039,10.134],[-5.07,10.11],[-4.956,10.022],[-8.152,10.0],[-7.971,10.155]]]}},{"type":"Feature","properties":{},"geometry":{"type":"Polygon","coordinates":[[[20.17,46.146],[20.354,45.977],[20.572,45.888],[20.7,45.735],[20.786,45.753],[20.754,45.606],[20.8,45.531],[20.767,45.479],[20.981,45.333],[21.139,45.304],[21.239,45.229],[21.493,45.145],[21.422,45.031],[21.351,44.998],[21.516,44.934],[21.536,44.889],[21.356,44.857],[21.396,44.79],[21.578,44.778],[21.656,44.688],[21.855,44.698],[21.994,44.659],[22.127,44.503],[22.185,44.515],[22.305,44.677],[22.426,44.734],[22.765,44.583],[22.7,44.542],[22.58,44.565],[22.548,44.512],[22.484,44.5],[22.523,44.375],[22.682,44.305],[22.692,44.228],[22.606,44.175],[22.593,44.064],[22.4,43.993],[22.349,43.808],[22.405,43.687],[22.466,43.649],[22.519,43.474],[22.733,43.382],[22.985,43.175],[22.884,43.037],[22.776,42.98],[22.727,42.887],[22.564,42.884],[22.427,42.814],[22.483,42.734],[22.425,42.573],[22.537,42.478],[22.424,42.326],[22.308,42.319],[22.269,42.37],[22.096,42.306],[21.929,42.335],[21.677,42.235],[21.575,42.242],[21.516,42.342],[21.617,42.387],[21.619,42.449],[21.718,42.551],[21.764,42.67],[21.379,42.744],[21.408,42.847],[21.261,42.887],[21.21,42.996],[21.148,42.993],[21.093,43.091],[20.839,43.17],[20.865,43.217],[20.819,43.257],[20.604,43.198],[20.626,43.124],[20.669,43.11],[20.644,43.052],[20.459,42.95],[20.499,42.878],[20.476,42.856],[20.345,42.827],[20.337,42.907],[20.117,42.977],[19.929,43.114],[19.805,43.09],[19.714,43.166],[19.598,43.176],[19.372,43.384],[19.176,43.481],[19.253,43.589],[19.347,43.609],[19.411,43.541],[19.49,43.564],[19.507,43.647],[19.462,43.762],[19.229,43.958],[19.244,44.002],[19.529,43.977],[19.619,44.036],[19.362,44.191],[19.324,44.264],[19.157,44.294],[19.117,44.344],[19.13,44.518],[19.318,44.715],[19.377,44.863],[19.353,44.899],[19.187,44.928],[19.016,44.866],[18.991,44.915],[19.067,44.906],[19.132,44.953],[19.087,44.977],[19.045,45.137],[19.138,45.146],[19.122,45.196],[19.226,45.162],[19.391,45.169],[19.408,45.203],[18.977,45.371],[19.031,45.416],[19.01,45.499],[19.106,45.512],[19.018,45.567],[18.942,45.539],[18.904,45.573],[18.968,45.669],[18.845,45.816],[18.855,45.857],[18.907,45.868],[18.873,45.895],[18.901,45.931],[18.988,45.924],[19.065,46.012],[19.263,45.981],[19.55,46.164],[19.669,46.173],[19.79,46.129],[19.929,46.164],[20.17,46.146]]]}},{"type":"Feature","properties":{},"geometry":{"type":"Polygon","coordinates":[[[-12.247,14.767],[-12.139,14.785],[-12.07,14.734],[-11.82,14.9],[-11.814,15.029],[-11.861,15.049],[-11.846,15.179],[-11.727,15.541],[-11.615,15.541],[-11.515,15.61],[-11.524,15.643],[-11.41,15.602],[-11.298,15.451],[-11.045,15.27],[-10.915,15.103],[-10.827,15.288],[-10.747,15.341],[-10.725,15.433],[-10.323,15.437],[-10.068,15.365],[-9.424,15.441],[-9.452,15.588],[-9.356,15.698],[-9.329,15.655],[-9.349,15.496],[-5.511,15.494],[-5.353,16.312],[-5.623,16.528],[-6.593,24.994],[-4.822,24.995],[1.147,21.102],[1.18,20.995],[1.155,20.739],[1.297,20.733],[1.364,20.658],[1.56,20.598],[1.644,20.523],[1.659,20.398],[1.778,20.304],[1.855,20.295],[1.891,20.232],[1.955,20.255],[2.071,20.213],[2.201,20.274],[2.4,20.057],[2.946,19.942],[3.199,19.821],[3.199,19.554],[3.261,19.388],[3.104,19.136],[3.285,18.996],[3.359,18.977],[4.229,19.142],[4.236,16.996],[4.198,16.965],[4.182,16.81],[4.184,16.416],[4.061,16.298],[3.871,15.715],[3.692,15.631],[3.527,15.496],[3.507,15.354],[3.034,15.426],[3.0,15.339],[1.332,15.284],[0.974,14.991],[0.67,14.94],[0.515,14.994],[0.353,14.963],[0.221,14.996],[0.218,14.911],[-0.237,15.066],[-0.426,15.003],[-0.468,15.08],[-0.72,15.078],[-1.079,14.796],[-1.35,14.715],[-1.697,14.496],[-1.997,14.471],[-2.036,14.181],[-2.152,14.156],[-2.462,14.281],[-2.597,14.222],[-2.867,14.001],[-2.928,13.8],[-2.895,13.652],[-3.068,13.607],[-3.125,13.677],[-3.287,13.698],[-3.249,13.293],[-3.449,13.266],[-3.449,13.169],[-3.545,13.174],[-3.799,13.347],[-3.972,13.387],[-3.918,13.451],[-3.981,13.499],[-3.977,13.461],[-4.254,13.229],[-4.235,13.176],[-4.327,13.169],[-4.351,13.118],[-4.229,12.949],[-4.212,12.819],[-4.258,12.721],[-4.485,12.715],[-4.483,12.646],[-4.387,12.534],[-4.452,12.435],[-4.406,12.307],[-4.488,12.321],[-4.494,12.273],[-4.586,12.197],[-4.56,12.149],[-4.761,12.007],[-5.089,11.979],[-5.275,11.837],[-5.412,11.829],[-5.287,11.759],[-5.308,11.618],[-5.234,11.576],[-5.218,11.422],[-5.263,11.39],[-5.263,11.252],[-5.333,11.122],[-5.504,11.073],[-5.502,10.97],[-5.431,10.845],[-5.482,10.535],[-5.523,10.425],[-5.594,10.454],[-5.878,10.376],[-5.905,10.275],[-5.963,10.283],[-6.016,10.19],[-6.24,10.252],[-6.181,10.42],[-6.19,10.491],[-6.261,10.514],[-6.204,10.63],[-6.256,10.726],[-6.427,10.686],[-6.399,10.592],[-6.446,10.552],[-6.669,10.654],[-6.698,10.488],[-6.648,10.433],[-6.669,10.361],[-6.961,10.345],[-6.997,10.253],[-6.959,10.186],[-7.016,10.141],[-7.106,10.207],[-7.363,10.252],[-7.372,10.345],[-7.444,10.334],[-7.501,10.459],[-7.556,10.417],[-7.664,10.437],[-7.778,10.33],[-7.829,10.212],[-7.99,10.162],[-7.963,10.233],[-7.996,10.328],[-8.115,10.36],[-8.135,10.427],[-8.229,10.423],[-8.296,10.537],[-8.342,10.763],[-8.304,10.875],[-8.327,11.024],[-8.506,11.053],[-8.56,10.972],[-8.696,10.963],[-8.625,11.122],[-8.493,11.278],[-8.377,11.295],[-8.426,11.34],[-8.375,11.368],[-8.528,11.423],[-8.55,11.49],[-8.657,11.496],[-8.727,11.649],[-8.847,11.658],[-8.797,11.913],[-8.82,12.013],[-8.922,12.045],[-8.914,12.17],[-8.998,12.235],[-8.976,12.369],[-9.147,12.465],[-9.327,12.498],[-9.398,12.473],[-9.309,12.358],[-9.337,12.27],[-9.628,12.17],[-9.723,12.025],[-10.267,12.218],[-10.512,12.118],[-10.559,11.995],[-10.711,11.89],[-10.808,12.023],[-10.805,12.096],[-10.952,12.219],[-11.052,12.203],[-11.191,12.014],[-11.335,12.026],[-11.508,12.192],[-11.445,12.289],[-11.447,12.375],[-11.389,12.384],[-11.378,12.48],[-11.468,12.544],[-11.437,12.571],[-11.462,12.673],[-11.402,12.732],[-11.433,12.836],[-11.389,12.971],[-11.439,12.959],[-11.45,13.075],[-11.533,13.112],[-11.613,13.361],[-11.741,13.408],[-11.828,13.307],[-11.898,13.371],[-11.89,13.465],[-12.015,13.564],[-12.098,13.704],[-11.979,13.785],[-11.957,13.89],[-12.025,13.985],[-11.995,14.144],[-12.034,14.25],[-12.11,14.298],[-12.116,14.355],[-12.222,14.391],[-12.236,14.519],[-12.165,14.642],[-12.247,14.767]]]}},{"type":"Feature","properties":{},"geometry":{"type":"Polygon","coordinates":[[[-12.448,14.907],[-12.165,14.642],[-12.236,14.519],[-12.222,14.391],[-12.116,14.355],[-12.12,14.311],[-12.044,14.265],[-11.998,14.166],[-12.025,13.985],[-11.963,13.909],[-11.963,13.829],[-12.098,13.704],[-12.015,13.564],[-11.89,13.465],[-11.898,13.371],[-11.828,13.307],[-11.741,13.408],[-11.613,13.361],[-11.533,13.112],[-11.45,13.075],[-11.439,12.959],[-11.393,12.981],[-11.433,12.836],[-11.402,12.732],[-11.462,12.673],[-11.437,12.571],[-11.468,12.544],[-11.378,12.48],[-11.388,12.404],[-11.515,12.432],[-11.758,12.383],[-12.104,12.407],[-12.361,12.306],[-12.467,12.384],[-12.594,12.362],[-12.648,12.426],[-12.773,12.435],[-12.913,12.536],[-12.949,12.536],[-12.981,12.467],[-13.052,12.472],[-13.092,12.638],[-15.195,12.679],[-15.677,12.439],[-16.222,12.455],[-16.412,12.362],[-16.728,12.333],[-16.801,12.494],[-16.58,12.633],[-16.533,12.565],[-16.505,12.598],[-16.371,12.55],[-16.31,12.598],[-16.193,12.578],[-16.03,12.633],[-15.84,12.557],[-15.73,12.591],[-15.645,12.537],[-15.51,12.636],[-15.535,12.783],[-15.446,12.825],[-15.407,12.8],[-15.392,12.838],[-15.407,12.822],[-15.453,12.831],[-15.549,12.794],[-15.542,12.649],[-15.641,12.559],[-15.768,12.625],[-15.913,12.601],[-16.022,12.729],[-16.077,12.639],[-16.324,12.61],[-16.371,12.565],[-16.49,12.632],[-16.467,12.674],[-16.501,12.708],[-16.508,12.625],[-16.57,12.694],[-16.635,12.669],[-16.591,12.762],[-16.597,12.797],[-16.647,12.632],[-16.755,12.572],[-16.777,12.678],[-16.699,12.736],[-16.796,12.715],[-16.77,12.793],[-16.803,12.814],[-16.708,13.157],[-15.833,13.157],[-15.819,13.334],[-15.52,13.387],[-15.277,13.38],[-15.228,13.425],[-15.204,13.537],[-15.138,13.59],[-14.732,13.359],[-14.592,13.353],[-14.369,13.236],[-14.202,13.23],[-14.117,13.282],[-13.901,13.315],[-13.851,13.336],[-13.819,13.429],[-13.901,13.542],[-13.988,13.579],[-14.366,13.455],[-14.47,13.522],[-14.543,13.641],[-14.627,13.664],[-14.741,13.615],[-14.879,13.781],[-15.076,13.819],[-15.267,13.742],[-15.304,13.782],[-15.394,13.772],[-15.468,13.708],[-15.518,13.583],[-16.561,13.587],[-16.576,13.64],[-16.508,13.688],[-16.509,13.74],[-16.599,13.654],[-16.636,13.678],[-16.63,13.76],[-16.557,13.846],[-16.487,13.805],[-16.516,13.88],[-16.487,14.003],[-16.549,13.869],[-16.638,13.846],[-16.7,13.769],[-16.747,13.951],[-16.703,13.99],[-16.638,13.962],[-16.576,13.989],[-16.542,14.037],[-16.591,14.044],[-16.441,14.157],[-16.365,14.168],[-16.469,14.194],[-16.46,14.154],[-16.513,14.151],[-16.654,14.003],[-16.721,14.016],[-16.652,14.1],[-16.728,14.065],[-16.775,13.839],[-16.786,14.06],[-16.945,14.301],[-16.957,14.39],[-17.07,14.465],[-17.224,14.69],[-17.417,14.738],[-17.44,14.654],[-17.536,14.757],[-17.173,14.901],[-16.878,15.233],[-16.534,15.784],[-16.466,16.174],[-16.385,16.235],[-16.295,16.511],[-16.132,16.555],[-16.054,16.495],[-15.897,16.518],[-15.672,16.481],[-15.525,16.522],[-15.464,16.581],[-15.415,16.548],[-15.125,16.583],[-15.093,16.6],[-15.108,16.665],[-15.037,16.633],[-14.974,16.691],[-14.912,16.641],[-14.407,16.661],[-13.978,16.338],[-13.964,16.23],[-13.836,16.121],[-13.729,16.19],[-13.669,16.106],[-13.485,16.155],[-13.502,16.095],[-13.44,16.102],[-13.316,15.93],[-13.286,15.77],[-13.228,15.711],[-13.238,15.623],[-13.11,15.596],[-13.084,15.493],[-12.964,15.509],[-12.919,15.365],[-12.828,15.284],[-12.888,15.251],[-12.787,15.214],[-12.78,15.146],[-12.717,15.103],[-12.623,15.102],[-12.485,15.017],[-12.448,14.907]]]}},{"type":"Feature","properties":{},"geometry":{"type":"Polygon","coordinates":[[[3.505,11.557],[3.667,11.76],[3.604,11.906],[3.654,11.987],[3.624,12.094],[3.642,12.518],[3.929,12.75],[4.089,12.996],[4.126,13.473],[4.248,13.494],[4.507,13.695],[4.857,13.774],[4.925,13.733],[5.228,13.741],[5.374,13.855],[5.522,13.88],[6.142,13.641],[6.23,13.679],[6.369,13.626],[6.673,13.321],[6.838,13.063],[6.937,12.995],[7.069,12.996],[7.198,13.117],[7.392,13.113],[7.824,13.345],[8.105,13.3],[8.405,13.071],[8.534,13.065],[8.679,12.924],[8.943,12.847],[9.59,12.801],[9.93,13.146],[10.12,13.25],[10.675,13.375],[11.44,13.364],[11.853,13.245],[12.058,13.117],[12.201,13.125],[12.473,13.064],[12.561,13.243],[12.63,13.31],[12.674,13.284],[12.777,13.387],[12.805,13.373],[12.87,13.461],[12.842,13.489],[13.055,13.548],[13.124,13.523],[13.228,13.548],[13.33,13.709],[13.607,13.704],[14.065,13.078],[14.189,12.37],[14.487,12.338],[14.611,12.184],[14.67,12.167],[14.604,12.03],[14.627,11.95],[14.591,11.783],[14.542,11.71],[14.627,11.61],[14.594,11.496],[14.165,11.238],[13.982,11.276],[13.906,11.208],[13.755,11.017],[13.744,10.93],[13.539,10.621],[13.435,10.153],[13.248,10.079],[13.24,10.0],[3.602,10.0],[3.668,10.147],[3.572,10.286],[3.652,10.436],[3.773,10.408],[3.837,10.6],[3.823,10.703],[3.73,10.808],[3.754,10.907],[3.722,11.112],[3.663,11.143],[3.468,11.419],[3.505,11.557]]]}},{"type":"Feature","properties":{},"geometry":{"type":"Polygon","coordinates":[[[3.596,11.696],[3.468,11.419],[3.663,11.143],[3.722,11.112],[3.754,10.907],[3.73,10.808],[3.837,10.655],[3.788,10.426],[3.652,10.436],[3.572,10.286],[3.668,10.147],[3.602,10.0],[1.326,10.0],[0.761,10.382],[0.781,10.693],[0.863,10.796],[0.901,10.993],[0.963,10.974],[0.981,11.08],[1.114,11.028],[1.062,11.142],[1.158,11.166],[1.131,11.248],[1.156,11.286],[1.268,11.248],[1.273,11.318],[1.33,11.289],[1.339,11.366],[1.44,11.474],[1.569,11.453],[1.602,11.389],[1.841,11.445],[1.983,11.414],[2.287,11.665],[2.381,11.948],[2.457,11.979],[2.372,12.14],[2.37,12.236],[2.664,12.292],[2.7,12.347],[2.844,12.399],[3.252,12.024],[3.315,11.895],[3.503,11.83],[3.596,11.696]]]}},{"type":"Feature","properties":{},"geometry":{"type":"MultiPolygon","coordinates":[[[[16.344,46.547],[16.659,46.464],[16.755,46.382],[16.838,46.382],[17.053,46.153],[17.209,46.117],[17.317,45.998],[17.29,45.985],[17.591,45.936],[17.657,45.845],[17.858,45.772],[18.211,45.785],[18.404,45.742],[18.573,45.817],[18.656,45.908],[18.776,45.883],[18.901,45.931],[18.873,45.895],[18.907,45.868],[18.855,45.857],[18.845,45.816],[18.968,45.669],[18.904,45.573],[18.942,45.539],[19.018,45.567],[19.106,45.512],[19.01,45.499],[19.031,45.416],[18.977,45.371],[19.408,45.203],[19.391,45.169],[19.226,45.162],[19.122,45.196],[19.138,45.146],[19.045,45.137],[19.087,44.977],[19.132,44.953],[19.067,44.906],[18.991,44.915],[19.016,44.866],[18.89,44.861],[18.783,44.914],[18.792,45.002],[18.684,45.085],[18.55,45.095],[18.517,45.056],[18.238,45.157],[18.154,45.098],[18.003,45.149],[17.836,45.064],[17.685,45.164],[17.482,45.114],[17.496,45.142],[17.443,45.162],[17.382,45.14],[17.269,45.19],[17.187,45.149],[17.008,45.244],[16.947,45.236],[16.924,45.285],[16.812,45.181],[16.529,45.222],[16.389,45.117],[16.316,45.001],[16.122,45.096],[16.02,45.214],[15.792,45.19],[15.731,44.927],[15.773,44.845],[15.716,44.803],[15.728,44.769],[15.806,44.697],[15.889,44.724],[16.028,44.625],[16.006,44.541],[16.116,44.521],[16.16,44.416],[16.138,44.378],[16.203,44.36],[16.216,44.208],[16.327,44.082],[16.501,43.993],[16.713,43.772],[17.031,43.548],[17.271,43.463],[17.29,43.303],[17.442,43.152],[17.628,43.047],[17.663,42.966],[17.635,42.95],[17.516,42.959],[17.471,43.013],[17.502,43.031],[17.434,43.017],[17.46,43.031],[17.426,43.065],[17.114,43.213],[16.881,43.406],[16.626,43.449],[16.525,43.511],[16.391,43.511],[16.473,43.538],[16.434,43.55],[16.118,43.524],[16.172,43.49],[16.113,43.479],[15.959,43.504],[15.987,43.545],[15.925,43.559],[15.919,43.629],[15.966,43.641],[15.905,43.648],[15.953,43.651],[15.95,43.689],[15.706,43.763],[15.617,43.826],[15.663,43.813],[15.679,43.819],[15.455,43.928],[15.145,44.195],[15.11,44.264],[15.141,44.282],[15.177,44.25],[15.198,44.302],[15.295,44.251],[15.303,44.299],[15.261,44.333],[15.424,44.268],[15.529,44.272],[15.308,44.354],[15.007,44.57],[14.884,44.724],[14.922,44.959],[14.853,45.094],[14.658,45.197],[14.571,45.294],[14.312,45.344],[14.233,45.149],[14.179,45.135],[14.144,45.059],[14.151,44.977],[14.069,44.95],[14.084,44.986],[14.04,45.039],[14.076,44.984],[14.021,44.901],[13.973,44.901],[14.0,44.813],[13.89,44.833],[13.918,44.778],[13.903,44.772],[13.897,44.813],[13.787,44.875],[13.842,44.888],[13.795,44.895],[13.774,44.964],[13.623,45.073],[13.613,45.118],[13.726,45.135],[13.596,45.145],[13.575,45.306],[13.61,45.32],[13.541,45.346],[13.507,45.512],[13.889,45.424],[13.983,45.475],[13.972,45.514],[14.093,45.474],[14.373,45.478],[14.469,45.526],[14.581,45.668],[14.668,45.534],[14.797,45.465],[14.882,45.47],[14.923,45.515],[15.139,45.43],[15.325,45.453],[15.361,45.482],[15.297,45.523],[15.269,45.602],[15.374,45.64],[15.255,45.723],[15.429,45.775],[15.451,45.815],[15.676,45.842],[15.698,46.036],[15.59,46.114],[15.64,46.208],[16.019,46.299],[16.058,46.378],[16.276,46.373],[16.235,46.493],[16.344,46.547]]],[[[18.442,42.543],[18.496,42.416],[18.239,42.559],[18.218,42.62],[18.076,42.651],[18.043,42.702],[17.902,42.752],[17.893,42.791],[17.721,42.826],[17.762,42.779],[17.749,42.772],[17.214,42.983],[17.046,42.995],[17.002,43.051],[17.24,43.023],[17.741,42.839],[17.653,42.891],[17.812,42.91],[17.858,42.817],[18.442,42.543]]],[[[16.921,42.777],[16.905,42.732],[16.803,42.763],[16.828,42.781],[16.921,42.777]]],[[[17.392,42.802],[17.749,42.695],[17.324,42.791],[17.392,42.802]]],[[[17.149,42.953],[17.2,42.922],[16.851,42.901],[16.655,42.926],[16.707,42.97],[16.632,42.983],[17.149,42.953]]],[[[16.245,43.076],[16.21,43.033],[16.121,43.013],[16.063,43.017],[16.087,43.041],[16.049,43.065],[16.245,43.076]]],[[[16.67,43.125],[16.372,43.196],[16.496,43.218],[16.583,43.189],[16.521,43.229],[16.563,43.229],[16.728,43.165],[17.193,43.127],[16.67,43.125]]],[[[16.422,43.318],[16.447,43.395],[16.688,43.377],[16.892,43.312],[16.846,43.273],[16.628,43.264],[16.422,43.318]]],[[[16.376,43.333],[16.207,43.387],[16.2,43.407],[16.298,43.404],[16.376,43.333]]],[[[15.74,43.628],[15.672,43.637],[15.604,43.675],[15.65,43.673],[15.74,43.628]]],[[[15.228,43.874],[15.342,43.812],[15.396,43.772],[15.228,43.874]]],[[[15.446,43.888],[15.261,44.011],[15.384,43.97],[15.446,43.888]]],[[[15.242,44.028],[15.122,44.092],[15.063,44.162],[15.226,44.066],[15.242,44.028]]],[[[14.822,44.169],[14.869,44.141],[14.835,44.142],[14.82,44.153],[14.822,44.169]]],[[[15.217,43.913],[15.133,43.921],[15.195,43.873],[15.121,43.913],[14.85,44.176],[15.217,43.913]]],[[[14.897,44.491],[14.734,44.703],[14.845,44.601],[14.884,44.58],[14.904,44.61],[15.041,44.527],[15.076,44.484],[14.911,44.552],[15.048,44.439],[15.097,44.415],[15.042,44.477],[15.254,44.34],[15.165,44.367],[15.22,44.313],[15.129,44.312],[15.089,44.374],[15.117,44.387],[14.897,44.491]]],[[[14.527,44.504],[14.512,44.482],[14.438,44.565],[14.363,44.573],[14.336,44.717],[14.397,44.686],[14.41,44.601],[14.527,44.504]]],[[[14.859,44.717],[14.658,44.799],[14.727,44.799],[14.686,44.847],[14.753,44.846],[14.74,44.821],[14.859,44.717]]],[[[14.452,44.799],[14.513,44.619],[14.428,44.657],[14.294,44.909],[14.302,44.943],[14.387,44.909],[14.411,44.956],[14.278,45.113],[14.314,45.172],[14.356,45.169],[14.388,45.039],[14.473,44.971],[14.452,44.799]]],[[[14.706,44.947],[14.629,44.978],[14.621,45.046],[14.511,45.032],[14.425,45.087],[14.53,45.135],[14.549,45.249],[14.596,45.238],[14.624,45.175],[14.597,45.166],[14.665,45.162],[14.665,45.087],[14.74,45.073],[14.815,44.977],[14.706,44.947]]],[[[16.264,43.513],[16.375,43.49],[16.211,43.49],[16.264,43.513]]],[[[14.753,44.291],[14.79,44.267],[14.738,44.272],[14.753,44.291]]],[[[14.613,44.341],[14.657,44.305],[14.595,44.347],[14.613,44.341]]],[[[14.806,44.368],[14.756,44.364],[14.763,44.415],[14.803,44.406],[14.806,44.368]]],[[[14.233,44.626],[14.28,44.678],[14.264,44.612],[14.233,44.626]]]]}},{"type":"Feature","properties":{},"geometry":{"type":"Polygon","coordinates":[[[13.643,45.459],[13.569,45.539],[13.753,45.553],[13.712,45.593],[13.848,45.585],[13.895,45.632],[13.779,45.743],[13.581,45.809],[13.606,45.985],[13.509,45.967],[13.462,46.006],[13.637,46.18],[13.41,46.208],[13.365,46.29],[13.6,46.443],[13.677,46.452],[13.701,46.52],[14.05,46.484],[14.15,46.44],[14.406,46.439],[14.54,46.379],[14.59,46.434],[14.789,46.507],[14.85,46.601],[14.967,46.6],[15.062,46.65],[15.463,46.615],[15.627,46.681],[15.636,46.718],[15.851,46.724],[16.017,46.671],[15.972,46.821],[16.094,46.863],[16.325,46.839],[16.314,46.743],[16.411,46.668],[16.376,46.629],[16.501,46.545],[16.515,46.502],[16.358,46.547],[16.264,46.516],[16.234,46.479],[16.276,46.373],[16.058,46.378],[16.019,46.299],[15.64,46.208],[15.59,46.114],[15.698,46.036],[15.676,45.842],[15.451,45.815],[15.429,45.775],[15.255,45.723],[15.374,45.64],[15.269,45.602],[15.297,45.523],[15.361,45.482],[15.325,45.453],[15.139,45.43],[14.923,45.515],[14.882,45.47],[14.797,45.465],[14.668,45.534],[14.581,45.668],[14.469,45.526],[14.373,45.478],[14.093,45.474],[13.972,45.514],[13.983,45.475],[13.889,45.424],[13.643,45.459]]]}},{"type":"Feature","properties":{},"geometry":{"type":"Polygon","coordinates":[[[50.827,24.749],[50.851,24.891],[50.758,25.186],[50.751,25.495],[50.797,25.53],[50.847,25.467],[50.796,25.617],[50.871,25.639],[50.889,25.529],[50.909,25.598],[50.978,25.646],[50.903,25.64],[50.888,25.681],[50.902,25.79],[50.973,25.798],[50.949,25.838],[50.984,25.981],[51.251,26.16],[51.347,26.105],[51.388,25.967],[51.512,25.946],[51.577,25.881],[51.594,25.758],[51.545,25.737],[51.59,25.712],[51.505,25.687],[51.549,25.631],[51.491,25.618],[51.472,25.521],[51.517,25.44],[51.519,25.297],[51.608,25.255],[51.611,25.022],[51.5,24.855],[51.444,24.68],[51.341,24.57],[51.347,24.635],[51.278,24.663],[51.147,24.576],[50.979,24.568],[50.881,24.636],[50.827,24.749]]]}},{"type":"Feature","properties":{},"geometry":{"type":"MultiPolygon","coordinates":[[[[50.881,24.636],[51.039,24.56],[51.269,24.624],[51.306,24.611],[51.302,24.517],[51.395,24.631],[51.498,24.584],[51.336,24.448],[51.279,24.308],[51.413,24.323],[51.569,24.256],[51.594,24.078],[52.558,22.939],[55.0,22.634],[54.978,19.995],[51.979,18.996],[49.036,18.58],[48.162,18.149],[47.589,17.463],[47.428,17.092],[47.161,16.947],[46.97,16.957],[46.71,17.275],[46.323,17.224],[45.43,17.312],[45.165,17.428],[44.149,17.405],[44.085,17.343],[44.004,17.368],[43.915,17.302],[43.887,17.354],[43.731,17.352],[43.577,17.483],[43.413,17.52],[43.165,17.326],[43.252,17.272],[43.156,17.21],[43.118,17.086],[43.113,16.91],[43.212,16.797],[43.169,16.737],[43.18,16.665],[43.085,16.673],[43.036,16.536],[42.789,16.371],[42.712,16.731],[42.576,16.832],[42.542,16.878],[42.544,17.004],[42.448,17.049],[42.411,17.156],[42.357,17.182],[42.363,17.025],[42.302,17.454],[41.869,17.821],[41.788,17.834],[41.561,18.19],[41.493,18.224],[41.436,18.47],[41.356,18.569],[41.275,18.592],[41.21,18.698],[41.249,18.834],[41.136,18.937],[41.177,19.067],[41.069,19.125],[41.036,19.265],[40.956,19.343],[40.945,19.506],[40.76,19.609],[40.794,19.601],[40.798,19.692],[40.745,19.777],[40.654,19.794],[40.657,19.76],[40.527,19.91],[40.535,19.962],[40.084,20.279],[39.992,20.267],[39.903,20.308],[39.941,20.259],[39.76,20.351],[39.567,20.568],[39.595,20.589],[39.493,20.706],[39.506,20.746],[39.423,20.772],[39.449,20.827],[39.36,20.863],[39.353,20.92],[39.297,20.924],[39.238,21.063],[39.174,21.109],[39.17,21.191],[39.081,21.315],[39.171,21.404],[39.159,21.508],[39.092,21.577],[39.077,21.692],[39.109,21.748],[39.067,21.725],[38.931,22.006],[38.959,22.034],[39.006,22.002],[39.04,22.236],[39.143,22.403],[39.115,22.419],[39.07,22.366],[39.082,22.547],[38.986,22.724],[39.013,22.767],[38.945,22.831],[38.971,22.747],[38.903,22.843],[38.851,22.943],[38.913,22.862],[38.965,22.87],[38.894,22.965],[38.8,22.999],[38.798,23.15],[38.692,23.273],[38.6,23.568],[38.56,23.562],[38.595,23.521],[38.54,23.543],[38.453,23.784],[37.935,24.139],[37.983,24.166],[37.94,24.161],[37.948,24.207],[37.918,24.15],[37.866,24.15],[37.676,24.291],[37.626,24.281],[37.628,24.248],[37.523,24.268],[37.429,24.367],[37.457,24.441],[37.229,24.738],[37.227,24.8],[37.179,24.799],[37.149,24.851],[37.257,24.871],[37.28,24.964],[37.242,25.175],[37.105,25.322],[37.077,25.431],[36.936,25.646],[36.817,25.758],[36.792,25.721],[36.702,25.78],[36.662,25.879],[36.706,25.944],[36.696,26.022],[36.513,26.111],[36.309,26.498],[36.098,26.754],[36.032,26.907],[35.912,27.0],[35.803,27.142],[35.784,27.236],[35.56,27.456],[35.5,27.619],[35.323,27.876],[35.164,28.009],[35.216,28.054],[35.052,28.12],[34.846,28.071],[34.866,28.113],[34.837,28.116],[34.805,28.071],[34.819,28.113],[34.771,28.093],[34.709,28.14],[34.647,28.099],[34.668,28.071],[34.613,28.03],[34.573,28.113],[34.658,28.171],[34.804,28.527],[34.778,28.665],[34.949,29.352],[36.069,29.2],[36.477,29.495],[36.729,29.854],[37.47,29.995],[37.648,30.331],[37.981,30.499],[36.96,31.491],[38.963,31.994],[39.158,32.121],[40.37,31.938],[42.075,31.08],[44.692,29.202],[46.357,29.063],[46.532,29.096],[47.433,28.995],[47.582,28.631],[47.668,28.534],[48.433,28.54],[48.495,28.5],[48.508,28.416],[48.469,28.387],[48.535,28.408],[48.522,28.319],[48.618,28.217],[48.601,28.148],[48.652,28.046],[48.792,28.007],[48.744,27.961],[48.883,27.827],[48.875,27.77],[48.839,27.729],[48.858,27.804],[48.805,27.756],[48.813,27.829],[48.779,27.72],[48.811,27.743],[48.815,27.688],[48.88,27.688],[48.873,27.612],[48.832,27.612],[48.871,27.606],[48.901,27.633],[48.891,27.588],[48.914,27.572],[48.915,27.609],[48.969,27.62],[49.059,27.538],[49.24,27.545],[49.313,27.449],[49.285,27.475],[49.12,27.441],[49.207,27.395],[49.264,27.414],[49.223,27.331],[49.313,27.345],[49.323,27.206],[49.412,27.204],[49.375,27.149],[49.524,27.133],[49.489,27.175],[49.572,27.194],[49.57,27.104],[49.699,26.958],[49.973,26.842],[50.158,26.665],[50.162,26.639],[50.024,26.7],[50.006,26.748],[49.988,26.724],[50.031,26.495],[50.192,26.404],[50.217,26.324],[50.212,26.191],[50.155,26.166],[50.141,26.036],[50.032,26.201],[49.976,26.14],[50.01,26.077],[49.99,26.002],[50.024,26.036],[50.101,25.989],[50.118,25.868],[50.247,25.679],[50.257,25.632],[50.145,25.733],[50.149,25.7],[50.196,25.687],[50.348,25.482],[50.374,25.461],[50.381,25.513],[50.472,25.437],[50.562,25.055],[50.726,24.882],[50.761,24.736],[50.808,24.747],[50.881,24.636]]],[[[42.186,16.691],[42.179,16.583],[42.073,16.636],[42.118,16.66],[42.086,16.694],[41.955,16.67],[41.778,16.813],[41.757,16.896],[41.905,16.748],[42.035,16.716],[42.065,16.728],[42.022,16.756],[42.062,16.814],[42.186,16.691]]],[[[41.904,16.803],[41.835,16.892],[41.928,16.955],[41.846,16.997],[41.861,17.014],[41.938,16.973],[41.944,16.883],[41.985,16.854],[41.932,16.838],[42.002,16.761],[41.904,16.803]]],[[[49.501,27.361],[49.689,27.318],[49.565,27.298],[49.531,27.346],[49.456,27.29],[49.501,27.361]]],[[[37.037,25.412],[36.947,25.442],[36.952,25.468],[37.018,25.458],[37.037,25.412]]],[[[36.958,25.419],[36.9,25.361],[36.777,25.496],[36.824,25.46],[36.916,25.427],[36.904,25.394],[36.958,25.419]]],[[[36.866,25.546],[36.829,25.561],[36.856,25.568],[36.866,25.546]]],[[[36.879,25.443],[36.681,25.553],[36.726,25.565],[36.879,25.443]]],[[[36.901,25.549],[36.923,25.603],[36.923,25.519],[36.901,25.549]]],[[[36.531,25.645],[36.668,25.55],[36.539,25.589],[36.491,25.645],[36.544,25.703],[36.531,25.645]]],[[[36.543,25.739],[36.542,25.802],[36.558,25.836],[36.591,25.861],[36.555,25.796],[36.611,25.709],[36.543,25.739]]]]}},{"type":"Feature","properties":{},"geometry":{"type":"Polygon","coordinates":[[[26.333,41.713],[26.212,41.75],[26.054,41.702],[26.055,41.649],[26.158,41.542],[26.176,41.432],[26.121,41.358],[25.882,41.304],[25.811,41.341],[25.68,41.297],[25.551,41.316],[25.239,41.241],[25.102,41.337],[24.886,41.401],[24.803,41.393],[24.774,41.348],[24.58,41.441],[24.51,41.562],[24.296,41.515],[24.251,41.563],[24.17,41.512],[24.077,41.536],[24.035,41.451],[23.895,41.464],[23.612,41.371],[23.415,41.4],[23.326,41.369],[23.288,41.398],[23.157,41.316],[22.917,41.336],[22.955,41.432],[22.936,41.626],[23.009,41.74],[22.881,41.873],[22.838,42.019],[22.531,42.129],[22.345,42.313],[22.424,42.326],[22.533,42.458],[22.525,42.508],[22.425,42.573],[22.483,42.734],[22.427,42.814],[22.564,42.884],[22.727,42.887],[22.776,42.98],[22.956,43.108],[22.981,43.199],[22.898,43.22],[22.733,43.382],[22.519,43.474],[22.466,43.649],[22.405,43.687],[22.349,43.808],[22.4,43.993],[22.593,44.064],[22.606,44.175],[22.692,44.228],[23.031,44.093],[23.023,44.032],[22.886,43.995],[22.851,43.897],[22.889,43.84],[23.485,43.881],[24.159,43.753],[24.466,43.802],[24.706,43.744],[24.964,43.75],[25.403,43.65],[25.781,43.732],[26.151,44.012],[27.027,44.177],[27.251,44.122],[27.384,44.015],[27.633,44.03],[27.722,43.949],[27.912,43.993],[27.981,43.849],[28.221,43.762],[28.578,43.741],[28.604,43.538],[28.56,43.454],[28.473,43.367],[28.322,43.428],[28.119,43.392],[28.018,43.233],[27.904,43.202],[27.946,43.169],[27.884,43.031],[27.892,42.711],[27.733,42.715],[27.74,42.661],[27.628,42.629],[27.65,42.558],[27.541,42.565],[27.453,42.48],[27.466,42.428],[27.473,42.462],[27.514,42.435],[27.629,42.459],[27.652,42.419],[27.719,42.415],[27.714,42.349],[27.788,42.311],[27.756,42.258],[27.987,42.072],[28.017,41.973],[27.812,41.995],[27.815,41.947],[27.687,41.969],[27.546,41.901],[27.273,42.092],[27.174,42.057],[27.047,42.083],[26.939,41.996],[26.606,41.967],[26.543,41.92],[26.526,41.824],[26.376,41.817],[26.32,41.765],[26.333,41.713]]]}},{"type":"Feature","properties":{},"geometry":{"type":"Polygon","coordinates":[[[12.4,43.903],[12.396,43.948],[12.482,43.983],[12.46,43.895],[12.4,43.903]]]}},{"type":"Feature","properties":{},"geometry":{"type":"MultiPolygon","coordinates":[[[[-71.749,19.683],[-71.704,19.415],[-71.777,19.328],[-71.639,19.212],[-71.644,19.152],[-71.784,18.996],[-71.865,18.964],[-71.796,18.957],[-71.733,18.883],[-71.72,18.765],[-71.842,18.618],[-72.01,18.599],[-71.904,18.485],[-71.912,18.431],[-71.709,18.313],[-71.774,18.201],[-71.776,18.039],[-71.893,18.163],[-72.072,18.238],[-72.551,18.225],[-72.559,18.173],[-72.886,18.141],[-73.356,18.225],[-73.31,18.251],[-73.377,18.258],[-73.526,18.231],[-73.55,18.259],[-73.578,18.217],[-73.619,18.251],[-73.66,18.21],[-73.646,18.259],[-73.827,18.142],[-73.794,18.029],[-73.873,18.026],[-74.105,18.248],[-74.242,18.314],[-74.372,18.298],[-74.489,18.429],[-74.419,18.617],[-74.256,18.67],[-73.803,18.539],[-73.586,18.579],[-73.715,18.547],[-73.652,18.501],[-73.369,18.512],[-72.904,18.434],[-72.716,18.438],[-72.597,18.561],[-72.354,18.53],[-72.33,18.683],[-72.55,18.786],[-72.814,19.053],[-72.707,19.119],[-72.803,19.232],[-72.769,19.287],[-72.714,19.293],[-72.773,19.376],[-72.723,19.383],[-72.731,19.426],[-72.68,19.409],[-72.699,19.446],[-73.002,19.603],[-73.221,19.65],[-73.409,19.636],[-73.468,19.725],[-73.365,19.814],[-73.404,19.833],[-73.167,19.938],[-72.967,19.903],[-72.776,19.944],[-72.385,19.81],[-72.334,19.719],[-72.316,19.766],[-72.219,19.787],[-72.197,19.742],[-72.019,19.697],[-71.941,19.732],[-71.858,19.71],[-71.902,19.672],[-71.817,19.66],[-71.837,19.717],[-71.749,19.683]]],[[[-73.676,18.108],[-73.578,18.067],[-73.708,18.094],[-73.676,18.108]]],[[[-73.773,18.639],[-73.715,18.623],[-73.715,18.601],[-73.794,18.602],[-73.773,18.639]]],[[[-72.822,20.09],[-72.668,20.032],[-72.639,19.985],[-72.96,20.061],[-72.822,20.09]]],[[[-73.277,18.891],[-73.284,18.95],[-73.201,18.969],[-72.846,18.827],[-72.809,18.72],[-72.831,18.696],[-73.037,18.76],[-73.277,18.891]]]]}},{"type":"Feature","properties":{},"geometry":{"type":"MultiPolygon","coordinates":[[[[-71.704,19.415],[-71.771,19.785],[-71.661,19.894],[-71.505,19.91],[-71.268,19.836],[-71.192,19.87],[-71.172,19.834],[-71.165,19.869],[-71.001,19.938],[-70.947,19.889],[-70.843,19.91],[-70.789,19.834],[-70.624,19.767],[-70.434,19.775],[-70.281,19.652],[-70.116,19.622],[-70.042,19.678],[-69.947,19.679],[-69.887,19.613],[-69.904,19.532],[-69.868,19.425],[-69.768,19.3],[-69.528,19.342],[-69.336,19.293],[-69.231,19.363],[-69.247,19.3],[-69.164,19.307],[-69.254,19.184],[-69.617,19.225],[-69.608,19.093],[-69.42,19.111],[-69.356,19.053],[-69.173,19.011],[-69.14,19.051],[-69.054,18.977],[-68.975,19.033],[-68.74,18.964],[-68.356,18.657],[-68.334,18.577],[-68.456,18.358],[-68.589,18.382],[-68.647,18.215],[-68.743,18.205],[-68.82,18.342],[-68.923,18.412],[-69.085,18.396],[-69.315,18.451],[-69.525,18.408],[-69.617,18.457],[-69.647,18.414],[-69.697,18.456],[-69.851,18.472],[-70.017,18.411],[-70.172,18.231],[-70.553,18.204],[-70.597,18.289],[-70.579,18.386],[-70.704,18.43],[-70.742,18.355],[-70.846,18.342],[-70.932,18.262],[-71.084,18.304],[-71.103,18.255],[-71.061,18.142],[-71.204,17.911],[-71.309,17.816],[-71.417,17.605],[-71.532,17.755],[-71.679,17.765],[-71.631,17.817],[-71.659,17.953],[-71.776,18.039],[-71.774,18.201],[-71.709,18.313],[-71.912,18.431],[-71.904,18.485],[-72.01,18.599],[-71.842,18.618],[-71.72,18.765],[-71.733,18.883],[-71.796,18.957],[-71.865,18.964],[-71.784,18.996],[-71.644,19.152],[-71.639,19.212],[-71.777,19.328],[-71.704,19.415]]],[[[-71.541,17.555],[-71.521,17.621],[-71.467,17.58],[-71.507,17.551],[-71.541,17.555]]],[[[-68.612,18.171],[-68.572,18.108],[-68.737,18.124],[-68.787,18.197],[-68.612,18.171]]]]}},{"type":"Feature","properties":{},"geometry":{"type":"Polygon","coordinates":[[[14.065,13.078],[13.607,13.704],[13.449,14.439],[13.658,14.549],[13.645,14.644],[13.764,14.719],[13.755,14.847],[13.834,15.02],[14.369,15.75],[15.466,16.895],[15.736,19.904],[15.97,20.336],[15.57,20.752],[15.544,20.89],[15.609,20.951],[15.301,21.401],[15.185,21.491],[15.172,21.993],[14.98,22.996],[15.985,23.445],[23.981,19.496],[23.984,15.721],[23.946,15.692],[23.593,15.749],[23.321,15.681],[23.095,15.704],[22.907,15.541],[22.976,15.374],[22.958,15.202],[22.659,14.857],[22.677,14.689],[22.465,14.629],[22.364,14.544],[22.425,14.47],[22.429,14.265],[22.532,14.221],[22.546,14.14],[22.215,13.957],[22.075,13.78],[22.196,13.58],[22.268,13.335],[22.14,13.194],[21.964,13.098],[21.809,12.794],[21.936,12.64],[22.106,12.65],[22.205,12.743],[22.446,12.611],[22.373,12.463],[22.484,12.165],[22.458,12.03],[22.612,12.073],[22.542,11.633],[22.592,11.544],[22.743,11.466],[22.772,11.403],[22.915,11.396],[22.952,11.191],[22.861,10.919],[22.447,10.998],[22.253,10.915],[22.176,10.816],[22.049,10.837],[22.004,10.743],[21.723,10.637],[21.705,10.532],[21.751,10.412],[21.719,10.297],[21.656,10.234],[21.513,10.201],[21.401,10.0],[15.671,10.0],[15.476,10.133],[15.301,10.312],[15.218,10.487],[15.132,10.541],[15.15,10.623],[15.066,10.793],[15.079,10.898],[15.021,11.183],[15.061,11.416],[15.136,11.531],[15.067,11.681],[15.111,11.783],[15.044,11.877],[15.048,11.963],[15.081,11.972],[15.049,12.085],[14.965,12.092],[14.898,12.153],[14.908,12.327],[14.831,12.618],[14.734,12.68],[14.714,12.653],[14.71,12.718],[14.555,12.767],[14.49,12.874],[14.505,12.969],[14.435,13.07],[14.065,13.078]]]}},{"type":"Feature","properties":{},"geometry":{"type":"MultiPolygon","coordinates":[[[[47.955,29.977],[47.996,29.828],[48.079,29.744],[48.177,29.542],[47.966,29.576],[47.705,29.364],[47.837,29.388],[47.816,29.338],[47.858,29.323],[47.986,29.394],[48.1,29.35],[48.158,29.017],[48.279,28.894],[48.329,28.76],[48.394,28.743],[48.352,28.641],[48.387,28.654],[48.433,28.54],[47.668,28.534],[47.582,28.631],[47.434,28.995],[46.532,29.096],[46.853,29.445],[47.145,30.003],[47.358,30.092],[47.674,30.098],[47.955,29.977]]],[[[48.354,29.457],[48.397,29.387],[48.269,29.43],[48.281,29.471],[48.354,29.457]]],[[[48.334,29.679],[48.229,29.6],[48.162,29.63],[48.046,29.8],[48.113,29.839],[48.095,29.895],[48.159,29.879],[48.197,29.925],[48.121,29.981],[48.189,29.984],[48.344,29.791],[48.334,29.679]]],[[[48.109,30.028],[48.031,29.971],[48.011,29.98],[48.109,30.028]]]]}},{"type":"Feature","properties":{},"geometry":{"type":"MultiPolygon","coordinates":[[[[-90.114,13.796],[-90.008,13.95],[-89.836,14.059],[-89.748,14.038],[-89.69,14.17],[-89.525,14.232],[-89.598,14.328],[-89.584,14.402],[-89.541,14.382],[-89.398,14.445],[-89.154,14.351],[-89.107,14.396],[-88.966,14.191],[-88.881,14.184],[-88.839,14.1],[-88.746,14.111],[-88.747,14.052],[-88.691,14.01],[-88.504,13.984],[-88.497,13.851],[-88.285,13.906],[-88.236,13.938],[-88.235,13.993],[-88.099,13.99],[-88.015,13.866],[-87.818,13.916],[-87.704,13.815],[-87.79,13.533],[-87.719,13.474],[-87.817,13.407],[-87.838,13.441],[-87.874,13.365],[-87.79,13.287],[-87.928,13.159],[-88.325,13.167],[-88.352,13.174],[-88.328,13.197],[-88.358,13.229],[-88.338,13.195],[-88.415,13.172],[-88.462,13.262],[-88.455,13.215],[-88.554,13.276],[-88.723,13.27],[-88.577,13.263],[-88.537,13.221],[-88.599,13.229],[-88.474,13.199],[-88.462,13.168],[-88.786,13.245],[-89.251,13.472],[-89.808,13.527],[-89.85,13.607],[-90.098,13.731],[-90.114,13.796]]],[[[-87.723,13.164],[-87.706,13.212],[-87.693,13.168],[-87.723,13.164]]],[[[-87.78,13.242],[-87.751,13.229],[-87.764,13.214],[-87.78,13.242]]]]}},{"type":"Feature","properties":{},"geometry":{"type":"Polygon","coordinates":[[[-89.362,14.416],[-89.398,14.445],[-89.541,14.382],[-89.584,14.402],[-89.598,14.328],[-89.525,14.232],[-89.69,14.17],[-89.748,14.038],[-89.836,14.059],[-90.023,13.937],[-90.107,13.844],[-90.098,13.731],[-90.58,13.913],[-91.044,13.914],[-91.316,13.956],[-91.763,14.18],[-92.246,14.546],[-92.161,14.683],[-92.192,14.835],[-92.154,14.996],[-92.074,15.074],[-92.211,15.272],[-91.74,16.061],[-90.486,16.071],[-90.437,16.099],[-90.459,16.259],[-90.414,16.288],[-90.445,16.308],[-90.405,16.332],[-90.418,16.367],[-90.38,16.367],[-90.395,16.419],[-90.544,16.49],[-90.633,16.483],[-90.634,16.592],[-90.667,16.587],[-90.668,16.653],[-90.797,16.805],[-90.919,16.836],[-90.955,16.899],[-90.993,16.874],[-91.055,16.908],[-91.28,17.18],[-91.443,17.238],[-90.992,17.252],[-90.983,17.811],[-89.16,17.814],[-89.149,17.036],[-89.237,15.894],[-88.787,15.859],[-88.626,15.754],[-88.636,15.702],[-88.609,15.702],[-88.558,15.853],[-88.489,15.847],[-88.605,15.97],[-88.221,15.726],[-88.973,15.14],[-89.161,15.06],[-89.169,14.952],[-89.232,14.849],[-89.145,14.708],[-89.16,14.581],[-89.246,14.573],[-89.355,14.475],[-89.362,14.416]]]}},{"type":"Feature","properties":{},"geometry":{"type":"Polygon","coordinates":[[[7.433,43.74],[7.404,43.718],[7.366,43.723],[7.407,43.764],[7.433,43.74]]]}},{"type":"Feature","properties":{},"geometry":{"type":"Polygon","coordinates":[[[-4.995,25.102],[-8.682,27.285],[-8.679,28.693],[-7.619,29.389],[-7.35,29.383],[-7.147,29.509],[-6.958,29.509],[-6.784,29.446],[-6.7,29.516],[-6.413,29.565],[-5.756,29.614],[-5.721,29.523],[-5.637,29.495],[-5.54,29.523],[-5.176,29.977],[-4.876,30.18],[-4.624,30.285],[-4.372,30.509],[-4.156,30.586],[-3.834,30.627],[-3.646,30.711],[-3.66,30.837],[-3.555,30.956],[-3.624,31.087],[-3.731,31.176],[-3.811,31.143],[-3.843,31.17],[-3.815,31.337],[-3.673,31.389],[-3.66,31.648],[-2.828,31.795],[-2.939,32.049],[-2.881,32.076],[-2.516,32.132],[-1.21,32.09],[-1.196,32.146],[-1.31,32.167],[-1.244,32.357],[-1.032,32.494],[-1.423,32.742],[-1.559,32.934],[-1.503,32.975],[-1.5,33.06],[-1.674,33.238],[-1.683,33.369],[-1.617,33.554],[-1.662,33.645],[-1.747,33.702],[-1.703,33.762],[-1.719,33.898],[-1.67,34.079],[-1.81,34.372],[-1.703,34.48],[-1.871,34.597],[-1.77,34.741],[-1.98,34.865],[-2.016,34.926],[-2.194,35.004],[-2.223,35.089],[-1.956,35.075],[-1.761,35.13],[-1.51,35.295],[-1.295,35.365],[-1.183,35.576],[-1.033,35.683],[-0.802,35.774],[-0.626,35.723],[-0.523,35.78],[-0.479,35.89],[-0.349,35.907],[-0.286,35.828],[-0.083,35.794],[0.035,35.863],[0.127,36.051],[0.321,36.159],[0.342,36.206],[0.865,36.377],[1.045,36.487],[1.347,36.545],[1.973,36.562],[2.352,36.638],[2.447,36.591],[2.601,36.596],[2.933,36.809],[3.014,36.812],[3.14,36.742],[3.21,36.757],[3.227,36.812],[3.48,36.777],[3.874,36.917],[4.105,36.884],[4.262,36.912],[4.787,36.895],[5.105,36.781],[5.09,36.717],[5.304,36.643],[5.465,36.665],[5.734,36.832],[5.869,36.823],[6.197,36.902],[6.257,36.946],[6.267,37.018],[6.416,37.093],[6.544,37.059],[6.599,36.973],[6.822,36.953],[6.949,36.89],[7.157,36.915],[7.233,36.967],[7.256,37.015],[7.182,37.077],[7.223,37.09],[7.383,37.083],[7.713,36.963],[7.799,36.994],[7.773,36.89],[7.908,36.85],[8.233,36.958],[8.463,36.902],[8.603,36.94],[8.642,36.836],[8.413,36.784],[8.462,36.733],[8.43,36.663],[8.17,36.526],[8.168,36.491],[8.358,36.43],[8.241,35.828],[8.337,35.538],[8.294,35.325],[8.431,35.242],[8.3,35.068],[8.249,34.902],[8.267,34.75],[8.211,34.681],[8.236,34.648],[8.094,34.53],[7.832,34.414],[7.765,34.245],[7.631,34.199],[7.517,34.095],[7.48,33.894],[7.553,33.659],[7.708,33.415],[7.725,33.231],[8.087,33.094],[8.283,32.836],[8.331,32.528],[9.045,32.072],[9.52,30.229],[9.287,30.117],[9.668,29.608],[9.826,29.129],[9.851,28.786],[9.777,28.268],[9.934,27.827],[9.863,27.619],[9.794,27.57],[9.822,27.506],[9.721,27.292],[9.826,26.921],[9.907,26.857],[9.896,26.653],[9.836,26.504],[9.483,26.353],[9.378,26.169],[10.008,25.331],[10.032,24.856],[10.193,24.75],[10.242,24.595],[10.411,24.473],[10.699,24.556],[11.541,24.298],[11.969,23.517],[7.483,20.873],[5.794,19.45],[3.333,18.976],[3.104,19.136],[3.261,19.388],[3.199,19.554],[3.199,19.821],[2.946,19.942],[2.4,20.057],[2.201,20.274],[2.071,20.213],[1.955,20.255],[1.891,20.232],[1.855,20.295],[1.778,20.304],[1.659,20.398],[1.644,20.523],[1.56,20.598],[1.364,20.658],[1.297,20.733],[1.155,20.739],[1.18,20.995],[1.147,21.102],[-4.995,25.102]]]}},{"type":"Feature","properties":{},"geometry":{"type":"Polygon","coordinates":[[[1.697,42.494],[1.448,42.435],[1.408,42.487],[1.447,42.52],[1.406,42.529],[1.467,42.641],[1.543,42.649],[1.722,42.61],[1.765,42.563],[1.697,42.494]]]}},{"type":"Feature","properties":{},"geometry":{"type":"Polygon","coordinates":[[[18.53,42.4],[18.444,42.478],[18.437,42.559],[18.492,42.565],[18.55,42.668],[18.454,42.793],[18.473,42.863],[18.434,42.954],[18.483,43.015],[18.639,43.02],[18.621,43.123],[18.688,43.224],[18.664,43.233],[18.821,43.341],[18.923,43.347],[18.992,43.267],[19.07,43.309],[18.906,43.491],[18.977,43.546],[19.055,43.507],[19.195,43.533],[19.192,43.455],[19.372,43.384],[19.598,43.176],[19.714,43.166],[19.805,43.09],[19.929,43.114],[20.117,42.977],[20.354,42.891],[20.345,42.827],[20.218,42.803],[20.183,42.743],[20.076,42.773],[20.027,42.743],[20.104,42.653],[20.077,42.56],[19.982,42.511],[19.801,42.468],[19.734,42.524],[19.722,42.646],[19.622,42.605],[19.275,42.191],[19.372,42.104],[19.365,41.852],[19.17,41.938],[19.084,42.11],[18.913,42.222],[18.886,42.284],[18.779,42.271],[18.678,42.386],[18.617,42.368],[18.545,42.424],[18.7,42.393],[18.687,42.483],[18.654,42.452],[18.502,42.456],[18.53,42.4]]]}},{"type":"Feature","properties":{},"geometry":{"type":"Polygon","coordinates":[[[17.653,42.891],[17.556,42.935],[17.618,42.922],[17.581,42.942],[17.663,42.966],[17.628,43.047],[17.442,43.152],[17.29,43.303],[17.271,43.463],[17.031,43.548],[16.713,43.772],[16.501,43.993],[16.327,44.082],[16.216,44.208],[16.203,44.36],[16.138,44.378],[16.16,44.416],[16.116,44.521],[16.006,44.541],[16.028,44.625],[15.889,44.724],[15.806,44.697],[15.728,44.769],[15.716,44.803],[15.773,44.845],[15.731,44.927],[15.792,45.19],[16.02,45.214],[16.122,45.096],[16.316,45.001],[16.389,45.117],[16.529,45.222],[16.812,45.181],[16.924,45.285],[16.947,45.236],[17.008,45.244],[17.187,45.149],[17.269,45.19],[17.382,45.14],[17.443,45.162],[17.496,45.142],[17.482,45.114],[17.685,45.164],[17.836,45.064],[18.003,45.149],[18.154,45.098],[18.238,45.157],[18.517,45.056],[18.55,45.095],[18.649,45.063],[18.678,45.087],[18.792,45.002],[18.783,44.914],[18.89,44.861],[19.068,44.875],[19.187,44.928],[19.369,44.887],[19.318,44.715],[19.13,44.518],[19.141,44.431],[19.107,44.383],[19.157,44.294],[19.307,44.274],[19.381,44.177],[19.611,44.055],[19.61,44.019],[19.529,43.977],[19.365,43.973],[19.273,44.012],[19.229,43.958],[19.462,43.762],[19.506,43.674],[19.49,43.564],[19.411,43.541],[19.347,43.609],[19.253,43.589],[19.217,43.533],[19.055,43.507],[18.977,43.546],[18.911,43.507],[19.07,43.309],[18.992,43.267],[18.923,43.347],[18.821,43.341],[18.664,43.233],[18.688,43.224],[18.621,43.123],[18.639,43.02],[18.453,42.993],[18.434,42.937],[18.473,42.863],[18.445,42.817],[18.55,42.668],[18.492,42.565],[18.385,42.567],[17.995,42.74],[17.858,42.817],[17.812,42.91],[17.653,42.891]]]}},{"type":"Feature","properties":{},"geometry":{"type":"MultiPolygon","coordinates":[[[[-75.108,19.898],[-75.165,19.897],[-75.104,19.943],[-75.137,19.972],[-75.095,19.972],[-75.108,19.898]]],[[[-75.168,19.967],[-75.157,19.939],[-75.233,19.9],[-75.229,19.937],[-75.168,19.967]]]]}},{"type":"Feature","properties":{},"geometry":{"type":"MultiPolygon","coordinates":[[[[-75.095,19.972],[-75.137,19.972],[-75.092,20.061],[-75.169,20.026],[-75.147,19.984],[-75.233,19.9],[-75.285,19.888],[-75.521,19.88],[-75.722,19.958],[-76.202,19.992],[-76.866,19.938],[-76.959,19.891],[-77.298,19.907],[-77.359,19.864],[-77.706,19.83],[-77.736,19.874],[-77.573,20.061],[-77.586,20.089],[-77.522,20.095],[-77.236,20.301],[-77.195,20.287],[-77.113,20.368],[-77.082,20.465],[-77.15,20.538],[-77.24,20.563],[-77.195,20.637],[-77.343,20.718],[-77.493,20.677],[-77.878,20.732],[-77.942,20.698],[-78.066,20.712],[-78.488,21.039],[-78.538,21.232],[-78.498,21.27],[-78.545,21.298],[-78.628,21.521],[-78.746,21.568],[-78.689,21.586],[-78.745,21.637],[-79.209,21.548],[-79.472,21.602],[-79.515,21.649],[-79.54,21.622],[-79.652,21.692],[-79.816,21.711],[-79.851,21.68],[-79.895,21.699],[-79.895,21.76],[-80.013,21.754],[-80.003,21.721],[-80.067,21.817],[-80.27,21.887],[-80.448,22.05],[-80.389,22.082],[-80.484,22.192],[-80.538,22.164],[-80.471,22.041],[-80.905,22.046],[-81.088,22.086],[-81.136,22.23],[-81.194,22.282],[-81.205,22.06],[-81.239,22.151],[-81.338,22.089],[-81.396,22.171],[-81.524,22.205],[-81.824,22.189],[-81.88,22.26],[-82.164,22.397],[-82.119,22.432],[-81.841,22.431],[-81.652,22.488],[-81.643,22.573],[-81.878,22.68],[-82.099,22.655],[-82.76,22.706],[-82.801,22.623],[-83.059,22.489],[-83.167,22.34],[-83.26,22.342],[-83.415,22.186],[-83.517,22.188],[-83.575,22.247],[-83.671,22.172],[-83.925,22.172],[-84.002,22.058],[-83.959,22.035],[-84.029,21.92],[-84.12,21.945],[-84.24,21.911],[-84.508,21.767],[-84.496,21.934],[-84.66,21.912],[-84.84,21.823],[-84.925,21.836],[-84.95,21.877],[-84.931,21.915],[-84.878,21.89],[-84.848,21.941],[-84.823,21.911],[-84.521,22.048],[-84.289,22.021],[-84.274,22.076],[-84.308,22.037],[-84.336,22.131],[-84.446,22.205],[-84.374,22.381],[-84.309,22.473],[-84.23,22.504],[-84.213,22.583],[-84.145,22.569],[-84.078,22.666],[-84.021,22.679],[-84.069,22.698],[-84.048,22.718],[-83.984,22.687],[-83.873,22.751],[-83.651,22.797],[-83.535,22.877],[-83.481,22.86],[-83.438,22.903],[-83.393,22.877],[-83.226,23.002],[-83.178,22.987],[-83.169,22.93],[-83.161,22.98],[-83.061,23.02],[-83.002,23.019],[-82.964,22.973],[-82.918,23.032],[-82.576,23.054],[-82.407,23.147],[-82.219,23.194],[-81.581,23.158],[-81.536,23.129],[-81.529,23.047],[-81.481,23.1],[-81.149,23.212],[-81.286,23.131],[-81.149,23.035],[-81.078,23.104],[-80.988,23.106],[-80.959,23.059],[-80.663,23.09],[-80.597,23.156],[-80.622,23.09],[-80.557,23.007],[-80.432,22.95],[-80.247,22.911],[-80.164,22.963],[-80.07,22.932],[-80.046,22.959],[-79.916,22.849],[-79.863,22.884],[-79.793,22.898],[-79.855,22.873],[-79.857,22.821],[-79.7,22.747],[-79.652,22.759],[-79.627,22.657],[-79.342,22.413],[-79.239,22.376],[-78.782,22.391],[-78.735,22.316],[-78.71,22.356],[-78.738,22.391],[-78.708,22.387],[-78.484,22.26],[-78.381,22.247],[-78.301,22.164],[-78.065,22.087],[-77.888,21.87],[-77.86,21.966],[-77.806,21.966],[-77.849,21.911],[-77.752,21.805],[-77.525,21.754],[-77.456,21.777],[-77.422,21.746],[-77.456,21.733],[-77.43,21.658],[-77.347,21.639],[-77.449,21.802],[-77.614,21.884],[-77.556,21.929],[-77.401,21.79],[-77.134,21.664],[-77.154,21.555],[-77.266,21.614],[-77.364,21.612],[-77.255,21.567],[-77.258,21.476],[-77.162,21.48],[-77.088,21.606],[-76.947,21.459],[-76.812,21.398],[-76.897,21.346],[-76.887,21.307],[-76.829,21.314],[-76.806,21.39],[-76.671,21.356],[-76.637,21.321],[-76.735,21.286],[-76.613,21.247],[-76.654,21.294],[-76.545,21.288],[-76.56,21.235],[-76.613,21.226],[-76.537,21.185],[-76.456,21.226],[-76.517,21.239],[-76.526,21.282],[-76.388,21.284],[-76.17,21.187],[-76.117,21.091],[-76.073,21.113],[-76.037,21.075],[-75.925,21.116],[-75.874,21.089],[-75.822,21.137],[-75.704,21.119],[-75.578,21.013],[-75.649,20.899],[-75.724,20.923],[-75.743,20.889],[-75.722,20.855],[-75.626,20.877],[-75.551,20.822],[-75.573,20.798],[-75.631,20.843],[-75.77,20.836],[-75.784,20.746],[-75.725,20.696],[-75.633,20.781],[-75.551,20.684],[-75.448,20.691],[-75.476,20.718],[-75.44,20.741],[-75.356,20.72],[-75.359,20.678],[-75.313,20.665],[-75.256,20.671],[-75.331,20.704],[-75.294,20.723],[-75.106,20.663],[-74.998,20.701],[-74.736,20.609],[-74.733,20.565],[-74.393,20.287],[-74.236,20.321],[-74.14,20.242],[-74.142,20.183],[-74.267,20.068],[-74.813,20.037],[-74.947,19.976],[-74.978,19.923],[-75.092,19.897],[-75.095,19.972]]],[[[-78.355,20.573],[-78.339,20.518],[-78.463,20.602],[-78.355,20.573]]],[[[-78.449,20.712],[-78.512,20.691],[-78.545,20.704],[-78.484,20.732],[-78.449,20.712]]],[[[-78.792,20.72],[-78.786,20.749],[-78.751,20.726],[-78.792,20.72]]],[[[-75.508,20.787],[-75.482,20.738],[-75.578,20.77],[-75.578,20.787],[-75.508,20.787]]],[[[-78.942,20.84],[-78.847,20.773],[-78.964,20.814],[-78.942,20.84]]],[[[-79.08,20.897],[-78.971,20.874],[-78.989,20.839],[-79.08,20.897]]],[[[-79.079,20.918],[-79.116,20.911],[-79.15,20.977],[-79.224,21.006],[-79.138,20.983],[-79.079,20.918]]],[[[-79.389,21.123],[-79.332,21.113],[-79.293,21.075],[-79.354,21.082],[-79.327,21.082],[-79.389,21.123]]],[[[-81.377,21.703],[-81.497,21.618],[-81.561,21.603],[-81.551,21.628],[-81.377,21.703]]],[[[-82.616,21.664],[-82.541,21.596],[-82.595,21.542],[-82.906,21.437],[-83.079,21.469],[-83.192,21.63],[-83.082,21.551],[-82.966,21.599],[-82.959,21.562],[-82.946,21.605],[-82.988,21.62],[-83.086,21.8],[-82.959,21.925],[-82.989,21.948],[-82.704,21.893],[-82.693,21.824],[-82.603,21.758],[-82.616,21.664]]],[[[-77.627,22.042],[-77.634,21.945],[-77.695,21.948],[-77.703,21.911],[-77.823,21.983],[-77.817,22.031],[-77.902,22.015],[-77.949,22.103],[-77.627,22.042]]],[[[-77.758,22.178],[-77.881,22.309],[-77.834,22.296],[-77.758,22.178]]],[[[-77.863,22.099],[-78.046,22.199],[-78.008,22.234],[-78.003,22.286],[-78.018,22.315],[-77.975,22.299],[-77.987,22.237],[-77.909,22.205],[-77.868,22.227],[-77.902,22.192],[-77.826,22.158],[-77.863,22.099]]],[[[-78.172,22.311],[-78.205,22.368],[-78.237,22.336],[-78.246,22.401],[-78.313,22.404],[-78.144,22.429],[-78.011,22.281],[-78.172,22.311]]],[[[-78.405,22.464],[-78.638,22.492],[-78.657,22.53],[-78.694,22.508],[-78.696,22.541],[-78.466,22.53],[-78.396,22.56],[-78.278,22.449],[-78.43,22.419],[-78.405,22.464]]],[[[-78.961,22.66],[-79.064,22.66],[-79.087,22.672],[-78.961,22.66]]],[[[-79.327,22.617],[-79.52,22.721],[-79.572,22.788],[-79.635,22.802],[-79.57,22.804],[-79.372,22.677],[-79.327,22.617]]],[[[-79.887,22.96],[-79.95,22.928],[-79.957,22.953],[-79.927,22.966],[-79.887,22.96]]],[[[-80.348,22.987],[-80.232,23.0],[-80.232,22.959],[-80.348,22.987]]],[[[-80.225,23.09],[-80.166,23.092],[-80.131,23.087],[-80.225,23.09]]],[[[-80.848,23.185],[-80.831,23.136],[-80.972,23.111],[-80.841,23.158],[-80.848,23.185]]],[[[-80.486,23.194],[-80.495,23.168],[-80.581,23.179],[-80.56,23.205],[-80.486,23.194]]],[[[-78.613,20.658],[-78.578,20.648],[-78.594,20.643],[-78.613,20.658]]],[[[-78.656,20.659],[-78.63,20.659],[-78.631,20.653],[-78.656,20.659]]],[[[-81.981,21.648],[-81.99,21.609],[-82.114,21.57],[-81.981,21.648]]],[[[-81.839,21.666],[-81.901,21.616],[-81.932,21.628],[-81.936,21.642],[-81.839,21.666]]],[[[-82.608,21.939],[-82.63,21.921],[-82.668,21.949],[-82.645,21.955],[-82.608,21.939]]],[[[-83.608,21.966],[-83.545,21.961],[-83.593,21.96],[-83.608,21.966]]],[[[-81.549,22.058],[-81.582,22.051],[-81.589,22.073],[-81.572,22.074],[-81.549,22.058]]],[[[-78.768,22.542],[-78.739,22.524],[-78.766,22.519],[-78.768,22.542]]],[[[-82.528,22.64],[-82.508,22.59],[-82.523,22.559],[-82.528,22.64]]],[[[-79.216,22.643],[-79.177,22.645],[-79.206,22.624],[-79.216,22.643]]],[[[-79.666,22.852],[-79.731,22.866],[-79.728,22.904],[-79.718,22.88],[-79.666,22.852]]],[[[-79.818,22.954],[-79.835,22.912],[-79.858,22.917],[-79.861,22.963],[-79.818,22.954]]],[[[-80.058,23.042],[-80.091,23.043],[-80.088,23.067],[-80.077,23.07],[-80.058,23.042]]],[[[-80.272,23.14],[-80.25,23.085],[-80.306,23.135],[-80.272,23.14]]],[[[-80.462,23.135],[-80.376,23.152],[-80.458,23.127],[-80.462,23.135]]],[[[-80.695,23.204],[-80.675,23.187],[-80.704,23.18],[-80.695,23.204]]],[[[-80.712,23.2],[-80.741,23.184],[-80.861,23.22],[-80.838,23.224],[-80.712,23.2]]],[[[-80.913,23.266],[-80.879,23.232],[-80.943,23.257],[-80.913,23.266]]]]}},{"type":"Feature","properties":{},"geometry":{"type":"MultiPolygon","coordinates":[[[[-89.362,14.415],[-89.246,14.573],[-89.16,14.581],[-89.145,14.708],[-89.232,14.849],[-89.169,14.952],[-89.161,15.06],[-88.973,15.14],[-88.399,15.573],[-88.317,15.675],[-88.221,15.726],[-88.119,15.696],[-88.042,15.787],[-87.934,15.819],[-87.951,15.867],[-87.722,15.923],[-87.626,15.888],[-87.636,15.904],[-87.591,15.935],[-87.617,15.895],[-87.479,15.786],[-87.345,15.85],[-86.917,15.76],[-86.771,15.807],[-86.375,15.771],[-86.173,15.888],[-85.933,15.937],[-85.919,16.004],[-86.008,16.031],[-85.703,15.976],[-85.687,15.935],[-85.489,15.87],[-85.254,15.884],[-85.076,15.986],[-85.0,15.988],[-84.677,15.876],[-84.66,15.774],[-84.609,15.809],[-84.453,15.796],[-84.642,15.863],[-84.295,15.811],[-83.894,15.485],[-83.73,15.402],[-83.906,15.452],[-84.004,15.538],[-84.055,15.511],[-84.104,15.551],[-84.089,15.483],[-84.13,15.551],[-84.213,15.551],[-84.186,15.483],[-84.128,15.533],[-84.1,15.378],[-84.035,15.342],[-84.035,15.381],[-84.0,15.309],[-83.932,15.312],[-83.959,15.298],[-83.938,15.259],[-83.822,15.271],[-84.001,15.36],[-84.027,15.409],[-83.814,15.322],[-83.76,15.202],[-83.634,15.256],[-83.623,15.296],[-83.528,15.284],[-83.533,15.211],[-83.593,15.237],[-83.621,15.176],[-83.596,15.209],[-83.574,15.16],[-83.482,15.216],[-83.53,15.301],[-83.61,15.305],[-83.725,15.376],[-83.703,15.402],[-83.408,15.266],[-83.284,15.068],[-83.13,14.997],[-83.266,14.982],[-83.39,15.031],[-83.459,14.982],[-83.509,15.012],[-83.616,14.873],[-83.692,14.887],[-83.705,14.839],[-83.821,14.825],[-83.801,14.804],[-83.869,14.777],[-83.925,14.804],[-83.925,14.763],[-84.112,14.793],[-84.095,14.736],[-84.168,14.715],[-84.262,14.759],[-84.267,14.678],[-84.338,14.675],[-84.363,14.716],[-84.483,14.619],[-84.527,14.66],[-84.699,14.675],[-84.792,14.821],[-84.904,14.817],[-85.054,14.663],[-85.03,14.589],[-85.086,14.545],[-85.145,14.564],[-85.206,14.407],[-85.159,14.361],[-85.17,14.322],[-85.321,14.281],[-85.528,14.051],[-85.727,13.965],[-85.742,13.824],[-85.929,13.912],[-86.028,13.996],[-86.02,14.055],[-86.122,14.027],[-86.34,13.757],[-86.542,13.782],[-86.766,13.745],[-86.704,13.299],[-86.749,13.261],[-86.85,13.289],[-86.911,13.24],[-86.923,13.086],[-87.035,12.98],[-87.314,12.982],[-87.269,13.029],[-87.353,13.073],[-87.304,13.098],[-87.419,13.111],[-87.512,13.287],[-87.379,13.372],[-87.401,13.411],[-87.447,13.42],[-87.482,13.359],[-87.581,13.383],[-87.619,13.372],[-87.624,13.466],[-87.693,13.366],[-87.817,13.407],[-87.721,13.461],[-87.79,13.533],[-87.704,13.815],[-87.818,13.916],[-88.015,13.866],[-88.099,13.99],[-88.235,13.993],[-88.236,13.938],[-88.285,13.906],[-88.497,13.851],[-88.504,13.984],[-88.691,14.01],[-88.747,14.052],[-88.746,14.111],[-88.839,14.1],[-88.881,14.184],[-88.966,14.191],[-89.107,14.396],[-89.154,14.351],[-89.362,14.415]]],[[[-87.612,13.283],[-87.647,13.249],[-87.674,13.284],[-87.645,13.291],[-87.612,13.283]]],[[[-87.659,13.332],[-87.571,13.372],[-87.591,13.304],[-87.659,13.332]]],[[[-86.873,16.121],[-86.964,16.066],[-86.997,16.084],[-86.944,16.117],[-86.873,16.121]]],[[[-86.599,16.309],[-86.375,16.417],[-86.182,16.428],[-86.362,16.394],[-86.601,16.269],[-86.599,16.309]]],[[[-85.927,16.455],[-85.817,16.498],[-85.947,16.403],[-85.927,16.455]]],[[[-83.941,17.419],[-83.919,17.414],[-83.912,17.411],[-83.941,17.419]]]]}},{"type":"Feature","properties":{},"geometry":{"type":"MultiPolygon","coordinates":[[[[-75.586,10.0],[-75.589,10.128],[-75.531,10.241],[-75.704,10.134],[-75.592,10.303],[-75.516,10.319],[-75.524,10.392],[-75.578,10.398],[-75.503,10.488],[-75.522,10.433],[-75.493,10.435],[-75.489,10.501],[-75.52,10.576],[-75.28,10.743],[-75.25,10.707],[-75.222,10.735],[-75.267,10.795],[-75.05,10.901],[-75.024,10.974],[-74.862,11.049],[-74.844,11.11],[-74.523,10.996],[-74.298,10.991],[-74.492,10.979],[-74.517,10.927],[-74.482,10.851],[-74.525,10.883],[-74.597,10.868],[-74.598,10.782],[-74.564,10.831],[-74.544,10.762],[-74.5,10.765],[-74.51,10.845],[-74.457,10.748],[-74.395,10.749],[-74.215,11.087],[-74.234,11.241],[-74.153,11.344],[-74.005,11.355],[-73.826,11.277],[-73.705,11.268],[-73.292,11.294],[-72.741,11.708],[-72.263,11.886],[-72.139,12.105],[-72.171,12.234],[-71.97,12.255],[-72.015,12.194],[-71.938,12.166],[-71.868,12.208],[-71.871,12.256],[-71.961,12.283],[-71.829,12.376],[-71.843,12.338],[-71.803,12.324],[-71.733,12.41],[-71.694,12.365],[-71.631,12.427],[-71.679,12.417],[-71.686,12.455],[-71.735,12.414],[-71.697,12.464],[-71.511,12.443],[-71.262,12.342],[-71.114,12.094],[-71.138,12.016],[-71.299,11.92],[-71.328,11.85],[-71.991,11.649],[-72.267,11.155],[-72.499,11.121],[-72.908,10.452],[-72.988,10.0],[-75.586,10.0]]],[[[-81.705,12.504],[-81.717,12.563],[-81.691,12.591],[-81.705,12.504]]],[[[-81.365,13.324],[-81.365,13.374],[-81.351,13.366],[-81.365,13.324]]],[[[-75.576,10.378],[-75.535,10.351],[-75.591,10.319],[-75.596,10.348],[-75.576,10.378]]],[[[-80.091,13.578],[-80.089,13.577],[-80.09,13.577],[-80.091,13.578]]]]}},{"type":"Feature","properties":{},"geometry":{"type":"MultiPolygon","coordinates":[[[[-7.056,38.855],[-7.281,38.72],[-7.27,38.618],[-7.359,38.446],[-7.104,38.174],[-6.948,38.197],[-7.024,38.023],[-7.123,38.04],[-7.16,37.997],[-7.273,37.977],[-7.307,37.851],[-7.444,37.73],[-7.53,37.567],[-7.469,37.476],[-7.408,37.165],[-7.512,37.172],[-7.82,36.999],[-7.991,37.014],[-7.977,36.987],[-8.179,37.088],[-8.439,37.083],[-8.58,37.124],[-8.946,37.008],[-8.998,37.021],[-8.816,37.418],[-8.795,37.535],[-8.827,37.601],[-8.752,37.731],[-8.809,37.723],[-8.805,37.902],[-8.895,37.953],[-8.774,38.187],[-8.795,38.359],[-8.943,38.481],[-8.799,38.426],[-8.607,38.419],[-8.736,38.452],[-8.773,38.565],[-8.813,38.529],[-8.788,38.481],[-8.906,38.512],[-9.049,38.441],[-9.231,38.419],[-9.184,38.552],[-9.253,38.665],[-9.108,38.659],[-8.943,38.776],[-9.012,38.913],[-8.943,39.015],[-8.827,39.049],[-8.765,39.098],[-8.936,39.041],[-9.1,38.83],[-9.113,38.714],[-9.322,38.67],[-9.472,38.702],[-9.497,38.81],[-9.423,38.931],[-9.437,39.029],[-9.351,39.197],[-9.354,39.316],[-9.409,39.375],[-9.218,39.406],[-9.23,39.441],[-9.09,39.579],[-8.868,40.125],[-8.785,40.119],[-8.908,40.201],[-8.753,40.641],[-8.69,40.647],[-8.642,40.694],[-8.664,40.724],[-8.573,40.756],[-8.668,40.747],[-8.684,40.783],[-8.646,40.824],[-8.655,40.845],[-8.751,40.653],[-8.655,40.994],[-8.648,41.153],[-8.737,41.25],[-8.831,41.672],[-8.696,41.722],[-8.83,41.695],[-8.88,41.737],[-8.868,41.859],[-8.627,42.051],[-8.222,42.154],[-8.204,42.07],[-8.095,42.041],[-8.232,41.886],[-8.18,41.811],[-8.093,41.807],[-7.906,41.914],[-7.897,41.858],[-7.722,41.899],[-7.607,41.873],[-7.606,41.826],[-7.469,41.853],[-7.443,41.806],[-7.219,41.879],[-7.16,41.986],[-7.051,41.942],[-6.855,41.943],[-6.825,41.984],[-6.728,41.931],[-6.609,41.962],[-6.572,41.943],[-6.576,41.883],[-6.524,41.867],[-6.577,41.74],[-6.542,41.659],[-6.366,41.664],[-6.206,41.57],[-6.321,41.411],[-6.496,41.295],[-6.647,41.268],[-6.804,41.064],[-6.907,41.056],[-6.942,41.016],[-6.816,40.857],[-6.814,40.647],[-6.85,40.582],[-6.813,40.515],[-6.857,40.442],[-6.794,40.356],[-6.878,40.265],[-7.016,40.226],[-7.043,40.181],[-6.88,40.009],[-6.928,39.862],[-7.0,39.803],[-7.021,39.694],[-7.557,39.68],[-7.516,39.594],[-7.314,39.457],[-7.327,39.341],[-7.251,39.271],[-7.244,39.196],[-7.168,39.171],[-7.157,39.105],[-7.039,39.109],[-6.986,39.067],[-6.973,39.014],[-7.066,38.905],[-7.056,38.855]]],[[[-16.522,32.539],[-16.542,32.581],[-16.487,32.492],[-16.522,32.539]]],[[[-16.806,32.657],[-16.977,32.647],[-17.143,32.706],[-17.252,32.815],[-17.185,32.874],[-17.068,32.814],[-16.92,32.841],[-16.673,32.759],[-16.806,32.657]]],[[[-16.275,33.06],[-16.398,33.04],[-16.341,33.106],[-16.289,33.109],[-16.275,33.06]]],[[[-7.956,36.981],[-7.86,37.0],[-7.853,36.987],[-7.904,36.966],[-7.956,36.981]]],[[[-25.047,37.011],[-25.027,36.934],[-25.169,36.946],[-25.202,36.99],[-25.047,37.011]]],[[[-25.159,37.852],[-25.132,37.786],[-25.157,37.755],[-25.506,37.707],[-25.704,37.744],[-25.859,37.854],[-25.841,37.906],[-25.765,37.912],[-25.689,37.846],[-25.554,37.83],[-25.159,37.852]]],[[[-28.064,38.443],[-28.054,38.399],[-28.242,38.378],[-28.297,38.411],[-28.46,38.406],[-28.549,38.484],[-28.549,38.529],[-28.375,38.55],[-28.064,38.443]]],[[[-28.596,38.553],[-28.727,38.515],[-28.842,38.599],[-28.72,38.645],[-28.61,38.597],[-28.596,38.553]]],[[[-28.316,38.755],[-27.761,38.549],[-28.035,38.59],[-28.178,38.645],[-28.316,38.755]]],[[[-27.026,38.69],[-27.089,38.631],[-27.228,38.641],[-27.353,38.684],[-27.392,38.759],[-27.298,38.804],[-27.144,38.796],[-27.043,38.744],[-27.026,38.69]]],[[[-28.004,39.016],[-28.073,39.053],[-28.045,39.103],[-27.942,39.053],[-28.004,39.016]]],[[[-31.263,39.492],[-31.141,39.483],[-31.139,39.4],[-31.177,39.356],[-31.255,39.358],[-31.285,39.398],[-31.263,39.492]]],[[[-31.083,39.723],[-31.1,39.664],[-31.132,39.659],[-31.15,39.711],[-31.083,39.723]]],[[[-16.023,30.032],[-16.027,30.03],[-16.028,30.034],[-16.023,30.032]]],[[[-15.864,30.153],[-15.86,30.133],[-15.875,30.138],[-15.864,30.153]]],[[[-9.035,38.871],[-9.055,38.833],[-9.08,38.82],[-9.061,38.852],[-9.035,38.871]]]]}},{"type":"Feature","properties":{},"geometry":{"type":"Polygon","coordinates":[[[26.619,48.267],[26.68,48.33],[26.774,48.287],[26.778,48.366],[26.832,48.391],[26.943,48.351],[27.033,48.36],[27.037,48.4],[27.209,48.361],[27.342,48.436],[27.403,48.411],[27.605,48.484],[27.627,48.451],[27.785,48.442],[27.926,48.339],[28.076,48.315],[28.093,48.237],[28.179,48.259],[28.217,48.208],[28.358,48.239],[28.317,48.135],[28.412,48.171],[28.48,48.065],[28.519,48.149],[28.574,48.155],[28.799,48.112],[28.833,48.025],[28.95,47.935],[29.124,47.976],[29.173,47.891],[29.236,47.871],[29.178,47.79],[29.239,47.756],[29.117,47.533],[29.156,47.45],[29.233,47.446],[29.41,47.28],[29.481,47.338],[29.557,47.324],[29.58,47.26],[29.544,47.234],[29.545,47.136],[29.478,47.112],[29.52,47.06],[29.57,47.091],[29.602,47.061],[29.559,46.946],[29.928,46.81],[29.95,46.579],[29.902,46.531],[30.132,46.423],[30.081,46.374],[29.828,46.339],[29.714,46.471],[29.616,46.362],[29.481,46.425],[29.458,46.485],[29.375,46.416],[29.307,46.472],[29.283,46.397],[29.201,46.357],[29.184,46.538],[28.946,46.455],[28.934,46.259],[29.015,46.183],[28.939,46.089],[28.957,46.001],[28.74,45.953],[28.738,45.838],[28.67,45.812],[28.67,45.777],[28.577,45.762],[28.474,45.658],[28.537,45.58],[28.498,45.559],[28.502,45.509],[28.271,45.522],[28.199,45.462],[28.141,45.56],[28.062,45.594],[28.168,45.632],[28.083,46.015],[28.145,46.183],[28.109,46.234],[28.178,46.287],[28.246,46.428],[28.219,46.504],[28.247,46.621],[28.083,46.972],[27.807,47.145],[27.733,47.276],[27.572,47.375],[27.576,47.46],[27.473,47.492],[27.428,47.581],[27.304,47.667],[27.288,47.752],[27.219,47.814],[27.253,47.828],[27.161,47.922],[27.169,47.983],[27.096,48.006],[27.043,48.127],[26.805,48.258],[26.619,48.267]]]}},{"type":"Feature","properties":{},"geometry":{"type":"MultiPolygon","coordinates":[[[[54.857,37.761],[54.787,37.652],[54.788,37.525],[54.654,37.439],[54.533,37.441],[54.206,37.325],[53.914,37.343],[53.825,37.745],[53.807,38.032],[53.868,38.308],[53.827,38.525],[53.847,38.646],[53.983,38.916],[53.86,39.035],[53.767,39.031],[53.722,39.111],[53.732,39.057],[53.702,39.079],[53.725,39.242],[53.66,39.2],[53.684,39.083],[53.609,39.236],[53.568,39.193],[53.562,39.353],[53.389,39.311],[53.403,39.338],[53.239,39.365],[53.15,39.344],[53.198,39.324],[53.172,39.177],[53.085,39.4],[53.276,39.665],[53.314,39.659],[53.217,39.525],[53.427,39.536],[53.568,39.468],[53.574,39.527],[53.615,39.495],[53.736,39.518],[53.629,39.571],[53.633,39.618],[53.572,39.616],[53.533,39.68],[53.54,39.632],[53.444,39.701],[53.451,39.632],[53.417,39.65],[53.43,39.763],[53.382,39.769],[53.574,39.968],[53.402,40.007],[53.283,39.94],[53.172,39.997],[52.975,39.974],[52.914,40.022],[52.93,39.896],[53.054,39.769],[53.006,39.783],[53.04,39.742],[52.917,39.858],[52.884,39.945],[52.738,40.054],[52.768,40.154],[52.699,40.274],[52.75,40.518],[52.863,40.658],[52.828,40.711],[52.923,40.941],[52.917,41.085],[52.961,41.061],[53.04,40.886],[53.122,40.872],[53.065,40.844],[53.119,40.77],[53.266,40.817],[53.245,40.775],[53.331,40.776],[53.37,40.835],[53.399,40.763],[53.483,40.737],[53.555,40.774],[53.587,40.892],[53.625,40.887],[53.721,40.626],[54.011,40.658],[54.088,40.682],[54.054,40.715],[54.171,40.73],[54.232,40.728],[54.218,40.69],[54.253,40.677],[54.404,40.674],[54.363,40.688],[54.43,40.721],[54.318,40.722],[54.25,40.891],[54.361,40.917],[54.466,40.866],[54.438,40.817],[54.475,40.81],[54.64,40.839],[54.76,40.965],[54.678,41.071],[54.767,41.037],[54.6,41.192],[54.074,41.488],[54.009,41.765],[53.899,41.905],[53.907,42.063],[53.819,42.124],[53.682,42.144],[53.297,42.079],[53.164,42.104],[52.937,41.955],[52.769,41.676],[52.831,41.701],[52.917,41.674],[52.813,41.379],[52.91,41.123],[52.875,41.05],[52.761,41.378],[52.562,41.519],[52.593,41.646],[52.438,41.749],[52.979,42.127],[53.412,42.258],[54.123,42.338],[54.738,42.048],[54.941,41.89],[54.94,41.814],[55.0,41.746],[55.0,37.839],[54.857,37.761]]],[[[53.04,39.081],[53.088,39.088],[53.054,39.027],[53.102,38.755],[53.04,38.907],[53.04,39.081]]],[[[53.463,39.574],[53.54,39.54],[53.506,39.509],[53.463,39.574]]]]}},{"type":"Feature","properties":{},"geometry":{"type":"Polygon","coordinates":[[[35.561,32.641],[35.77,32.748],[35.896,32.713],[36.004,32.655],[36.066,32.517],[36.177,32.527],[36.388,32.379],[36.807,32.313],[38.775,33.372],[39.057,32.497],[38.978,32.475],[39.029,32.328],[39.236,32.353],[39.292,32.245],[38.963,31.994],[36.96,31.491],[37.981,30.499],[37.648,30.331],[37.47,29.995],[36.729,29.854],[36.477,29.495],[36.016,29.19],[34.949,29.352],[34.998,29.518],[34.96,29.586],[35.086,30.034],[35.145,30.123],[35.14,30.43],[35.438,31.104],[35.396,31.258],[35.453,31.401],[35.48,31.641],[35.559,31.765],[35.523,32.058],[35.573,32.238],[35.561,32.641]]]}},{"type":"Feature","properties":{},"geometry":{"type":"Polygon","coordinates":[[[13.24,10.0],[13.248,10.079],[13.435,10.153],[13.539,10.621],[13.744,10.93],[13.755,11.017],[13.906,11.208],[13.982,11.276],[14.165,11.238],[14.616,11.539],[14.621,11.63],[14.542,11.71],[14.591,11.783],[14.627,11.95],[14.604,12.03],[14.668,12.178],[14.611,12.184],[14.487,12.338],[14.189,12.37],[14.065,13.078],[14.418,13.081],[14.505,12.969],[14.49,12.874],[14.555,12.767],[14.71,12.718],[14.714,12.653],[14.734,12.68],[14.769,12.633],[14.819,12.639],[14.908,12.327],[14.898,12.153],[14.965,12.092],[15.049,12.085],[15.081,11.972],[15.048,11.963],[15.044,11.877],[15.111,11.783],[15.069,11.661],[15.136,11.531],[15.061,11.416],[15.021,11.183],[15.079,10.898],[15.066,10.793],[15.15,10.623],[15.138,10.522],[15.218,10.487],[15.301,10.312],[15.476,10.133],[15.671,10.0],[13.24,10.0]]]}},{"type":"Feature","properties":{},"geometry":{"type":"Polygon","coordinates":[[[3.589,11.702],[3.495,11.838],[3.307,11.902],[3.252,12.024],[2.844,12.399],[2.7,12.347],[2.664,12.292],[2.37,12.236],[2.406,12.047],[2.457,11.996],[2.381,11.948],[2.39,11.897],[2.052,12.342],[2.069,12.383],[2.245,12.424],[2.2,12.596],[2.109,12.706],[1.972,12.724],[1.844,12.606],[1.564,12.632],[1.114,12.996],[0.984,13.032],[0.984,13.368],[1.161,13.311],[1.188,13.364],[1.269,13.346],[1.015,13.466],[0.991,13.541],[0.897,13.615],[0.776,13.635],[0.763,13.682],[0.594,13.689],[0.601,13.769],[0.369,14.039],[0.339,14.126],[0.389,14.252],[0.189,14.448],[0.153,14.547],[0.22,14.731],[0.184,14.82],[0.221,14.996],[0.353,14.963],[0.515,14.994],[0.67,14.94],[0.949,14.98],[1.332,15.284],[3.0,15.339],[3.034,15.426],[3.507,15.354],[3.527,15.496],[3.692,15.631],[3.846,15.685],[3.91,15.905],[3.983,15.984],[3.971,16.086],[4.061,16.298],[4.184,16.416],[4.182,16.81],[4.198,16.965],[4.236,16.996],[4.229,19.142],[5.794,19.45],[7.483,20.873],[11.969,23.517],[13.482,23.18],[14.216,22.616],[14.98,22.996],[15.172,21.993],[15.185,21.491],[15.301,21.401],[15.609,20.951],[15.544,20.89],[15.57,20.752],[15.97,20.336],[15.736,19.904],[15.472,16.917],[14.369,15.75],[13.834,15.02],[13.755,14.847],[13.764,14.719],[13.645,14.644],[13.658,14.549],[13.449,14.439],[13.607,13.704],[13.33,13.709],[13.228,13.548],[13.124,13.523],[13.055,13.548],[12.842,13.489],[12.87,13.461],[12.805,13.373],[12.777,13.387],[12.674,13.284],[12.63,13.31],[12.561,13.243],[12.473,13.064],[12.201,13.125],[12.058,13.117],[11.853,13.245],[11.44,13.364],[10.675,13.375],[10.12,13.25],[9.93,13.146],[9.59,12.801],[8.943,12.847],[8.679,12.924],[8.534,13.065],[8.405,13.071],[8.105,13.3],[7.824,13.345],[7.392,13.113],[7.198,13.117],[7.069,12.996],[6.937,12.995],[6.779,13.13],[6.673,13.321],[6.509,13.496],[6.302,13.664],[6.23,13.679],[6.142,13.641],[5.522,13.88],[5.374,13.855],[5.228,13.741],[4.925,13.733],[4.825,13.771],[4.453,13.674],[4.248,13.494],[4.126,13.473],[4.089,12.996],[3.929,12.75],[3.642,12.518],[3.624,12.094],[3.654,11.987],[3.604,11.906],[3.667,11.76],[3.589,11.702]]]}},{"type":"Feature","properties":{},"geometry":{"type":"Polygon","coordinates":[[[2.39,11.897],[2.287,11.665],[1.983,11.414],[1.841,11.445],[1.602,11.389],[1.569,11.453],[1.44,11.474],[1.339,11.366],[1.33,11.289],[1.273,11.318],[1.268,11.248],[1.156,11.286],[1.131,11.248],[1.158,11.166],[1.062,11.142],[1.117,11.032],[0.981,11.08],[0.963,10.974],[0.675,10.989],[0.488,10.933],[0.487,11.003],[-0.302,11.163],[-0.319,11.101],[-0.369,11.065],[-0.425,11.101],[-0.457,11.03],[-0.591,10.982],[-0.635,10.908],[-0.674,10.984],[-0.828,11.006],[-0.901,10.966],[-0.932,11.003],[-1.562,11.027],[-1.599,10.997],[-2.837,10.998],[-2.821,10.906],[-2.933,10.634],[-2.86,10.466],[-2.768,10.421],[-2.841,10.343],[-2.755,10.261],[-2.798,10.19],[-2.771,10.0],[-4.978,10.0],[-4.975,10.056],[-5.07,10.11],[-5.039,10.134],[-5.091,10.178],[-5.084,10.227],[-5.117,10.208],[-5.119,10.294],[-5.297,10.323],[-5.403,10.301],[-5.523,10.425],[-5.431,10.845],[-5.502,10.97],[-5.504,11.073],[-5.333,11.122],[-5.263,11.252],[-5.263,11.39],[-5.218,11.422],[-5.234,11.576],[-5.308,11.618],[-5.287,11.759],[-5.412,11.829],[-5.275,11.837],[-5.089,11.979],[-4.761,12.007],[-4.56,12.149],[-4.586,12.197],[-4.494,12.273],[-4.488,12.321],[-4.406,12.307],[-4.452,12.435],[-4.387,12.534],[-4.483,12.646],[-4.485,12.715],[-4.258,12.721],[-4.212,12.819],[-4.229,12.949],[-4.351,13.106],[-4.327,13.169],[-4.235,13.176],[-4.254,13.229],[-3.977,13.461],[-3.978,13.5],[-3.918,13.451],[-3.972,13.387],[-3.799,13.347],[-3.545,13.174],[-3.449,13.169],[-3.449,13.266],[-3.249,13.293],[-3.287,13.698],[-3.125,13.677],[-3.068,13.607],[-2.895,13.652],[-2.928,13.8],[-2.867,14.001],[-2.597,14.222],[-2.462,14.281],[-2.152,14.156],[-2.036,14.181],[-1.997,14.471],[-1.697,14.496],[-1.35,14.715],[-1.079,14.796],[-0.72,15.078],[-0.468,15.08],[-0.426,15.003],[-0.237,15.066],[0.218,14.911],[0.184,14.82],[0.22,14.731],[0.159,14.496],[0.389,14.252],[0.339,14.126],[0.369,14.039],[0.601,13.769],[0.594,13.689],[0.763,13.682],[0.776,13.635],[0.897,13.615],[0.991,13.541],[1.015,13.466],[1.269,13.346],[1.188,13.364],[1.161,13.311],[0.984,13.368],[0.984,13.032],[1.114,12.996],[1.564,12.632],[1.844,12.606],[1.972,12.724],[2.109,12.706],[2.2,12.596],[2.245,12.424],[2.069,12.383],[2.052,12.342],[2.39,11.897]]]}},{"type":"Feature","properties":{},"geometry":{"type":"Polygon","coordinates":[[[-0.166,11.135],[0.487,11.003],[0.488,10.933],[0.675,10.989],[0.901,10.993],[0.863,10.796],[0.781,10.693],[0.761,10.382],[1.326,10.0],[0.35,10.0],[0.398,10.052],[0.354,10.116],[0.397,10.283],[0.309,10.297],[0.273,10.407],[0.18,10.394],[0.11,10.508],[-0.098,10.654],[0.019,11.032],[0.001,11.086],[-0.122,11.092],[-0.166,11.135]]]}},{"type":"Feature","properties":{},"geometry":{"type":"Polygon","coordinates":[[[-0.302,11.163],[0.016,11.063],[-0.088,10.633],[0.029,10.583],[0.18,10.394],[0.273,10.407],[0.309,10.297],[0.397,10.283],[0.354,10.116],[0.398,10.052],[0.35,10.0],[-2.784,10.019],[-2.798,10.19],[-2.755,10.261],[-2.841,10.343],[-2.768,10.421],[-2.86,10.466],[-2.933,10.634],[-2.821,10.906],[-2.837,10.998],[-1.599,10.997],[-1.562,11.027],[-0.932,11.003],[-0.901,10.966],[-0.828,11.006],[-0.674,10.984],[-0.635,10.908],[-0.591,10.982],[-0.457,11.03],[-0.425,11.101],[-0.369,11.065],[-0.319,11.101],[-0.302,11.163]]]}},{"type":"Feature","properties":{},"geometry":{"type":"MultiPolygon","coordinates":[[[[-13.736,12.608],[-13.661,12.459],[-13.695,12.293],[-13.741,12.257],[-13.84,12.277],[-13.944,12.219],[-13.973,12.152],[-13.724,12.003],[-13.73,11.71],[-13.816,11.687],[-13.87,11.744],[-13.886,11.676],[-14.015,11.637],[-14.29,11.669],[-14.521,11.513],[-14.711,11.498],[-14.828,11.335],[-14.959,11.036],[-15.085,10.928],[-15.048,10.995],[-15.114,10.975],[-15.099,11.058],[-15.001,11.142],[-15.001,11.217],[-15.125,11.132],[-15.23,10.995],[-15.271,11.039],[-15.215,11.081],[-15.207,11.234],[-15.234,11.123],[-15.358,11.144],[-15.41,11.19],[-15.426,11.287],[-15.389,11.37],[-15.33,11.368],[-15.268,11.433],[-15.343,11.378],[-15.353,11.463],[-15.449,11.347],[-15.507,11.358],[-15.453,11.46],[-15.474,11.494],[-15.398,11.494],[-15.412,11.529],[-15.354,11.525],[-15.35,11.563],[-15.29,11.543],[-15.336,11.577],[-15.295,11.605],[-15.275,11.578],[-15.24,11.577],[-15.281,11.625],[-15.226,11.619],[-15.209,11.574],[-15.194,11.643],[-15.144,11.598],[-15.116,11.618],[-15.09,11.591],[-15.144,11.584],[-15.123,11.545],[-15.007,11.612],[-15.08,11.598],[-15.062,11.646],[-15.125,11.638],[-15.11,11.687],[-15.172,11.66],[-15.131,11.708],[-15.228,11.659],[-15.213,11.728],[-15.186,11.722],[-15.226,11.755],[-15.259,11.677],[-15.268,11.748],[-15.323,11.708],[-15.281,11.67],[-15.323,11.632],[-15.35,11.68],[-15.343,11.605],[-15.392,11.66],[-15.371,11.591],[-15.419,11.612],[-15.439,11.557],[-15.469,11.606],[-15.426,11.694],[-15.476,11.654],[-15.488,11.708],[-15.538,11.676],[-15.551,11.733],[-15.439,11.885],[-15.189,11.871],[-15.09,11.94],[-15.069,11.804],[-14.936,11.753],[-15.07,11.861],[-15.007,11.978],[-15.094,11.984],[-15.215,11.91],[-15.426,11.961],[-15.593,11.845],[-15.83,11.748],[-15.791,11.863],[-15.734,11.858],[-15.796,11.885],[-15.85,11.775],[-15.88,11.774],[-15.878,11.824],[-15.959,11.735],[-15.932,11.88],[-15.865,11.972],[-15.782,12.003],[-15.721,11.967],[-15.714,12.016],[-15.864,12.029],[-15.946,11.984],[-15.968,11.927],[-16.125,11.885],[-16.323,11.995],[-16.355,12.087],[-16.32,12.172],[-16.261,12.18],[-16.257,12.23],[-16.063,12.351],[-16.306,12.214],[-16.316,12.283],[-16.35,12.197],[-16.458,12.172],[-16.567,12.277],[-16.728,12.333],[-16.412,12.362],[-16.222,12.455],[-15.677,12.439],[-15.195,12.679],[-13.728,12.673],[-13.736,12.608]]],[[[-15.957,11.187],[-15.878,11.074],[-15.978,11.048],[-15.926,11.09],[-15.967,11.098],[-15.957,11.187]]],[[[-15.972,11.13],[-16.017,11.069],[-16.057,11.164],[-15.981,11.207],[-15.972,11.13]]],[[[-16.063,11.118],[-16.056,11.049],[-16.132,11.029],[-16.132,11.064],[-16.145,11.029],[-16.188,11.04],[-16.248,11.105],[-16.1,11.208],[-16.057,11.185],[-16.063,11.118]]],[[[-15.831,11.303],[-15.838,11.214],[-15.871,11.2],[-15.896,11.249],[-15.831,11.303]]],[[[-15.662,11.285],[-15.658,11.234],[-15.693,11.256],[-15.727,11.166],[-15.773,11.173],[-15.754,11.276],[-15.662,11.285]]],[[[-16.173,11.221],[-16.283,11.231],[-16.249,11.294],[-16.159,11.296],[-16.173,11.221]]],[[[-15.663,11.492],[-15.68,11.44],[-15.74,11.46],[-15.693,11.502],[-15.663,11.492]]],[[[-16.214,11.44],[-16.302,11.454],[-16.237,11.508],[-16.166,11.516],[-16.214,11.44]]],[[[-16.282,11.493],[-16.419,11.488],[-16.426,11.529],[-16.248,11.584],[-16.282,11.493]]],[[[-16.084,11.468],[-15.94,11.605],[-15.906,11.578],[-15.898,11.454],[-16.035,11.42],[-16.084,11.468]]],[[[-15.474,11.619],[-15.472,11.566],[-15.57,11.55],[-15.566,11.51],[-15.63,11.529],[-15.529,11.625],[-15.474,11.619]]],[[[-16.148,11.877],[-16.037,11.899],[-15.986,11.887],[-16.041,11.755],[-16.155,11.808],[-16.148,11.877]]]]}},{"type":"Feature","properties":{},"geometry":{"type":"Polygon","coordinates":[[[-5.358,36.141],[-5.339,36.124],[-5.342,36.111],[-5.358,36.141]]]}},{"type":"Feature","properties":{},"geometry":{"type":"MultiPolygon","coordinates":[[[[-94.983,49.356],[-94.827,49.293],[-94.711,48.808],[-94.593,48.726],[-94.293,48.712],[-94.232,48.652],[-93.875,48.636],[-93.757,48.517],[-93.492,48.542],[-93.386,48.615],[-92.98,48.618],[-92.649,48.536],[-92.627,48.503],[-92.719,48.46],[-92.491,48.433],[-92.462,48.329],[-92.372,48.223],[-92.291,48.25],[-92.282,48.332],[-92.07,48.347],[-91.975,48.237],[-91.744,48.18],[-91.696,48.138],[-91.716,48.112],[-91.59,48.088],[-91.575,48.048],[-91.276,48.065],[-90.874,48.234],[-90.75,48.084],[-90.12,48.115],[-89.92,47.987],[-89.763,48.017],[-89.364,47.98],[-88.643,48.257],[-88.347,48.299],[-84.879,46.898],[-84.773,46.633],[-84.567,46.461],[-84.492,46.457],[-84.39,46.52],[-84.11,46.526],[-84.159,46.433],[-84.105,46.348],[-84.097,46.225],[-83.965,46.063],[-83.839,46.119],[-83.614,46.116],[-83.463,46.008],[-83.637,45.774],[-83.484,45.772],[-82.589,45.372],[-82.532,45.294],[-82.146,43.576],[-82.411,43.051],[-82.526,42.62],[-82.833,42.398],[-83.08,42.305],[-83.129,42.24],[-83.159,42.046],[-83.068,41.848],[-82.667,41.669],[-82.425,41.677],[-81.277,42.209],[-80.247,42.365],[-79.019,42.803],[-78.909,42.93],[-79.032,43.013],[-79.058,43.278],[-79.174,43.465],[-78.751,43.617],[-76.842,43.626],[-76.455,44.084],[-76.328,44.181],[-76.186,44.226],[-76.179,44.279],[-76.067,44.348],[-75.87,44.409],[-75.7,44.582],[-75.27,44.864],[-74.904,45.005],[-71.504,45.014],[-71.407,45.205],[-71.449,45.227],[-71.334,45.289],[-71.16,45.246],[-70.993,45.348],[-70.892,45.235],[-70.813,45.423],[-70.641,45.408],[-70.732,45.492],[-70.687,45.573],[-70.419,45.717],[-70.415,45.804],[-70.263,45.923],[-70.316,45.983],[-70.313,46.08],[-70.244,46.141],[-70.281,46.212],[-70.188,46.358],[-70.074,46.42],[-70.008,46.704],[-69.237,47.459],[-69.07,47.432],[-69.057,47.269],[-68.906,47.19],[-68.518,47.305],[-68.386,47.302],[-68.3,47.368],[-67.993,47.223],[-67.814,47.082],[-67.758,45.919],[-67.799,45.876],[-67.773,45.828],[-67.807,45.713],[-67.608,45.62],[-67.431,45.598],[-67.426,45.533],[-67.493,45.493],[-67.429,45.387],[-67.471,45.266],[-67.319,45.154],[-67.255,45.205],[-67.176,45.179],[-67.21,45.171],[-67.04,44.973],[-67.063,44.931],[-67.117,44.948],[-67.122,44.895],[-67.203,44.905],[-67.149,44.816],[-67.142,44.863],[-67.1,44.85],[-67.088,44.888],[-67.044,44.834],[-67.059,44.897],[-66.977,44.816],[-67.196,44.644],[-67.281,44.631],[-67.332,44.709],[-67.396,44.699],[-67.367,44.627],[-67.409,44.596],[-67.435,44.659],[-67.454,44.605],[-67.554,44.644],[-67.594,44.616],[-67.569,44.539],[-67.603,44.528],[-67.659,44.567],[-67.728,44.503],[-67.745,44.596],[-67.786,44.528],[-67.783,44.602],[-67.828,44.584],[-67.875,44.542],[-67.848,44.497],[-67.889,44.487],[-67.902,44.397],[-67.902,44.487],[-67.937,44.409],[-67.978,44.499],[-68.029,44.469],[-67.975,44.395],[-68.061,44.328],[-68.112,44.48],[-68.149,44.501],[-68.182,44.459],[-68.202,44.525],[-68.222,44.466],[-68.308,44.529],[-68.273,44.452],[-68.355,44.466],[-68.409,44.405],[-68.432,44.487],[-68.478,44.493],[-68.465,44.39],[-68.485,44.432],[-68.574,44.411],[-68.513,44.246],[-68.541,44.237],[-68.732,44.328],[-68.821,44.315],[-68.804,44.369],[-68.699,44.41],[-68.718,44.446],[-68.816,44.402],[-68.743,44.537],[-68.802,44.56],[-68.807,44.473],[-68.987,44.421],[-68.937,44.332],[-68.999,44.295],[-69.088,44.137],[-69.065,44.068],[-69.191,43.993],[-69.191,43.952],[-69.263,43.93],[-69.219,44.008],[-69.311,43.942],[-69.303,43.981],[-69.369,43.973],[-69.364,44.061],[-69.513,43.835],[-69.54,43.898],[-69.548,43.835],[-69.567,43.942],[-69.534,44.021],[-69.586,43.948],[-69.592,43.808],[-69.595,43.849],[-69.67,43.874],[-69.623,43.917],[-69.657,43.955],[-69.63,44.027],[-69.759,43.886],[-69.746,43.814],[-69.705,43.842],[-69.758,43.76],[-69.807,43.983],[-69.775,44.06],[-69.883,43.977],[-69.826,43.97],[-69.78,43.763],[-69.828,43.698],[-69.869,43.87],[-69.904,43.857],[-69.875,43.832],[-69.895,43.789],[-69.993,43.726],[-69.931,43.849],[-70.027,43.74],[-69.951,43.849],[-70.02,43.829],[-69.999,43.862],[-70.287,43.65],[-70.211,43.635],[-70.205,43.561],[-70.344,43.539],[-70.368,43.467],[-70.322,43.453],[-70.571,43.298],[-70.583,43.189],[-70.66,43.094],[-70.733,43.12],[-70.755,43.059],[-70.708,43.045],[-70.803,42.914],[-70.809,42.826],[-70.864,42.826],[-70.806,42.801],[-70.775,42.716],[-70.824,42.75],[-70.82,42.719],[-70.742,42.682],[-70.757,42.657],[-70.682,42.632],[-70.632,42.695],[-70.597,42.634],[-70.878,42.538],[-70.892,42.503],[-70.838,42.499],[-70.922,42.466],[-70.892,42.428],[-70.963,42.438],[-70.953,42.359],[-71.037,42.372],[-71.015,42.339],[-71.047,42.322],[-70.993,42.311],[-70.955,42.243],[-70.867,42.265],[-70.899,42.318],[-70.742,42.236],[-70.591,42.017],[-70.638,42.011],[-70.648,42.065],[-70.665,42.011],[-70.715,42.003],[-70.545,41.941],[-70.504,41.79],[-70.275,41.736],[-70.335,41.719],[-70.07,41.773],[-70.0,41.816],[-70.021,41.907],[-69.987,41.921],[-70.038,41.942],[-70.069,41.893],[-70.1,42.037],[-70.166,42.064],[-70.189,42.018],[-70.247,42.061],[-70.192,42.086],[-70.081,42.058],[-69.925,41.838],[-69.972,41.839],[-69.98,41.797],[-69.934,41.793],[-69.939,41.674],[-70.185,41.661],[-70.273,41.611],[-70.261,41.646],[-70.418,41.64],[-70.48,41.574],[-70.659,41.521],[-70.686,41.531],[-70.624,41.729],[-70.71,41.748],[-70.713,41.688],[-70.85,41.63],[-70.845,41.592],[-70.905,41.64],[-70.948,41.536],[-71.04,41.507],[-71.062,41.564],[-71.186,41.469],[-71.207,41.646],[-71.111,41.797],[-71.176,41.727],[-71.227,41.726],[-71.26,41.651],[-71.309,41.671],[-71.283,41.749],[-71.337,41.734],[-71.391,41.819],[-71.364,41.712],[-71.384,41.674],[-71.447,41.677],[-71.41,41.633],[-71.443,41.575],[-71.426,41.469],[-71.498,41.366],[-71.871,41.303],[-71.885,41.345],[-72.036,41.318],[-72.083,41.352],[-72.111,41.311],[-72.194,41.324],[-72.288,41.283],[-72.392,41.366],[-72.351,41.29],[-72.508,41.256],[-72.605,41.284],[-72.892,41.245],[-72.91,41.305],[-73.108,41.149],[-73.221,41.167],[-73.244,41.128],[-73.523,41.021],[-73.604,41.023],[-73.812,40.871],[-73.798,40.813],[-73.894,40.804],[-73.932,40.826],[-73.909,40.869],[-73.875,41.013],[-73.875,41.153],[-73.957,41.258],[-73.947,41.311],[-73.976,41.292],[-73.918,41.164],[-73.918,40.931],[-74.032,40.714],[-74.142,40.646],[-74.112,40.718],[-74.21,40.634],[-74.283,40.497],[-74.206,40.443],[-73.993,40.402],[-74.018,40.481],[-73.979,40.449],[-73.98,40.28],[-74.093,39.776],[-74.051,40.035],[-74.061,40.062],[-74.122,39.997],[-74.127,39.848],[-74.187,39.772],[-74.168,39.699],[-74.328,39.576],[-74.297,39.509],[-74.407,39.557],[-74.384,39.471],[-74.448,39.447],[-74.469,39.399],[-74.413,39.357],[-74.53,39.311],[-74.482,39.365],[-74.51,39.379],[-74.551,39.311],[-74.642,39.307],[-74.66,39.289],[-74.551,39.283],[-74.742,39.118],[-74.708,39.098],[-74.803,38.988],[-74.955,38.926],[-74.894,39.108],[-74.906,39.18],[-75.04,39.215],[-75.146,39.187],[-75.242,39.293],[-75.367,39.343],[-75.532,39.478],[-75.51,39.56],[-75.558,39.613],[-75.406,39.803],[-75.144,39.875],[-75.099,39.906],[-75.116,39.953],[-75.024,40.016],[-75.12,39.974],[-75.148,39.903],[-75.392,39.84],[-75.592,39.649],[-75.555,39.541],[-75.588,39.463],[-75.398,39.249],[-75.394,39.056],[-75.195,38.815],[-75.084,38.796],[-75.065,38.633],[-75.086,38.693],[-75.139,38.688],[-75.12,38.659],[-75.153,38.659],[-75.099,38.638],[-75.208,38.57],[-75.096,38.566],[-75.06,38.613],[-75.045,38.425],[-75.079,38.337],[-75.063,38.457],[-75.118,38.437],[-75.104,38.395],[-75.18,38.408],[-75.101,38.362],[-75.104,38.316],[-75.164,38.234],[-75.197,38.233],[-75.187,38.262],[-75.233,38.239],[-75.29,38.111],[-75.334,38.112],[-75.421,37.988],[-75.425,37.875],[-75.819,37.454],[-75.796,37.406],[-75.887,37.357],[-75.949,37.125],[-76.017,37.258],[-75.966,37.453],[-75.926,37.478],[-75.952,37.516],[-75.894,37.563],[-75.935,37.576],[-75.876,37.661],[-75.819,37.673],[-75.787,37.809],[-75.695,37.802],[-75.702,37.843],[-75.661,37.843],[-75.671,37.893],[-75.743,37.912],[-75.633,37.96],[-75.875,37.951],[-75.853,38.032],[-75.743,38.111],[-75.853,38.09],[-75.794,38.159],[-75.941,38.135],[-75.928,38.194],[-75.819,38.234],[-75.907,38.271],[-75.843,38.404],[-75.963,38.248],[-75.996,38.313],[-75.955,38.351],[-75.99,38.362],[-76.037,38.309],[-76.038,38.232],[-76.21,38.392],[-76.216,38.317],[-76.319,38.474],[-76.286,38.5],[-76.264,38.466],[-76.172,38.566],[-76.286,38.563],[-76.277,38.625],[-76.161,38.631],[-76.054,38.568],[-75.97,38.607],[-75.963,38.659],[-76.024,38.593],[-76.105,38.625],[-76.092,38.659],[-76.154,38.653],[-76.106,38.686],[-76.166,38.681],[-76.168,38.728],[-76.199,38.675],[-76.234,38.757],[-76.292,38.721],[-76.288,38.776],[-76.341,38.673],[-76.305,38.823],[-76.253,38.855],[-76.173,38.757],[-76.109,38.801],[-76.177,38.786],[-76.188,38.847],[-76.106,38.878],[-76.161,38.926],[-76.198,38.878],[-76.197,38.936],[-76.247,38.951],[-76.329,38.916],[-76.328,38.865],[-76.375,38.842],[-76.315,39.029],[-76.198,38.979],[-76.151,39.009],[-76.168,39.057],[-76.065,39.146],[-76.175,39.124],[-76.204,39.015],[-76.243,39.033],[-76.273,39.168],[-76.175,39.316],[-76.105,39.372],[-75.839,39.371],[-76.034,39.393],[-75.935,39.475],[-75.839,39.461],[-75.894,39.509],[-75.832,39.584],[-76.001,39.453],[-75.935,39.604],[-76.008,39.549],[-76.083,39.558],[-76.12,39.495],[-76.068,39.458],[-76.21,39.365],[-76.232,39.475],[-76.247,39.344],[-76.284,39.311],[-76.312,39.403],[-76.401,39.393],[-76.333,39.351],[-76.431,39.318],[-76.401,39.256],[-76.483,39.311],[-76.397,39.238],[-76.449,39.195],[-76.571,39.274],[-76.623,39.26],[-76.433,39.131],[-76.433,39.067],[-76.516,39.076],[-76.394,39.025],[-76.456,38.989],[-76.569,39.066],[-76.452,38.944],[-76.46,38.912],[-76.569,38.953],[-76.493,38.899],[-76.537,38.892],[-76.494,38.826],[-76.552,38.776],[-76.512,38.528],[-76.382,38.385],[-76.393,38.354],[-76.454,38.324],[-76.483,38.392],[-76.636,38.474],[-76.681,38.679],[-76.674,38.486],[-76.451,38.293],[-76.373,38.299],[-76.393,38.246],[-76.321,38.139],[-76.324,38.044],[-76.415,38.108],[-76.456,38.207],[-76.469,38.139],[-76.504,38.166],[-76.517,38.132],[-76.617,38.223],[-76.804,38.254],[-76.828,38.363],[-76.881,38.399],[-76.839,38.257],[-76.922,38.292],[-77.032,38.481],[-77.095,38.409],[-77.1,38.461],[-77.134,38.453],[-77.134,38.399],[-77.204,38.364],[-77.255,38.394],[-77.267,38.494],[-77.228,38.557],[-77.186,38.557],[-77.184,38.605],[-77.126,38.618],[-77.089,38.689],[-77.012,38.697],[-77.016,38.854],[-77.068,38.902],[-77.033,38.854],[-77.048,38.716],[-77.168,38.689],[-77.135,38.636],[-77.187,38.621],[-77.23,38.657],[-77.327,38.451],[-77.314,38.406],[-77.359,38.429],[-77.291,38.354],[-77.343,38.349],[-77.249,38.33],[-77.041,38.396],[-77.014,38.331],[-77.053,38.317],[-76.965,38.267],[-76.954,38.21],[-76.739,38.137],[-76.615,38.15],[-76.531,38.025],[-76.248,37.903],[-76.25,37.823],[-76.325,37.849],[-76.294,37.781],[-76.325,37.744],[-76.284,37.699],[-76.339,37.669],[-76.305,37.638],[-76.405,37.645],[-76.469,37.709],[-76.505,37.657],[-76.622,37.814],[-76.701,37.837],[-76.88,37.991],[-76.935,38.094],[-77.063,38.166],[-77.134,38.166],[-76.926,38.059],[-76.923,37.981],[-76.613,37.74],[-76.552,37.627],[-76.284,37.57],[-76.393,37.533],[-76.301,37.494],[-76.27,37.517],[-76.258,37.336],[-76.415,37.443],[-76.401,37.391],[-76.448,37.38],[-76.401,37.34],[-76.435,37.323],[-76.372,37.288],[-76.496,37.249],[-76.73,37.494],[-76.781,37.535],[-76.798,37.504],[-76.606,37.296],[-76.468,37.214],[-76.386,37.232],[-76.373,37.176],[-76.298,37.145],[-76.339,37.102],[-76.27,37.098],[-76.275,37.048],[-76.429,36.976],[-76.453,37.03],[-76.611,37.119],[-76.634,37.221],[-76.744,37.197],[-76.856,37.262],[-76.86,37.323],[-76.931,37.245],[-77.004,37.323],[-77.055,37.287],[-77.091,37.328],[-77.251,37.35],[-77.274,37.316],[-77.067,37.267],[-77.017,37.295],[-76.973,37.24],[-76.802,37.206],[-76.718,37.15],[-76.67,37.185],[-76.66,37.043],[-76.572,37.028],[-76.495,36.954],[-76.476,36.908],[-76.524,36.863],[-76.381,36.901],[-76.292,36.85],[-76.31,36.96],[-76.078,36.912],[-76.005,36.932],[-75.863,36.591],[-75.786,36.282],[-75.524,35.794],[-75.675,36.0],[-75.719,36.01],[-75.68,36.037],[-75.724,36.059],[-75.818,36.297],[-75.88,36.596],[-75.947,36.718],[-75.968,36.552],[-75.914,36.576],[-75.901,36.496],[-75.973,36.5],[-76.045,36.59],[-76.037,36.501],[-75.974,36.401],[-75.928,36.364],[-75.949,36.398],[-75.919,36.429],[-75.922,36.357],[-75.786,36.082],[-75.863,36.127],[-75.962,36.307],[-75.996,36.315],[-75.963,36.206],[-75.908,36.165],[-76.02,36.191],[-76.199,36.323],[-76.219,36.288],[-76.063,36.162],[-76.168,36.131],[-76.292,36.213],[-76.195,36.11],[-76.22,36.1],[-76.463,36.206],[-76.312,36.096],[-76.577,36.012],[-76.627,36.062],[-76.687,36.056],[-76.73,36.182],[-76.68,36.288],[-76.73,36.323],[-76.702,36.285],[-76.757,36.127],[-76.689,36.007],[-76.73,35.945],[-76.558,35.938],[-76.42,35.981],[-76.38,35.932],[-76.264,35.925],[-76.307,35.958],[-76.048,35.984],[-76.031,35.953],[-76.072,35.919],[-76.024,35.932],[-76.086,35.87],[-76.056,35.793],[-76.124,35.795],[-76.058,35.768],[-76.037,35.699],[-76.141,35.699],[-76.037,35.651],[-75.995,35.73],[-75.99,35.887],[-75.935,35.925],[-75.861,35.881],[-75.908,35.938],[-75.825,35.932],[-75.867,35.945],[-75.853,35.98],[-75.722,35.829],[-75.721,35.705],[-75.773,35.697],[-75.74,35.633],[-75.784,35.576],[-75.839,35.569],[-75.823,35.593],[-75.886,35.637],[-76.028,35.419],[-76.056,35.441],[-76.065,35.384],[-76.15,35.347],[-76.28,35.351],[-76.355,35.413],[-76.374,35.343],[-76.421,35.377],[-76.38,35.377],[-76.418,35.465],[-76.483,35.398],[-76.463,35.377],[-76.498,35.391],[-76.575,35.497],[-76.463,35.541],[-76.647,35.521],[-76.606,35.493],[-76.6,35.395],[-76.647,35.438],[-76.758,35.419],[-77.052,35.534],[-76.976,35.438],[-76.497,35.312],[-76.47,35.271],[-76.493,35.23],[-76.565,35.239],[-76.53,35.2],[-76.675,35.171],[-76.587,35.15],[-76.572,35.178],[-76.561,35.124],[-76.764,34.989],[-76.874,35.009],[-77.079,35.157],[-76.94,34.98],[-76.757,34.91],[-76.632,34.987],[-76.54,34.932],[-76.569,34.993],[-76.49,34.973],[-76.454,35.073],[-76.419,34.987],[-76.462,34.941],[-76.325,34.976],[-76.353,35.027],[-76.27,34.973],[-76.34,34.94],[-76.346,34.883],[-76.408,34.883],[-76.513,34.734],[-76.584,34.751],[-76.616,34.816],[-76.633,34.709],[-76.685,34.801],[-76.771,34.753],[-76.73,34.767],[-76.702,34.726],[-76.896,34.739],[-77.093,34.677],[-77.132,34.762],[-77.137,34.682],[-77.175,34.691],[-77.254,34.594],[-77.337,34.561],[-77.401,34.589],[-77.333,34.65],[-77.436,34.753],[-77.382,34.632],[-77.45,34.609],[-77.379,34.527],[-77.536,34.469],[-77.73,34.316],[-77.833,34.207],[-77.874,34.122],[-77.911,33.958],[-77.942,33.93],[-77.922,34.109],[-77.963,34.191],[-77.949,34.003],[-78.018,33.896],[-78.333,33.91],[-78.375,33.951],[-78.763,33.779],[-79.133,33.417],[-79.183,33.218],[-79.214,33.301],[-79.272,33.317],[-79.19,33.437],[-79.277,33.359],[-79.291,33.278],[-79.183,33.184],[-79.231,33.142],[-79.269,33.166],[-79.272,33.122],[-79.34,33.156],[-79.293,33.109],[-79.371,33.064],[-79.387,33.017],[-79.491,32.991],[-79.52,33.041],[-79.585,33.014],[-79.625,32.944],[-79.574,32.937],[-79.589,32.914],[-79.829,32.763],[-79.906,32.8],[-79.892,32.855],[-79.944,32.851],[-79.934,32.783],[-79.968,32.785],[-79.868,32.738],[-79.887,32.688],[-80.026,32.649],[-80.005,32.612],[-80.177,32.567],[-80.266,32.621],[-80.204,32.561],[-80.323,32.488],[-80.369,32.533],[-80.409,32.481],[-80.54,32.561],[-80.533,32.519],[-80.67,32.521],[-80.478,32.478],[-80.587,32.457],[-80.458,32.423],[-80.547,32.347],[-80.43,32.41],[-80.471,32.323],[-80.553,32.279],[-80.637,32.267],[-80.657,32.463],[-80.684,32.464],[-80.667,32.305],[-80.759,32.361],[-80.786,32.497],[-80.855,32.539],[-80.799,32.32],[-80.678,32.215],[-80.821,32.108],[-80.777,32.207],[-80.788,32.236],[-80.895,32.059],[-80.836,32.003],[-80.903,31.951],[-80.937,31.976],[-80.963,31.931],[-80.924,31.909],[-80.958,31.879],[-81.118,31.908],[-81.09,31.876],[-81.143,31.855],[-81.04,31.827],[-81.106,31.743],[-81.273,31.766],[-81.196,31.718],[-81.331,31.552],[-81.365,31.438],[-81.326,31.349],[-81.492,31.368],[-81.268,31.259],[-81.386,31.142],[-81.418,31.149],[-81.423,31.22],[-81.455,31.206],[-81.452,31.117],[-81.493,31.114],[-81.43,31.073],[-81.404,31.121],[-81.405,31.095],[-81.424,31.025],[-81.514,31.093],[-81.451,31.022],[-81.52,30.977],[-81.451,30.964],[-81.499,30.906],[-81.492,30.847],[-81.533,30.854],[-81.499,30.704],[-81.429,30.682],[-81.438,30.524],[-81.489,30.621],[-81.5,30.551],[-81.41,30.456],[-81.294,29.894],[-80.922,29.068],[-80.627,28.651],[-80.528,28.473],[-80.594,28.402],[-80.592,28.208],[-80.451,27.866],[-80.62,28.207],[-80.6,28.6],[-80.766,28.612],[-80.752,28.742],[-80.848,28.791],[-80.738,28.373],[-80.381,27.666],[-80.345,27.515],[-80.198,27.196],[-80.197,27.18],[-80.217,27.209],[-80.314,27.243],[-80.149,27.138],[-80.076,26.973],[-80.115,26.935],[-80.071,26.917],[-80.038,26.811],[-80.032,26.587],[-80.129,26.099],[-80.113,26.069],[-80.129,25.775],[-80.141,25.901],[-80.196,25.754],[-80.307,25.618],[-80.344,25.475],[-80.314,25.371],[-80.423,25.252],[-80.402,25.186],[-80.451,25.243],[-80.499,25.22],[-80.459,25.209],[-80.443,25.173],[-80.526,25.22],[-80.512,25.248],[-80.566,25.246],[-80.711,25.145],[-80.855,25.186],[-81.087,25.121],[-81.177,25.228],[-81.148,25.331],[-80.988,25.208],[-80.927,25.224],[-80.924,25.264],[-81.141,25.385],[-81.215,25.528],[-81.188,25.56],[-81.232,25.564],[-81.372,25.836],[-81.623,25.947],[-81.732,25.92],[-81.743,25.957],[-81.694,25.94],[-81.664,25.981],[-81.732,26.001],[-81.787,26.14],[-81.801,26.099],[-81.856,26.449],[-81.883,26.496],[-81.887,26.445],[-82.006,26.475],[-82.0,26.523],[-81.912,26.559],[-81.78,26.715],[-81.907,26.643],[-81.952,26.544],[-82.039,26.528],[-82.082,26.68],[-82.057,26.866],[-82.097,26.909],[-81.978,26.996],[-82.155,26.928],[-82.274,27.016],[-82.201,26.944],[-82.15,26.803],[-82.314,26.849],[-82.562,27.276],[-82.574,27.395],[-82.698,27.455],[-82.729,27.515],[-82.657,27.462],[-82.661,27.52],[-82.589,27.503],[-82.637,27.524],[-82.579,27.547],[-82.623,27.544],[-82.39,27.811],[-82.434,27.929],[-82.481,27.908],[-82.483,27.821],[-82.527,27.825],[-82.541,27.943],[-82.691,28.038],[-82.69,27.971],[-82.644,27.969],[-82.719,27.928],[-82.562,27.886],[-82.603,27.863],[-82.627,27.716],[-82.679,27.697],[-82.815,27.832],[-82.739,27.729],[-82.731,27.662],[-82.842,27.829],[-82.852,27.908],[-82.822,27.948],[-82.836,27.886],[-82.767,28.106],[-82.787,28.194],[-82.664,28.448],[-82.632,28.695],[-82.685,28.805],[-82.63,28.784],[-82.634,28.888],[-82.727,28.959],[-82.801,29.175],[-83.041,29.18],[-83.216,29.411],[-83.405,29.532],[-83.409,29.667],[-83.544,29.728],[-83.681,29.921],[-84.024,30.107],[-84.178,30.073],[-84.261,30.1],[-84.391,30.024],[-84.346,29.97],[-84.454,30.005],[-84.436,29.963],[-84.343,29.947],[-84.349,29.902],[-84.377,29.887],[-84.508,29.922],[-84.875,29.733],[-84.873,29.805],[-85.004,29.716],[-85.346,29.678],[-85.392,29.716],[-85.413,29.851],[-85.398,29.874],[-85.378,29.728],[-85.321,29.693],[-85.302,29.798],[-85.357,29.889],[-85.68,30.134],[-85.442,30.02],[-85.395,30.056],[-85.462,30.035],[-85.513,30.108],[-85.495,30.141],[-85.57,30.114],[-85.721,30.196],[-85.555,30.285],[-85.577,30.321],[-85.709,30.247],[-85.755,30.319],[-85.854,30.265],[-85.756,30.232],[-85.721,30.134],[-86.066,30.306],[-86.511,30.408],[-86.347,30.395],[-86.312,30.436],[-86.242,30.395],[-86.248,30.436],[-86.108,30.387],[-86.138,30.483],[-86.182,30.469],[-86.207,30.505],[-86.408,30.461],[-86.44,30.476],[-86.413,30.518],[-86.488,30.524],[-86.485,30.48],[-86.602,30.418],[-86.783,30.422],[-87.194,30.36],[-86.892,30.45],[-87.014,30.511],[-86.961,30.56],[-87.03,30.607],[-87.093,30.449],[-87.11,30.536],[-87.181,30.585],[-87.157,30.475],[-87.307,30.329],[-87.529,30.278],[-87.346,30.428],[-87.427,30.483],[-87.392,30.45],[-87.474,30.359],[-87.557,30.319],[-87.612,30.36],[-87.606,30.306],[-87.565,30.313],[-87.59,30.275],[-87.655,30.252],[-88.03,30.224],[-87.764,30.28],[-87.831,30.364],[-87.821,30.405],[-87.911,30.414],[-87.941,30.483],[-87.912,30.584],[-88.03,30.738],[-88.138,30.32],[-88.335,30.404],[-88.471,30.324],[-88.591,30.395],[-88.742,30.354],[-88.928,30.442],[-88.982,30.422],[-88.859,30.408],[-89.253,30.319],[-89.332,30.377],[-89.356,30.35],[-89.321,30.312],[-89.421,30.258],[-89.443,30.19],[-89.596,30.156],[-89.596,30.187],[-89.736,30.185],[-89.751,30.237],[-89.969,30.265],[-90.059,30.36],[-90.222,30.388],[-90.428,30.189],[-90.38,30.08],[-90.145,30.024],[-89.996,30.052],[-89.88,30.155],[-89.789,30.099],[-89.736,30.175],[-89.743,30.1],[-89.681,30.169],[-89.64,30.141],[-89.718,30.033],[-89.8,30.051],[-89.84,30.011],[-89.811,29.947],[-89.708,29.956],[-89.729,29.922],[-89.665,29.875],[-89.602,29.891],[-89.566,30.001],[-89.486,30.076],[-89.366,30.049],[-89.455,29.976],[-89.37,29.951],[-89.435,29.929],[-89.37,29.919],[-89.394,29.88],[-89.332,29.88],[-89.38,29.833],[-89.345,29.792],[-89.414,29.764],[-89.483,29.833],[-89.533,29.756],[-89.601,29.735],[-89.483,29.634],[-89.702,29.71],[-89.62,29.627],[-89.757,29.634],[-89.678,29.528],[-89.524,29.47],[-89.54,29.398],[-89.337,29.391],[-89.381,29.363],[-89.281,29.358],[-89.244,29.316],[-89.197,29.353],[-89.113,29.264],[-89.147,29.237],[-89.032,29.217],[-89.01,29.175],[-89.097,29.16],[-89.023,29.147],[-89.065,29.086],[-89.099,29.12],[-89.085,29.079],[-89.106,29.1],[-89.151,29.048],[-89.134,28.996],[-89.248,29.106],[-89.25,29.065],[-89.31,29.05],[-89.414,28.928],[-89.276,29.16],[-89.304,29.127],[-89.322,29.182],[-89.325,29.12],[-89.384,29.088],[-89.483,29.243],[-89.455,29.25],[-89.495,29.26],[-89.496,29.229],[-89.662,29.301],[-89.818,29.316],[-89.744,29.37],[-89.776,29.421],[-89.82,29.417],[-89.816,29.474],[-89.86,29.444],[-89.942,29.464],[-90.099,29.545],[-90.127,29.524],[-90.182,29.579],[-90.21,29.515],[-90.024,29.429],[-90.037,29.339],[-90.059,29.36],[-90.018,29.298],[-90.095,29.284],[-90.084,29.225],[-90.051,29.229],[-90.08,29.175],[-90.229,29.087],[-90.271,29.167],[-90.261,29.269],[-90.287,29.235],[-90.339,29.311],[-90.394,29.243],[-90.434,29.357],[-90.483,29.291],[-90.603,29.308],[-90.586,29.229],[-90.627,29.236],[-90.641,29.141],[-90.664,29.165],[-90.758,29.116],[-90.805,29.127],[-90.777,29.168],[-90.846,29.182],[-90.884,29.134],[-91.011,29.182],[-90.999,29.218],[-91.08,29.196],[-91.328,29.295],[-91.34,29.339],[-91.293,29.323],[-91.223,29.38],[-91.215,29.343],[-91.161,29.339],[-91.154,29.25],[-91.113,29.271],[-91.122,29.338],[-91.263,29.469],[-91.228,29.608],[-91.258,29.614],[-91.299,29.484],[-91.424,29.521],[-91.429,29.566],[-91.559,29.538],[-91.561,29.642],[-91.644,29.645],[-91.638,29.742],[-91.858,29.719],[-91.848,29.831],[-91.984,29.832],[-92.135,29.736],[-92.141,29.767],[-92.202,29.764],[-92.172,29.696],[-92.1,29.71],[-92.142,29.689],[-92.107,29.62],[-92.025,29.627],[-92.066,29.588],[-92.314,29.534],[-92.683,29.604],[-93.2,29.773],[-93.559,29.763],[-93.831,29.7],[-93.894,29.791],[-93.782,29.857],[-93.76,29.961],[-93.854,29.987],[-93.938,29.806],[-93.876,29.675],[-94.102,29.671],[-94.654,29.452],[-94.763,29.367],[-94.791,29.38],[-94.701,29.463],[-94.504,29.526],[-94.486,29.566],[-94.779,29.53],[-94.693,29.696],[-94.734,29.782],[-94.826,29.768],[-94.906,29.658],[-95.0,29.716],[-94.983,49.356]]],[[[-95.0,29.688],[-94.986,29.675],[-95.0,29.666],[-95.0,29.688]]],[[[-95.0,29.618],[-94.989,29.594],[-95.0,29.584],[-95.0,29.618]]],[[[-94.984,29.514],[-94.908,29.496],[-94.965,29.47],[-94.943,29.422],[-94.917,29.442],[-94.821,29.374],[-94.889,29.376],[-94.913,29.316],[-95.0,29.27],[-94.984,29.514]]],[[[-73.928,40.878],[-73.976,40.714],[-74.017,40.699],[-73.928,40.878]]],[[[-71.331,41.576],[-71.359,41.642],[-71.344,41.671],[-71.303,41.626],[-71.331,41.576]]],[[[-69.652,43.79],[-69.673,43.853],[-69.647,43.837],[-69.652,43.79]]],[[[-69.678,43.968],[-69.699,43.871],[-69.715,43.859],[-69.723,43.908],[-69.678,43.968]]],[[[-68.602,44.07],[-68.608,44.024],[-68.656,44.01],[-68.641,44.078],[-68.602,44.07]]],[[[-68.811,44.169],[-68.863,44.12],[-68.943,44.117],[-68.857,44.181],[-68.811,44.169]]],[[[-68.392,44.146],[-68.432,44.129],[-68.506,44.16],[-68.417,44.182],[-68.392,44.146]]],[[[-68.934,44.236],[-68.943,44.29],[-68.901,44.311],[-68.885,44.3],[-68.934,44.236]]],[[[-68.487,44.335],[-68.53,44.331],[-68.512,44.379],[-68.496,44.376],[-68.487,44.335]]],[[[-68.859,44.358],[-68.904,44.319],[-68.917,44.332],[-68.884,44.392],[-68.859,44.358]]],[[[-67.585,44.444],[-67.616,44.505],[-67.615,44.514],[-67.566,44.479],[-67.585,44.444]]],[[[-67.271,44.613],[-67.302,44.596],[-67.322,44.603],[-67.303,44.625],[-67.271,44.613]]],[[[-67.045,44.927],[-67.038,44.955],[-66.99,44.898],[-67.045,44.927]]],[[[-81.81,24.558],[-81.732,24.556],[-81.815,24.543],[-81.81,24.558]]],[[[-81.726,24.556],[-81.657,24.598],[-81.65,24.576],[-81.726,24.556]]],[[[-81.506,24.631],[-81.565,24.602],[-81.636,24.584],[-81.555,24.631],[-81.581,24.652],[-81.527,24.624],[-81.561,24.693],[-81.506,24.631]]],[[[-81.088,24.686],[-81.136,24.707],[-81.04,24.734],[-81.088,24.686]]],[[[-81.427,24.751],[-81.355,24.686],[-81.363,24.631],[-81.364,24.661],[-81.427,24.751]]],[[[-80.928,24.766],[-80.959,24.749],[-81.033,24.721],[-80.956,24.769],[-80.928,24.766]]],[[[-80.8,24.844],[-80.802,24.81],[-80.855,24.803],[-80.8,24.844]]],[[[-80.252,25.344],[-80.361,25.159],[-80.579,24.95],[-80.598,24.95],[-80.437,25.119],[-80.459,25.156],[-80.413,25.147],[-80.357,25.227],[-80.369,25.286],[-80.252,25.344]]],[[[-80.188,25.498],[-80.217,25.415],[-80.238,25.406],[-80.188,25.498]]],[[[-80.158,25.679],[-80.183,25.714],[-80.156,25.735],[-80.158,25.679]]],[[[-82.164,26.48],[-82.027,26.447],[-82.088,26.42],[-82.164,26.454],[-82.205,26.55],[-82.164,26.48]]],[[[-82.248,26.654],[-82.246,26.695],[-82.225,26.611],[-82.248,26.654]]],[[[-82.082,26.492],[-82.178,26.701],[-82.114,26.654],[-82.082,26.492]]],[[[-82.281,26.809],[-82.259,26.737],[-82.266,26.715],[-82.281,26.809]]],[[[-82.649,27.381],[-82.681,27.434],[-82.589,27.324],[-82.649,27.381]]],[[[-80.293,27.417],[-80.445,27.857],[-80.163,27.174],[-80.293,27.417]]],[[[-80.629,28.181],[-80.641,28.204],[-80.649,28.223],[-80.629,28.181]]],[[[-80.656,28.593],[-80.612,28.569],[-80.658,28.437],[-80.65,28.225],[-80.74,28.517],[-80.656,28.593]]],[[[-90.903,29.057],[-90.88,29.051],[-90.944,29.061],[-90.903,29.057]]],[[[-90.347,29.058],[-90.303,29.085],[-90.284,29.086],[-90.347,29.058]]],[[[-90.024,29.238],[-89.955,29.257],[-90.031,29.216],[-90.024,29.238]]],[[[-94.724,29.333],[-94.892,29.225],[-95.0,29.161],[-94.828,29.318],[-94.834,29.36],[-94.724,29.333]]],[[[-89.188,29.48],[-89.166,29.482],[-89.222,29.47],[-89.188,29.48]]],[[[-91.84,29.484],[-92.02,29.569],[-92.035,29.596],[-91.917,29.648],[-91.714,29.574],[-91.781,29.493],[-91.84,29.484]]],[[[-85.109,29.634],[-85.213,29.689],[-85.086,29.686],[-85.109,29.634]]],[[[-84.987,29.62],[-84.693,29.764],[-84.706,29.744],[-84.788,29.696],[-84.969,29.612],[-85.049,29.606],[-85.097,29.627],[-84.987,29.62]]],[[[-89.441,29.785],[-89.427,29.744],[-89.459,29.771],[-89.49,29.736],[-89.491,29.794],[-89.441,29.785]]],[[[-89.335,29.812],[-89.291,29.771],[-89.337,29.807],[-89.335,29.812]]],[[[-84.657,29.787],[-84.586,29.8],[-84.665,29.779],[-84.657,29.787]]],[[[-89.279,29.937],[-89.241,29.929],[-89.294,29.92],[-89.279,29.937]]],[[[-89.273,29.982],[-89.304,29.932],[-89.328,29.916],[-89.273,29.982]]],[[[-88.85,30.047],[-88.818,29.984],[-88.811,29.915],[-88.821,29.833],[-88.855,29.769],[-88.818,29.935],[-88.85,30.047]]],[[[-89.433,30.146],[-89.431,30.133],[-89.439,30.137],[-89.433,30.146]]],[[[-89.187,30.063],[-89.222,30.034],[-89.26,30.073],[-89.345,30.066],[-89.181,30.169],[-89.25,30.102],[-89.187,30.063]]],[[[-88.967,30.214],[-88.943,30.214],[-88.969,30.211],[-88.967,30.214]]],[[[-88.503,30.224],[-88.427,30.216],[-88.47,30.211],[-88.503,30.224]]],[[[-89.077,30.241],[-89.085,30.196],[-89.154,30.23],[-89.077,30.241]]],[[[-88.756,30.25],[-88.538,30.224],[-88.556,30.217],[-88.756,30.25]]],[[[-88.109,30.276],[-88.091,30.245],[-88.311,30.237],[-88.109,30.276]]],[[[-86.659,30.416],[-86.522,30.401],[-87.241,30.326],[-87.296,30.332],[-86.659,30.416]]],[[[-81.462,30.726],[-81.482,30.904],[-81.417,30.97],[-81.462,30.726]]],[[[-79.338,33.066],[-79.361,33.006],[-79.368,33.006],[-79.338,33.066]]],[[[-78.018,33.876],[-77.942,33.917],[-77.97,33.848],[-78.018,33.876]]],[[[-77.874,34.088],[-77.844,34.167],[-77.819,34.177],[-77.874,34.088]]],[[[-77.579,34.425],[-77.353,34.528],[-77.634,34.362],[-77.579,34.425]]],[[[-76.634,34.691],[-76.538,34.642],[-76.655,34.691],[-76.634,34.691]]],[[[-77.054,34.675],[-76.681,34.698],[-77.1,34.65],[-77.054,34.675]]],[[[-76.408,34.794],[-76.202,34.945],[-76.396,34.788],[-76.531,34.589],[-76.408,34.794]]],[[[-76.072,35.075],[-76.037,35.061],[-76.147,34.992],[-76.106,35.03],[-76.072,35.075]]],[[[-76.017,35.075],[-75.886,35.157],[-75.77,35.198],[-76.017,35.075]]],[[[-75.517,35.781],[-75.452,35.583],[-75.516,35.26],[-75.736,35.188],[-75.516,35.291],[-75.469,35.565],[-75.517,35.781]]],[[[-75.721,35.93],[-75.661,35.925],[-75.625,35.83],[-75.659,35.836],[-75.721,35.93]]],[[[-75.67,37.463],[-75.685,37.415],[-75.719,37.368],[-75.67,37.463]]],[[[-75.634,37.558],[-75.602,37.562],[-75.671,37.477],[-75.634,37.558]]],[[[-75.987,38.019],[-75.996,37.945],[-76.021,37.961],[-76.026,37.914],[-76.051,37.994],[-76.003,38.001],[-76.04,38.029],[-75.987,38.019]]],[[[-76.026,38.153],[-76.079,38.183],[-76.049,38.2],[-76.026,38.153]]],[[[-75.2,38.104],[-75.092,38.303],[-75.19,38.09],[-75.326,37.892],[-75.379,37.856],[-75.393,37.865],[-75.2,38.104]]],[[[-74.368,39.465],[-74.302,39.465],[-74.393,39.389],[-74.448,39.42],[-74.387,39.406],[-74.368,39.465]]],[[[-74.24,39.575],[-74.098,39.756],[-74.256,39.522],[-74.24,39.575]]],[[[-73.248,40.648],[-73.39,40.617],[-73.574,40.575],[-73.339,40.645],[-73.248,40.648]]],[[[-74.182,40.637],[-74.077,40.649],[-74.054,40.603],[-74.134,40.533],[-74.251,40.501],[-74.182,40.637]]],[[[-73.04,40.682],[-72.757,40.769],[-73.305,40.63],[-73.04,40.682]]],[[[-71.931,41.079],[-71.857,41.072],[-72.407,40.862],[-72.497,40.884],[-72.502,40.839],[-72.724,40.77],[-72.651,40.797],[-72.828,40.79],[-72.853,40.749],[-73.012,40.75],[-73.158,40.7],[-73.233,40.715],[-73.711,40.61],[-73.582,40.584],[-73.768,40.59],[-73.939,40.542],[-73.769,40.619],[-73.869,40.64],[-73.878,40.582],[-73.988,40.569],[-74.04,40.62],[-73.909,40.789],[-73.758,40.771],[-73.756,40.833],[-73.697,40.822],[-73.72,40.866],[-73.653,40.824],[-73.633,40.9],[-73.52,40.918],[-73.549,40.891],[-73.48,40.877],[-73.486,40.946],[-73.358,40.9],[-73.402,40.954],[-73.235,40.908],[-73.113,40.973],[-73.091,40.948],[-72.628,40.984],[-72.343,41.141],[-72.247,41.156],[-72.412,41.065],[-72.385,41.044],[-72.437,41.026],[-72.438,40.984],[-72.521,40.985],[-72.625,40.908],[-72.481,40.898],[-72.322,41.036],[-72.27,41.002],[-72.234,41.044],[-72.187,41.009],[-72.155,41.055],[-72.109,41.001],[-71.931,41.079]]],[[[-71.573,41.229],[-71.549,41.152],[-71.614,41.155],[-71.573,41.229]]],[[[-71.999,41.252],[-72.022,41.277],[-71.921,41.291],[-71.999,41.252]]],[[[-70.052,41.397],[-69.958,41.276],[-69.967,41.249],[-70.138,41.247],[-70.278,41.308],[-70.082,41.293],[-70.014,41.345],[-70.076,41.311],[-70.052,41.397]]],[[[-70.495,41.382],[-70.456,41.43],[-70.453,41.359],[-70.495,41.382]]],[[[-70.563,41.419],[-70.517,41.414],[-70.507,41.363],[-70.696,41.352],[-70.776,41.304],[-70.846,41.347],[-70.605,41.474],[-70.604,41.448],[-70.556,41.469],[-70.563,41.419]]],[[[-71.378,41.578],[-71.371,41.482],[-71.399,41.462],[-71.378,41.578]]],[[[-69.973,41.654],[-70.002,41.554],[-70.021,41.551],[-69.973,41.654]]],[[[-71.355,41.458],[-71.221,41.661],[-71.234,41.489],[-71.355,41.458]]],[[[-68.91,44.096],[-68.775,44.062],[-68.835,44.035],[-68.91,44.096]]],[[[-68.69,44.26],[-68.609,44.213],[-68.656,44.199],[-68.623,44.171],[-68.716,44.167],[-68.69,44.26]]],[[[-68.274,44.439],[-68.185,44.357],[-68.199,44.309],[-68.314,44.308],[-68.296,44.25],[-68.326,44.226],[-68.414,44.259],[-68.434,44.312],[-68.355,44.423],[-68.274,44.439]]],[[[-82.128,24.554],[-82.119,24.554],[-82.129,24.551],[-82.128,24.554]]],[[[-82.12,24.585],[-82.146,24.593],[-82.11,24.565],[-82.12,24.585]]],[[[-81.424,24.655],[-81.411,24.655],[-81.415,24.648],[-81.424,24.655]]],[[[-81.265,24.671],[-81.258,24.668],[-81.276,24.656],[-81.265,24.671]]],[[[-81.462,24.671],[-81.441,24.651],[-81.447,24.651],[-81.462,24.671]]],[[[-81.493,24.692],[-81.511,24.661],[-81.515,24.698],[-81.493,24.692]]],[[[-81.329,24.703],[-81.318,24.675],[-81.341,24.7],[-81.329,24.703]]],[[[-80.699,24.876],[-80.718,24.859],[-80.738,24.851],[-80.73,24.863],[-80.699,24.876]]],[[[-80.625,24.936],[-80.626,24.924],[-80.657,24.901],[-80.625,24.936]]],[[[-81.073,25.31],[-81.052,25.278],[-81.067,25.277],[-81.073,25.31]]],[[[-81.089,25.339],[-81.091,25.313],[-81.122,25.337],[-81.089,25.339]]],[[[-81.373,25.816],[-81.44,25.804],[-81.441,25.842],[-81.43,25.851],[-81.373,25.816]]],[[[-81.46,25.823],[-81.512,25.836],[-81.517,25.86],[-81.474,25.872],[-81.46,25.823]]],[[[-81.663,25.897],[-81.677,25.861],[-81.711,25.89],[-81.708,25.899],[-81.663,25.897]]],[[[-81.558,25.903],[-81.534,25.879],[-81.546,25.854],[-81.558,25.903]]],[[[-82.673,28.737],[-82.678,28.714],[-82.696,28.729],[-82.673,28.737]]],[[[-82.682,28.76],[-82.695,28.788],[-82.673,28.777],[-82.682,28.76]]],[[[-90.767,29.047],[-90.642,29.073],[-90.656,29.063],[-90.673,29.057],[-90.749,29.041],[-90.767,29.047]]],[[[-90.414,29.052],[-90.465,29.058],[-90.511,29.08],[-90.452,29.07],[-90.414,29.052]]],[[[-83.05,29.156],[-83.05,29.132],[-83.058,29.15],[-83.05,29.156]]],[[[-90.453,29.224],[-90.446,29.26],[-90.435,29.264],[-90.434,29.255],[-90.453,29.224]]],[[[-89.934,29.285],[-89.913,29.29],[-89.939,29.277],[-89.934,29.285]]],[[[-90.12,29.506],[-89.996,29.445],[-90.016,29.444],[-90.12,29.506]]],[[[-89.057,29.562],[-89.05,29.565],[-89.099,29.521],[-89.057,29.562]]],[[[-88.97,29.64],[-88.965,29.643],[-88.98,29.633],[-88.97,29.64]]],[[[-88.939,29.673],[-88.874,29.747],[-88.925,29.683],[-88.939,29.673]]],[[[-81.235,31.527],[-81.175,31.521],[-81.28,31.385],[-81.3,31.412],[-81.235,31.527]]],[[[-81.149,31.698],[-81.128,31.629],[-81.161,31.567],[-81.179,31.636],[-81.149,31.698]]],[[[-75.893,37.141],[-75.905,37.234],[-75.874,37.29],[-75.877,37.206],[-75.811,37.2],[-75.887,37.123],[-75.929,37.112],[-75.893,37.141]]],[[[-72.34,41.104],[-72.28,41.079],[-72.276,41.032],[-72.371,41.055],[-72.34,41.104]]],[[[-72.142,41.097],[-72.078,41.1],[-72.101,41.054],[-72.142,41.097]]],[[[-70.832,41.257],[-70.802,41.257],[-70.802,41.248],[-70.832,41.257]]],[[[-70.926,41.429],[-70.854,41.429],[-70.949,41.414],[-70.926,41.429]]],[[[-70.84,41.451],[-70.679,41.51],[-70.791,41.449],[-70.84,41.451]]]]}},{"type":"Feature","properties":{},"geometry":{"type":"MultiPolygon","coordinates":[[[[-95.0,68.053],[-94.861,68.031],[-94.738,68.058],[-94.56,68.163],[-94.211,68.269],[-94.211,68.364],[-94.122,68.422],[-93.561,68.558],[-93.524,68.607],[-93.446,68.615],[-93.375,68.639],[-93.752,68.612],[-93.698,68.749],[-93.571,68.844],[-93.649,68.899],[-93.635,68.962],[-93.857,68.963],[-93.834,69.009],[-93.909,68.996],[-93.8,69.065],[-93.827,69.069],[-93.937,69.03],[-93.902,69.03],[-93.951,68.996],[-93.923,68.982],[-94.062,68.903],[-94.04,68.866],[-94.081,68.852],[-93.826,68.879],[-94.094,68.763],[-94.413,68.723],[-94.636,68.756],[-94.551,68.891],[-94.602,68.968],[-94.443,68.944],[-94.346,69.026],[-94.176,69.05],[-94.15,69.065],[-94.172,69.108],[-94.005,69.16],[-94.253,69.127],[-94.324,69.156],[-94.259,69.277],[-94.314,69.298],[-94.282,69.322],[-94.027,69.366],[-93.846,69.35],[-93.739,69.409],[-93.526,69.441],[-93.882,69.249],[-93.813,69.27],[-93.882,69.229],[-93.813,69.222],[-93.84,69.169],[-93.362,69.373],[-93.588,69.366],[-93.443,69.482],[-93.558,69.531],[-93.873,69.487],[-93.868,69.454],[-93.93,69.435],[-94.322,69.453],[-94.522,69.576],[-94.561,69.641],[-94.618,69.638],[-94.63,69.688],[-94.764,69.662],[-94.724,69.619],[-94.789,69.578],[-95.0,69.609],[-95.0,71.845],[-94.741,71.829],[-94.608,71.868],[-95.0,71.857],[-95.0,71.967],[-94.549,72.002],[-94.404,71.946],[-94.424,71.91],[-94.506,71.902],[-94.453,71.886],[-94.46,71.857],[-94.649,71.82],[-94.595,71.743],[-94.492,71.826],[-94.447,71.791],[-94.355,71.799],[-94.416,71.665],[-94.211,71.792],[-93.951,71.751],[-93.721,71.765],[-93.716,71.705],[-93.821,71.655],[-93.216,71.469],[-93.149,71.383],[-92.98,71.347],[-92.997,71.319],[-92.948,71.295],[-92.937,71.223],[-92.859,71.159],[-92.886,71.071],[-92.854,71.045],[-92.909,70.928],[-92.854,70.86],[-93.041,70.862],[-92.693,70.775],[-92.662,70.736],[-92.718,70.723],[-92.642,70.709],[-92.677,70.681],[-92.416,70.668],[-92.303,70.634],[-92.34,70.599],[-92.303,70.573],[-92.215,70.616],[-92.155,70.579],[-92.251,70.579],[-92.261,70.549],[-92.193,70.51],[-92.286,70.49],[-92.112,70.473],[-92.135,70.435],[-91.976,70.367],[-91.991,70.325],[-92.086,70.305],[-92.0,70.303],[-91.959,70.258],[-91.854,70.305],[-91.905,70.34],[-91.879,70.365],[-91.723,70.356],[-91.689,70.318],[-91.731,70.305],[-91.697,70.202],[-91.641,70.234],[-91.511,70.161],[-91.995,70.123],[-92.226,70.188],[-92.299,70.257],[-92.368,70.236],[-92.265,70.207],[-92.484,70.181],[-92.389,70.147],[-92.587,70.079],[-92.478,70.046],[-92.312,70.094],[-92.112,70.089],[-91.943,70.024],[-92.271,69.907],[-92.265,69.875],[-92.548,69.817],[-92.568,69.765],[-92.649,69.794],[-92.868,69.702],[-92.539,69.709],[-92.923,69.674],[-92.669,69.654],[-92.367,69.709],[-92.34,69.695],[-92.375,69.668],[-92.091,69.626],[-92.299,69.647],[-92.128,69.558],[-91.798,69.49],[-91.71,69.544],[-91.737,69.551],[-91.579,69.585],[-91.6,69.613],[-91.497,69.661],[-91.168,69.656],[-91.093,69.641],[-91.572,69.523],[-91.189,69.564],[-91.11,69.513],[-90.898,69.537],[-90.888,69.49],[-90.751,69.49],[-90.753,69.519],[-90.684,69.539],[-90.312,69.454],[-90.562,69.428],[-90.703,69.454],[-90.586,69.421],[-90.798,69.366],[-90.805,69.256],[-90.97,69.27],[-90.915,69.304],[-91.086,69.27],[-90.956,69.359],[-91.189,69.29],[-91.45,69.353],[-90.671,69.088],[-90.709,69.007],[-90.612,68.987],[-90.579,68.948],[-90.621,68.916],[-90.435,68.879],[-90.483,68.852],[-90.422,68.845],[-90.6,68.804],[-90.442,68.831],[-90.457,68.777],[-90.51,68.784],[-90.531,68.742],[-90.486,68.701],[-90.565,68.626],[-90.49,68.592],[-90.54,68.572],[-90.477,68.534],[-90.607,68.444],[-90.319,68.379],[-90.476,68.338],[-90.338,68.352],[-90.271,68.242],[-90.12,68.263],[-90.164,68.315],[-90.0,68.379],[-90.004,68.434],[-89.865,68.488],[-89.821,68.545],[-89.896,68.55],[-89.946,68.604],[-89.901,68.66],[-89.794,68.715],[-89.754,68.677],[-89.771,68.626],[-89.716,68.646],[-89.688,68.817],[-89.736,68.831],[-89.743,68.968],[-89.332,69.249],[-89.036,69.267],[-88.729,69.084],[-88.25,68.932],[-88.023,68.809],[-87.927,68.687],[-87.941,68.588],[-87.831,68.469],[-87.792,68.331],[-87.944,68.201],[-88.18,68.245],[-88.199,68.383],[-88.398,68.291],[-88.283,68.126],[-88.38,68.03],[-88.374,67.976],[-88.281,67.811],[-88.163,67.736],[-88.141,67.671],[-87.484,67.363],[-87.447,67.264],[-87.363,67.267],[-87.502,67.194],[-87.516,67.119],[-87.372,67.18],[-87.328,67.173],[-87.289,67.098],[-87.228,67.228],[-87.137,67.229],[-87.114,67.179],[-87.071,67.263],[-86.961,67.255],[-87.078,67.358],[-86.977,67.323],[-86.897,67.401],[-86.779,67.419],[-86.653,67.364],[-86.615,67.414],[-86.584,67.349],[-86.502,67.379],[-86.536,67.447],[-86.481,67.459],[-86.453,67.606],[-86.529,67.687],[-86.344,67.845],[-86.128,67.958],[-86.131,68.016],[-86.08,67.982],[-85.902,68.054],[-85.915,68.111],[-85.865,68.13],[-85.887,68.193],[-85.789,68.222],[-85.844,68.245],[-85.809,68.297],[-85.844,68.324],[-85.717,68.398],[-85.748,68.437],[-85.665,68.454],[-85.741,68.479],[-85.743,68.625],[-85.668,68.727],[-85.46,68.756],[-85.563,68.784],[-85.225,68.721],[-85.261,68.749],[-85.239,68.766],[-84.788,68.736],[-84.755,68.763],[-84.809,68.814],[-84.987,68.811],[-85.193,68.869],[-85.001,68.886],[-85.069,68.907],[-85.001,68.924],[-85.145,68.948],[-85.119,68.964],[-84.796,68.937],[-84.987,69.009],[-84.953,69.019],[-84.582,68.997],[-84.528,69.024],[-84.73,69.036],[-84.755,69.085],[-84.922,69.081],[-85.028,69.119],[-84.966,69.14],[-85.138,69.127],[-84.987,69.174],[-85.012,69.18],[-85.27,69.138],[-85.316,69.154],[-85.207,69.188],[-85.392,69.215],[-85.474,69.277],[-85.488,69.326],[-85.337,69.318],[-85.456,69.348],[-85.508,69.408],[-85.344,69.441],[-85.534,69.463],[-85.532,69.526],[-85.48,69.564],[-85.385,69.564],[-85.544,69.654],[-85.44,69.712],[-85.514,69.77],[-85.398,69.785],[-85.392,69.756],[-85.333,69.791],[-85.371,69.825],[-85.59,69.832],[-85.563,69.858],[-85.32,69.847],[-85.056,69.777],[-84.879,69.819],[-84.857,69.832],[-84.898,69.853],[-84.863,69.862],[-84.34,69.86],[-83.731,69.709],[-82.596,69.699],[-82.253,69.641],[-82.406,69.618],[-82.616,69.647],[-82.589,69.633],[-82.657,69.619],[-82.554,69.6],[-82.754,69.578],[-82.618,69.57],[-82.479,69.503],[-82.516,69.494],[-83.253,69.558],[-83.294,69.54],[-82.282,69.419],[-82.225,69.394],[-82.39,69.4],[-82.143,69.298],[-82.253,69.29],[-82.23,69.276],[-82.294,69.256],[-82.27,69.238],[-81.753,69.268],[-81.337,69.188],[-81.273,69.092],[-81.389,69.095],[-81.58,68.993],[-81.684,68.994],[-81.729,68.945],[-82.062,68.879],[-81.703,68.908],[-81.562,68.832],[-81.379,68.868],[-81.233,68.774],[-81.267,68.639],[-81.65,68.508],[-81.815,68.53],[-81.826,68.471],[-81.954,68.431],[-82.017,68.434],[-82.089,68.51],[-82.274,68.537],[-82.177,68.488],[-82.266,68.458],[-82.612,68.53],[-82.636,68.497],[-82.497,68.464],[-82.651,68.434],[-82.349,68.338],[-82.507,68.318],[-82.442,68.284],[-82.273,68.292],[-82.267,68.242],[-82.345,68.176],[-82.315,68.147],[-82.175,68.125],[-81.994,68.215],[-82.018,68.13],[-82.123,68.112],[-82.082,68.082],[-82.178,68.009],[-82.102,67.91],[-81.457,67.628],[-81.238,67.461],[-81.314,67.372],[-81.41,67.098],[-81.491,67.061],[-81.503,67.001],[-81.955,66.977],[-82.176,66.781],[-82.157,66.714],[-82.373,66.728],[-82.591,66.571],[-82.999,66.555],[-83.027,66.495],[-83.369,66.35],[-83.589,66.357],[-83.658,66.419],[-83.639,66.436],[-83.529,66.397],[-83.678,66.525],[-83.981,66.592],[-84.005,66.697],[-83.932,66.707],[-83.896,66.647],[-83.857,66.687],[-83.959,66.748],[-83.885,66.817],[-83.918,66.886],[-83.943,66.827],[-84.138,66.712],[-84.303,66.741],[-84.268,66.782],[-84.304,66.801],[-84.412,66.807],[-84.439,66.831],[-84.24,66.838],[-84.583,66.982],[-84.371,66.974],[-84.91,67.062],[-84.939,67.037],[-84.843,67.015],[-84.885,66.995],[-84.637,66.982],[-85.005,66.968],[-85.213,66.919],[-85.145,66.906],[-85.215,66.868],[-85.128,66.838],[-84.911,66.901],[-85.001,66.919],[-84.975,66.929],[-84.603,66.94],[-84.591,66.905],[-84.747,66.9],[-84.508,66.823],[-84.693,66.845],[-84.65,66.824],[-84.322,66.776],[-84.452,66.721],[-84.315,66.68],[-84.145,66.687],[-84.211,66.595],[-83.894,66.432],[-83.863,66.317],[-83.784,66.301],[-83.685,66.214],[-83.712,66.191],[-83.857,66.159],[-83.785,66.211],[-83.971,66.204],[-84.204,66.324],[-84.349,66.278],[-84.424,66.361],[-84.537,66.405],[-84.637,66.344],[-84.378,66.173],[-84.48,66.166],[-84.871,66.268],[-84.984,66.254],[-85.118,66.33],[-85.179,66.268],[-85.242,66.27],[-85.313,66.372],[-85.322,66.48],[-85.465,66.574],[-85.783,66.5],[-86.139,66.501],[-86.344,66.556],[-86.393,66.515],[-86.598,66.556],[-86.577,66.536],[-86.62,66.507],[-86.783,66.522],[-86.632,66.44],[-86.808,66.446],[-86.621,66.314],[-86.326,66.286],[-85.857,66.163],[-85.975,66.098],[-85.974,66.036],[-86.426,65.898],[-86.495,65.816],[-86.465,65.743],[-86.55,65.672],[-86.988,65.535],[-87.015,65.487],[-87.114,65.46],[-87.079,65.402],[-87.381,65.33],[-88.064,65.359],[-88.462,65.554],[-88.831,65.645],[-88.414,65.632],[-89.109,65.728],[-89.16,65.777],[-89.408,65.867],[-89.51,65.861],[-89.688,65.947],[-90.004,65.947],[-89.767,65.893],[-89.73,65.859],[-89.771,65.823],[-90.044,65.892],[-90.229,65.859],[-90.435,65.885],[-90.217,65.907],[-90.237,65.927],[-90.401,65.905],[-91.31,65.976],[-91.497,65.947],[-91.032,65.808],[-91.004,65.816],[-91.127,65.905],[-91.108,65.923],[-89.958,65.794],[-89.468,65.606],[-89.394,65.501],[-89.184,65.439],[-89.04,65.328],[-88.077,65.268],[-87.751,65.268],[-87.711,65.301],[-87.373,65.275],[-87.047,65.238],[-87.057,65.206],[-86.938,65.142],[-86.995,65.104],[-86.974,65.058],[-87.111,65.001],[-87.077,64.973],[-87.275,64.85],[-87.3,64.764],[-87.445,64.708],[-87.496,64.743],[-87.529,64.713],[-87.514,64.634],[-87.578,64.57],[-87.81,64.516],[-87.9,64.333],[-88.042,64.257],[-87.982,64.192],[-88.113,64.141],[-88.222,64.144],[-88.735,63.972],[-89.003,63.993],[-89.148,64.056],[-89.252,64.159],[-89.291,64.137],[-89.09,63.962],[-89.023,63.953],[-89.049,63.946],[-89.286,64.016],[-89.25,63.966],[-89.546,64.08],[-89.558,64.007],[-89.483,63.953],[-89.694,64.078],[-89.722,64.076],[-89.707,64.032],[-89.826,64.11],[-89.736,64.148],[-89.786,64.25],[-89.806,64.201],[-89.887,64.206],[-89.826,64.177],[-89.832,64.141],[-89.97,64.168],[-90.127,64.13],[-89.932,64.117],[-89.944,64.069],[-89.853,64.028],[-89.914,64.001],[-89.813,63.946],[-89.959,63.918],[-89.996,63.932],[-89.952,63.964],[-89.995,63.99],[-90.092,63.953],[-90.168,64.007],[-90.278,64.007],[-90.086,63.925],[-90.127,63.918],[-89.966,63.813],[-89.974,63.779],[-90.12,63.781],[-90.062,63.743],[-90.137,63.699],[-90.147,63.63],[-90.221,63.613],[-90.284,63.623],[-90.222,63.637],[-90.27,63.651],[-90.447,63.621],[-90.545,63.665],[-90.483,63.671],[-90.648,63.706],[-90.703,63.665],[-90.589,63.678],[-90.545,63.61],[-90.91,63.569],[-91.392,63.667],[-91.333,63.678],[-91.508,63.731],[-91.673,63.722],[-91.655,63.747],[-91.701,63.78],[-91.899,63.746],[-91.991,63.781],[-91.888,63.809],[-91.998,63.819],[-92.064,63.749],[-92.374,63.779],[-92.506,63.831],[-92.751,63.863],[-92.786,63.901],[-93.448,64.023],[-93.625,64.107],[-93.635,64.165],[-93.78,64.192],[-93.556,64.034],[-93.601,64.014],[-93.546,64.001],[-93.766,63.993],[-93.772,63.959],[-93.711,63.959],[-93.647,63.881],[-93.369,63.817],[-93.334,63.815],[-93.382,63.846],[-93.217,63.843],[-93.451,63.932],[-93.401,63.977],[-93.104,63.881],[-92.635,63.784],[-92.499,63.821],[-92.412,63.747],[-92.1,63.699],[-92.209,63.667],[-92.169,63.644],[-92.277,63.622],[-92.323,63.651],[-92.384,63.596],[-92.546,63.555],[-92.467,63.528],[-92.334,63.575],[-92.23,63.541],[-92.181,63.622],[-91.778,63.714],[-91.62,63.651],[-91.598,63.585],[-91.4,63.531],[-91.391,63.488],[-91.017,63.471],[-90.785,63.398],[-90.976,63.424],[-90.689,63.357],[-90.751,63.321],[-90.687,63.224],[-90.73,63.185],[-90.675,63.165],[-90.695,63.137],[-90.654,63.089],[-90.689,63.082],[-90.626,63.061],[-90.754,63.0],[-90.723,62.973],[-90.784,62.945],[-91.031,62.951],[-91.312,62.831],[-91.422,62.822],[-91.354,62.801],[-91.394,62.787],[-92.135,62.877],[-92.099,62.804],[-92.333,62.845],[-92.453,62.825],[-92.357,62.732],[-92.224,62.692],[-92.278,62.679],[-91.888,62.62],[-91.983,62.532],[-92.176,62.547],[-92.142,62.582],[-92.183,62.613],[-92.279,62.596],[-92.261,62.563],[-92.429,62.541],[-92.477,62.555],[-92.479,62.599],[-92.518,62.576],[-92.619,62.623],[-92.539,62.534],[-92.559,62.493],[-92.501,62.513],[-92.546,62.478],[-92.532,62.445],[-92.705,62.469],[-92.717,62.397],[-92.683,62.377],[-92.827,62.356],[-92.62,62.323],[-92.59,62.294],[-92.636,62.26],[-92.471,62.15],[-92.597,62.161],[-92.744,62.294],[-93.252,62.37],[-92.765,62.218],[-92.806,62.178],[-92.997,62.204],[-92.971,62.184],[-93.115,62.16],[-93.128,62.13],[-93.084,62.117],[-92.93,62.117],[-93.005,62.068],[-93.066,62.081],[-93.076,62.041],[-93.161,62.048],[-93.17,61.986],[-93.285,62.05],[-93.334,62.054],[-93.293,62.02],[-93.416,62.034],[-93.217,61.958],[-93.389,61.951],[-93.279,61.897],[-93.617,61.952],[-93.492,61.889],[-93.614,61.861],[-93.348,61.821],[-93.437,61.807],[-93.252,61.788],[-93.265,61.744],[-93.472,61.767],[-93.313,61.732],[-93.519,61.683],[-93.786,61.554],[-93.834,61.575],[-93.985,61.458],[-93.937,61.41],[-93.971,61.403],[-93.822,61.35],[-93.951,61.301],[-94.115,61.328],[-93.999,61.225],[-94.101,61.163],[-94.04,61.163],[-94.055,61.108],[-93.986,61.101],[-94.127,61.067],[-94.242,60.903],[-94.352,60.858],[-94.52,60.547],[-94.688,60.553],[-94.739,60.539],[-94.642,60.512],[-94.668,60.494],[-94.801,60.498],[-94.68,60.475],[-94.616,60.392],[-94.712,60.266],[-94.682,60.197],[-94.718,60.15],[-94.704,60.094],[-94.773,60.053],[-94.759,60.019],[-94.801,60.01],[-94.821,59.948],[-94.773,59.79],[-94.822,59.65],[-94.759,59.567],[-94.793,59.526],[-94.724,59.444],[-94.739,59.348],[-94.66,59.359],[-94.772,59.298],[-94.793,59.094],[-94.967,59.086],[-94.999,59.053],[-94.804,59.063],[-94.807,59.018],[-94.724,59.004],[-94.683,58.95],[-94.746,58.833],[-94.608,58.882],[-94.485,58.82],[-94.437,58.724],[-94.362,58.719],[-94.204,58.806],[-94.238,58.734],[-94.208,58.684],[-94.309,58.575],[-94.287,58.437],[-94.334,58.381],[-94.362,58.223],[-94.232,58.401],[-94.247,58.591],[-94.143,58.737],[-94.177,58.779],[-93.496,58.774],[-93.409,58.705],[-93.326,58.76],[-93.156,58.744],[-93.123,58.513],[-92.808,58.076],[-92.757,57.866],[-92.786,57.839],[-92.731,57.826],[-92.424,57.354],[-92.44,57.253],[-92.597,57.048],[-92.705,56.955],[-92.86,56.908],[-92.677,56.942],[-92.491,57.038],[-92.218,57.063],[-92.471,56.935],[-92.224,57.021],[-91.031,57.265],[-90.586,57.23],[-89.963,57.004],[-89.036,56.843],[-88.879,56.86],[-88.644,56.693],[-88.311,56.538],[-87.98,56.443],[-87.589,56.08],[-87.619,56.003],[-87.579,56.046],[-87.501,56.045],[-87.355,56.004],[-87.365,55.948],[-86.98,55.934],[-86.289,55.726],[-85.904,55.662],[-85.696,55.604],[-85.439,55.428],[-85.128,55.35],[-85.127,55.303],[-85.199,55.284],[-85.389,55.112],[-85.417,54.999],[-85.199,55.242],[-85.054,55.294],[-84.613,55.245],[-84.227,55.297],[-84.079,55.277],[-83.929,55.327],[-83.768,55.281],[-83.737,55.225],[-83.611,55.232],[-83.567,55.191],[-83.588,55.157],[-83.561,55.133],[-83.558,55.185],[-83.583,55.232],[-83.713,55.277],[-83.185,55.201],[-82.976,55.239],[-82.898,55.174],[-82.952,55.113],[-82.877,55.161],[-82.644,55.174],[-82.529,55.168],[-82.321,55.071],[-82.343,55.105],[-82.311,55.119],[-82.356,55.168],[-82.252,55.118],[-82.273,54.938],[-82.201,54.834],[-82.444,54.365],[-82.383,54.125],[-82.243,54.065],[-82.126,53.812],[-82.219,53.604],[-82.114,53.289],[-82.251,53.213],[-82.301,52.968],[-82.042,52.843],[-81.918,52.68],[-81.564,52.456],[-81.555,52.353],[-81.479,52.303],[-81.607,52.314],[-81.82,52.259],[-81.883,52.194],[-81.747,52.242],[-81.512,52.239],[-81.355,52.104],[-80.979,52.002],[-80.921,51.909],[-80.821,51.885],[-80.595,51.711],[-80.519,51.535],[-80.44,51.477],[-80.43,51.357],[-80.628,51.296],[-81.013,51.035],[-80.94,51.056],[-80.951,51.008],[-80.848,51.124],[-80.69,51.162],[-80.41,51.34],[-80.136,51.301],[-79.745,51.124],[-79.706,51.065],[-79.423,50.857],[-79.334,50.727],[-79.34,50.792],[-79.546,50.994],[-79.704,51.09],[-79.747,51.196],[-79.68,51.313],[-79.697,51.399],[-79.519,51.467],[-79.56,51.556],[-79.323,51.667],[-79.245,51.631],[-79.276,51.532],[-79.128,51.543],[-79.012,51.467],[-78.935,51.282],[-78.953,51.219],[-78.847,51.164],[-78.92,51.233],[-78.903,51.304],[-78.827,51.35],[-78.882,51.403],[-78.794,51.474],[-78.69,51.487],[-78.813,51.515],[-78.792,51.611],[-78.929,51.66],[-79.039,51.769],[-78.841,51.842],[-78.893,51.947],[-78.747,51.977],[-78.696,52.018],[-78.71,52.056],[-78.591,52.106],[-78.532,52.2],[-78.547,52.247],[-78.408,52.248],[-78.553,52.268],[-78.5,52.356],[-78.543,52.44],[-78.516,52.477],[-78.566,52.488],[-78.545,52.515],[-78.576,52.539],[-78.765,52.57],[-78.69,52.598],[-78.724,52.652],[-78.786,52.659],[-78.762,52.696],[-78.82,52.701],[-78.786,52.741],[-78.85,52.757],[-78.735,52.789],[-78.731,52.83],[-78.78,52.82],[-78.69,52.885],[-78.855,52.884],[-78.902,52.927],[-78.786,52.982],[-78.984,53.028],[-78.916,53.064],[-78.977,53.07],[-78.895,53.269],[-78.952,53.291],[-78.945,53.392],[-78.992,53.454],[-79.063,53.442],[-79.115,53.509],[-79.07,53.531],[-79.03,53.535],[-79.004,53.498],[-78.957,53.516],[-79.02,53.571],[-78.923,53.567],[-78.982,53.615],[-79.066,53.598],[-79.008,53.648],[-79.046,53.673],[-79.019,53.694],[-79.156,53.708],[-79.049,53.726],[-79.074,53.804],[-79.019,53.824],[-79.052,53.838],[-78.902,53.817],[-79.066,53.858],[-79.108,53.906],[-78.992,53.913],[-79.135,53.961],[-79.042,53.947],[-79.076,53.968],[-79.048,53.98],[-79.101,53.982],[-78.98,54.019],[-79.137,54.083],[-79.293,54.091],[-79.108,54.112],[-79.142,54.146],[-79.046,54.18],[-79.238,54.162],[-79.382,54.194],[-79.286,54.256],[-79.464,54.31],[-79.505,54.372],[-79.45,54.42],[-79.505,54.427],[-79.54,54.535],[-79.601,54.557],[-79.525,54.591],[-79.635,54.578],[-79.594,54.633],[-79.691,54.633],[-79.648,54.65],[-79.671,54.674],[-79.699,54.653],[-79.766,54.66],[-79.644,54.701],[-79.643,54.738],[-79.628,54.742],[-79.617,54.715],[-78.967,54.852],[-78.875,54.908],[-78.392,55.028],[-77.782,55.274],[-77.675,55.367],[-77.113,55.675],[-77.089,55.714],[-77.189,55.682],[-76.809,55.986],[-76.682,56.043],[-76.536,56.318],[-76.504,56.784],[-76.558,57.031],[-76.533,57.115],[-76.809,57.676],[-77.148,58.018],[-77.491,58.168],[-77.445,58.185],[-77.471,58.212],[-78.031,58.388],[-78.014,58.424],[-78.267,58.519],[-78.409,58.63],[-78.417,58.601],[-78.32,58.546],[-78.571,58.639],[-78.573,58.675],[-78.469,58.706],[-78.542,58.765],[-78.489,58.806],[-78.566,58.958],[-78.443,58.916],[-78.435,58.954],[-78.357,58.959],[-78.362,58.914],[-78.316,58.926],[-78.244,58.998],[-78.32,58.991],[-78.285,59.053],[-78.21,59.053],[-78.223,59.108],[-78.131,59.108],[-78.156,59.155],[-78.087,59.161],[-78.107,59.21],[-77.819,59.293],[-77.895,59.313],[-77.785,59.327],[-77.806,59.368],[-77.675,59.402],[-77.915,59.419],[-77.847,59.45],[-77.881,59.485],[-77.73,59.549],[-77.716,59.621],[-77.785,59.659],[-77.799,59.683],[-77.744,59.697],[-77.778,59.71],[-77.57,59.693],[-77.443,59.578],[-77.313,59.567],[-77.426,59.595],[-77.463,59.677],[-77.545,59.69],[-77.491,59.718],[-77.545,59.745],[-77.292,59.8],[-77.425,59.919],[-77.299,59.971],[-77.333,59.984],[-77.236,59.998],[-77.313,60.025],[-77.189,60.06],[-77.331,60.036],[-77.37,60.067],[-77.634,60.066],[-77.557,60.131],[-77.408,60.135],[-77.535,60.184],[-77.56,60.211],[-77.47,60.217],[-77.564,60.267],[-77.538,60.286],[-77.614,60.266],[-77.593,60.321],[-77.743,60.404],[-77.547,60.547],[-77.415,60.547],[-77.686,60.558],[-77.829,60.643],[-77.607,60.759],[-77.744,60.767],[-77.511,60.841],[-77.895,60.752],[-77.86,60.793],[-77.97,60.793],[-77.881,60.827],[-77.919,60.835],[-78.197,60.793],[-78.166,60.868],[-77.809,61.057],[-77.789,61.156],[-77.693,61.207],[-77.752,61.232],[-77.724,61.273],[-77.785,61.455],[-77.698,61.432],[-77.683,61.465],[-77.545,61.485],[-77.666,61.528],[-77.641,61.56],[-77.477,61.54],[-77.634,61.582],[-77.573,61.601],[-77.708,61.616],[-77.793,61.701],[-77.99,61.715],[-78.137,62.013],[-78.155,62.297],[-78.024,62.392],[-77.687,62.477],[-77.472,62.594],[-77.137,62.527],[-76.758,62.511],[-76.15,62.387],[-76.099,62.346],[-75.949,62.356],[-75.592,62.273],[-75.894,62.164],[-75.328,62.317],[-75.151,62.285],[-75.153,62.232],[-75.006,62.269],[-74.759,62.152],[-74.558,62.109],[-74.755,62.214],[-74.705,62.253],[-74.417,62.253],[-74.278,62.323],[-73.998,62.367],[-73.872,62.465],[-73.671,62.482],[-73.571,62.395],[-73.21,62.313],[-73.196,62.261],[-72.899,62.143],[-72.947,62.123],[-72.783,62.109],[-72.824,62.136],[-72.734,62.15],[-72.629,62.117],[-72.666,62.061],[-72.598,62.048],[-72.608,61.972],[-72.685,61.951],[-72.691,61.902],[-72.796,61.835],[-72.666,61.883],[-72.602,61.813],[-72.632,61.896],[-72.605,61.944],[-72.232,61.881],[-72.132,61.801],[-72.206,61.793],[-72.224,61.75],[-72.076,61.745],[-71.995,61.677],[-72.085,61.606],[-72.243,61.618],[-72.303,61.568],[-71.979,61.604],[-71.935,61.671],[-71.957,61.711],[-71.581,61.614],[-71.556,61.561],[-71.857,61.534],[-71.748,61.479],[-71.892,61.431],[-71.583,61.41],[-71.823,61.355],[-71.666,61.334],[-71.727,61.287],[-71.597,61.259],[-71.631,61.204],[-71.573,61.221],[-71.573,61.156],[-71.508,61.17],[-71.535,61.211],[-71.498,61.231],[-71.372,61.129],[-71.213,61.167],[-71.185,61.123],[-71.039,61.132],[-70.935,61.107],[-70.939,61.074],[-70.79,61.055],[-70.762,61.086],[-70.658,61.054],[-70.668,61.027],[-70.535,61.012],[-70.569,61.046],[-70.527,61.065],[-70.426,61.027],[-70.426,61.088],[-70.155,61.088],[-70.11,61.06],[-70.16,61.022],[-70.103,61.02],[-70.09,60.961],[-70.09,60.903],[-70.151,60.882],[-69.916,60.81],[-69.85,60.855],[-69.939,60.84],[-69.777,60.92],[-69.662,60.885],[-69.692,60.959],[-69.651,61.064],[-69.537,61.08],[-69.424,60.923],[-69.37,60.917],[-69.381,60.8],[-69.72,60.684],[-69.667,60.567],[-69.829,60.526],[-69.75,60.462],[-69.776,60.425],[-69.72,60.376],[-69.765,60.317],[-69.602,60.225],[-69.651,60.184],[-69.596,60.179],[-69.628,60.077],[-69.723,60.047],[-69.826,60.072],[-69.843,60.029],[-69.773,60.004],[-69.822,59.989],[-70.336,60.032],[-70.309,60.012],[-70.572,59.995],[-70.996,60.076],[-71.035,60.066],[-70.578,59.977],[-69.735,59.97],[-69.728,59.922],[-69.768,59.916],[-69.562,59.865],[-69.612,59.784],[-69.548,59.765],[-69.658,59.703],[-69.516,59.649],[-69.749,59.516],[-69.758,59.49],[-69.649,59.428],[-69.671,59.389],[-69.632,59.385],[-69.755,59.318],[-69.627,59.307],[-69.423,59.362],[-69.359,59.314],[-69.255,59.325],[-69.233,59.241],[-69.295,59.216],[-69.365,59.244],[-69.389,59.194],[-69.45,59.229],[-69.543,59.17],[-69.516,59.108],[-69.466,59.137],[-69.342,59.094],[-69.43,59.025],[-69.504,59.073],[-69.452,58.895],[-69.523,58.89],[-69.565,58.806],[-69.665,58.792],[-69.72,58.867],[-69.672,58.927],[-69.709,58.922],[-69.729,58.983],[-69.796,58.981],[-69.863,59.06],[-69.898,58.963],[-69.803,58.919],[-69.802,58.826],[-69.912,58.874],[-69.89,58.833],[-70.254,58.772],[-70.041,58.738],[-69.921,58.779],[-69.918,58.686],[-69.797,58.701],[-69.877,58.645],[-69.814,58.597],[-69.608,58.76],[-69.378,58.869],[-69.125,58.902],[-68.895,58.878],[-68.773,58.922],[-68.41,58.824],[-68.356,58.772],[-68.381,58.701],[-68.329,58.675],[-68.349,58.6],[-68.274,58.587],[-68.274,58.525],[-68.191,58.546],[-68.206,58.434],[-68.354,58.124],[-68.52,58.031],[-68.97,57.96],[-69.37,57.77],[-68.95,57.941],[-68.418,58.039],[-68.31,58.121],[-68.293,58.222],[-68.187,58.364],[-68.174,58.491],[-68.123,58.532],[-68.027,58.522],[-68.006,58.58],[-67.965,58.518],[-67.89,58.499],[-67.924,58.405],[-67.863,58.309],[-68.13,58.083],[-67.863,58.237],[-67.801,58.299],[-67.821,58.399],[-67.787,58.47],[-67.739,58.469],[-67.675,58.423],[-67.732,58.285],[-67.648,58.236],[-67.702,58.141],[-67.67,58.072],[-67.74,57.964],[-67.713,57.927],[-67.707,57.991],[-67.642,58.049],[-67.662,58.116],[-67.568,58.23],[-67.16,58.38],[-67.087,58.363],[-67.081,58.422],[-66.947,58.498],[-66.884,58.487],[-66.896,58.45],[-66.852,58.425],[-66.807,58.498],[-66.615,58.498],[-66.669,58.54],[-66.624,58.551],[-66.595,58.677],[-66.469,58.722],[-66.472,58.813],[-66.382,58.854],[-66.116,58.726],[-66.079,58.659],[-65.944,58.621],[-66.018,58.498],[-65.999,58.409],[-66.095,58.36],[-66.053,58.333],[-65.923,58.443],[-65.98,58.49],[-65.889,58.58],[-65.828,58.58],[-65.962,58.688],[-66.04,58.697],[-66.043,58.757],[-66.109,58.779],[-66.019,58.861],[-65.971,58.826],[-65.796,58.863],[-65.982,58.917],[-65.862,58.943],[-65.885,59.008],[-65.677,58.929],[-65.689,58.974],[-65.793,59.005],[-65.683,59.053],[-65.507,58.988],[-65.594,59.046],[-65.32,59.046],[-65.542,59.109],[-65.642,59.073],[-65.718,59.158],[-65.683,59.197],[-65.745,59.23],[-65.739,59.271],[-65.594,59.189],[-65.603,59.257],[-65.492,59.258],[-65.566,59.307],[-65.559,59.377],[-65.358,59.282],[-65.447,59.367],[-65.382,59.402],[-65.56,59.491],[-65.186,59.463],[-65.053,59.381],[-64.984,59.381],[-65.181,59.476],[-65.412,59.518],[-65.546,59.731],[-65.466,59.771],[-65.498,59.793],[-65.368,59.8],[-65.379,59.83],[-65.323,59.848],[-65.084,59.772],[-64.984,59.765],[-65.224,59.841],[-65.23,59.892],[-65.14,59.871],[-65.21,59.923],[-65.135,59.957],[-65.08,59.93],[-65.129,59.978],[-65.067,59.978],[-65.129,60.047],[-65.046,60.055],[-65.025,60.081],[-65.063,60.104],[-65.001,60.116],[-64.952,60.193],[-64.874,60.204],[-64.957,60.259],[-64.847,60.313],[-64.86,60.361],[-64.628,60.347],[-64.464,60.291],[-64.381,60.245],[-64.637,60.293],[-64.759,60.238],[-64.617,60.273],[-64.463,60.238],[-64.566,60.176],[-64.395,60.217],[-64.429,60.197],[-64.381,60.17],[-64.399,60.151],[-64.498,60.115],[-64.463,60.088],[-64.632,60.072],[-64.828,59.991],[-64.452,60.066],[-64.377,60.13],[-64.375,60.081],[-64.414,60.071],[-64.374,60.04],[-64.393,60.014],[-64.54,60.011],[-64.417,59.985],[-64.402,59.941],[-64.518,59.903],[-64.224,59.998],[-64.303,60.01],[-64.326,60.06],[-64.183,60.032],[-64.148,59.984],[-64.299,59.944],[-64.183,59.916],[-64.258,59.875],[-64.126,59.907],[-64.193,59.779],[-64.265,59.765],[-64.148,59.683],[-63.962,59.695],[-63.97,59.662],[-63.922,59.656],[-64.032,59.645],[-64.121,59.518],[-64.007,59.624],[-63.864,59.611],[-63.981,59.506],[-63.874,59.573],[-63.728,59.52],[-63.795,59.422],[-64.061,59.387],[-63.71,59.368],[-63.826,59.245],[-63.73,59.265],[-63.652,59.368],[-63.524,59.323],[-63.545,59.258],[-63.629,59.217],[-63.381,59.279],[-63.449,59.245],[-63.463,59.193],[-63.361,59.198],[-63.442,59.121],[-63.747,59.053],[-63.974,59.079],[-64.04,59.018],[-63.895,59.06],[-63.917,59.027],[-63.882,58.962],[-63.871,59.033],[-63.812,59.046],[-63.744,59.018],[-63.536,59.036],[-63.353,59.104],[-63.132,59.062],[-63.162,59.03],[-63.34,59.032],[-63.222,59.005],[-63.306,58.943],[-63.183,58.984],[-63.168,58.963],[-63.23,58.943],[-63.162,58.922],[-63.326,58.861],[-63.168,58.882],[-63.155,58.826],[-63.092,58.895],[-63.015,58.897],[-62.99,58.882],[-63.052,58.861],[-62.927,58.823],[-62.915,58.751],[-63.045,58.71],[-62.873,58.716],[-62.845,58.685],[-62.935,58.597],[-63.168,58.505],[-63.442,58.525],[-63.524,58.477],[-63.34,58.463],[-63.593,58.306],[-63.264,58.47],[-63.086,58.456],[-63.157,58.395],[-63.162,58.368],[-63.063,58.452],[-63.01,58.429],[-62.798,58.498],[-62.786,58.459],[-62.744,58.496],[-62.558,58.477],[-62.654,58.415],[-62.623,58.309],[-62.856,58.269],[-62.908,58.214],[-62.668,58.271],[-62.583,58.235],[-62.635,58.187],[-63.079,58.155],[-63.011,58.141],[-63.209,58.062],[-63.134,58.066],[-63.168,58.028],[-63.34,57.984],[-63.12,58.005],[-63.092,58.058],[-62.926,58.133],[-62.651,58.124],[-62.581,58.165],[-62.552,58.129],[-62.462,58.182],[-62.529,58.103],[-62.517,58.059],[-62.466,58.108],[-62.377,58.113],[-62.429,58.086],[-62.305,58.031],[-62.534,58.006],[-62.675,57.936],[-62.421,57.964],[-62.421,57.871],[-62.339,57.984],[-62.324,57.909],[-62.278,57.957],[-62.209,57.908],[-62.141,57.978],[-62.066,57.899],[-62.141,57.833],[-62.119,57.797],[-62.007,57.781],[-61.95,57.709],[-61.969,57.689],[-61.894,57.672],[-61.887,57.638],[-62.077,57.582],[-62.09,57.541],[-62.27,57.538],[-62.349,57.458],[-62.534,57.496],[-62.377,57.429],[-62.159,57.469],[-61.9,57.415],[-61.805,57.367],[-61.928,57.367],[-61.871,57.343],[-61.88,57.278],[-62.012,57.243],[-61.883,57.21],[-61.865,57.171],[-61.785,57.196],[-61.784,57.155],[-61.62,57.23],[-61.696,57.158],[-61.472,57.156],[-61.359,57.09],[-61.345,56.956],[-61.393,56.99],[-61.502,56.979],[-61.643,56.884],[-61.664,56.809],[-61.905,56.794],[-61.887,56.702],[-61.818,56.757],[-61.695,56.73],[-61.82,56.709],[-61.672,56.655],[-61.688,56.62],[-62.503,56.785],[-62.044,56.826],[-62.089,56.841],[-62.494,56.855],[-62.586,56.798],[-61.914,56.627],[-62.243,56.62],[-61.712,56.575],[-61.653,56.532],[-61.668,56.503],[-62.037,56.508],[-62.086,56.483],[-61.948,56.466],[-62.147,56.455],[-61.814,56.403],[-61.791,56.394],[-61.846,56.387],[-61.606,56.284],[-61.796,56.313],[-61.661,56.271],[-61.797,56.257],[-61.831,56.271],[-61.756,56.284],[-62.078,56.298],[-61.935,56.217],[-61.345,56.222],[-61.335,56.178],[-61.409,56.132],[-61.349,56.147],[-61.339,56.111],[-61.455,56.058],[-61.235,56.044],[-61.503,56.01],[-61.383,55.997],[-61.462,56.003],[-61.403,55.96],[-61.139,55.972],[-61.071,55.928],[-61.079,55.893],[-61.193,55.88],[-61.099,55.848],[-60.934,55.87],[-60.729,55.825],[-60.818,55.756],[-60.969,55.749],[-60.944,55.73],[-60.749,55.737],[-60.654,55.825],[-60.602,55.82],[-60.626,55.783],[-60.591,55.709],[-60.656,55.676],[-60.631,55.64],[-60.681,55.565],[-60.602,55.628],[-60.508,55.804],[-60.335,55.782],[-60.375,55.685],[-60.494,55.66],[-60.525,55.617],[-60.531,55.592],[-60.471,55.63],[-60.4,55.613],[-60.455,55.503],[-60.341,55.583],[-60.304,55.53],[-60.455,55.448],[-60.482,55.352],[-60.328,55.495],[-60.365,55.435],[-60.284,55.441],[-60.254,55.505],[-60.202,55.489],[-60.194,55.427],[-60.362,55.39],[-60.404,55.292],[-60.503,55.27],[-60.612,55.168],[-60.355,55.259],[-60.516,55.119],[-60.674,55.051],[-60.688,54.995],[-60.269,55.243],[-60.14,55.284],[-60.194,55.195],[-60.023,55.277],[-60.297,55.023],[-60.099,55.14],[-60.023,55.236],[-59.913,55.242],[-59.776,55.332],[-59.72,55.274],[-59.735,55.201],[-59.974,55.156],[-59.964,55.117],[-59.92,55.147],[-59.8,55.113],[-59.736,55.151],[-59.643,55.134],[-59.538,55.177],[-59.531,55.214],[-59.495,55.14],[-59.43,55.142],[-59.525,55.059],[-59.735,54.968],[-59.732,54.937],[-59.85,54.875],[-59.82,54.841],[-59.858,54.79],[-59.948,54.756],[-59.922,54.743],[-59.792,54.787],[-59.793,54.876],[-59.448,55.062],[-59.413,55.03],[-59.269,55.208],[-59.216,55.218],[-59.222,55.168],[-59.16,55.239],[-59.143,55.155],[-59.386,55.005],[-59.383,54.978],[-59.225,55.084],[-59.154,55.074],[-59.128,55.127],[-59.105,55.079],[-59.027,55.162],[-58.995,55.119],[-58.954,55.131],[-59.045,54.999],[-58.988,55.02],[-58.892,54.954],[-59.015,54.893],[-58.906,54.922],[-58.914,54.848],[-58.798,54.858],[-58.751,54.803],[-58.713,54.85],[-58.652,54.81],[-58.516,54.804],[-58.563,54.769],[-58.439,54.777],[-58.422,54.744],[-58.387,54.747],[-58.386,54.795],[-58.204,54.797],[-58.159,54.742],[-57.992,54.717],[-57.865,54.745],[-57.686,54.638],[-57.486,54.659],[-57.35,54.589],[-57.432,54.557],[-57.375,54.527],[-57.412,54.491],[-57.707,54.475],[-57.419,54.461],[-57.531,54.454],[-57.634,54.383],[-58.186,54.359],[-58.261,54.31],[-58.097,54.332],[-58.248,54.29],[-58.236,54.256],[-58.468,54.234],[-58.727,54.146],[-59.58,54.05],[-59.511,54.001],[-59.303,54.018],[-58.698,54.124],[-58.371,54.228],[-58.626,54.044],[-59.043,54.03],[-58.92,54.016],[-59.012,53.958],[-59.217,53.931],[-59.475,53.828],[-59.844,53.845],[-59.879,53.824],[-59.807,53.798],[-60.133,53.783],[-60.017,53.708],[-60.094,53.7],[-60.112,53.618],[-60.071,53.566],[-60.136,53.529],[-60.389,53.668],[-60.821,53.78],[-60.859,53.835],[-60.92,53.714],[-60.637,53.704],[-60.102,53.502],[-60.064,53.509],[-60.037,53.44],[-60.133,53.461],[-60.412,53.358],[-60.181,53.336],[-60.421,53.269],[-60.17,53.305],[-60.129,53.275],[-60.091,53.306],[-60.143,53.334],[-60.029,53.358],[-59.875,53.447],[-59.873,53.488],[-59.784,53.482],[-59.879,53.538],[-59.607,53.534],[-59.511,53.555],[-59.317,53.687],[-59.151,53.675],[-59.022,53.714],[-59.008,53.749],[-59.071,53.796],[-58.841,53.947],[-58.128,54.098],[-57.796,54.071],[-58.151,54.141],[-58.322,54.093],[-58.416,54.14],[-58.356,54.21],[-58.012,54.24],[-57.617,54.167],[-57.466,54.2],[-57.399,54.133],[-57.357,54.139],[-57.262,53.978],[-57.158,53.951],[-57.217,53.93],[-57.213,53.879],[-57.076,53.824],[-57.138,53.824],[-57.108,53.804],[-57.155,53.772],[-57.124,53.742],[-57.549,53.591],[-57.446,53.626],[-57.454,53.598],[-57.318,53.585],[-57.344,53.544],[-57.306,53.534],[-57.309,53.495],[-57.377,53.434],[-57.281,53.44],[-57.292,53.469],[-57.135,53.55],[-57.166,53.563],[-57.133,53.621],[-57.075,53.637],[-56.983,53.727],[-56.715,53.752],[-56.596,53.714],[-56.618,53.77],[-56.48,53.79],[-56.412,53.728],[-56.727,53.687],[-55.98,53.55],[-56.015,53.504],[-56.07,53.546],[-56.263,53.554],[-55.966,53.413],[-56.041,53.372],[-55.925,53.402],[-55.857,53.372],[-55.89,53.352],[-55.817,53.34],[-55.911,53.31],[-55.819,53.3],[-55.864,53.248],[-55.745,53.256],[-55.795,53.206],[-55.843,53.215],[-55.747,53.146],[-55.829,53.097],[-55.945,53.118],[-55.877,53.077],[-55.931,53.026],[-56.059,53.043],[-56.165,53.028],[-56.082,53.022],[-56.123,52.973],[-56.051,53.004],[-55.904,52.984],[-55.802,52.841],[-55.978,52.813],[-56.0,52.796],[-55.925,52.796],[-55.975,52.778],[-56.162,52.818],[-55.966,52.687],[-55.778,52.681],[-55.754,52.625],[-55.802,52.598],[-56.097,52.662],[-56.124,52.645],[-55.978,52.618],[-56.048,52.577],[-55.986,52.557],[-56.117,52.57],[-56.218,52.54],[-56.298,52.573],[-56.5,52.598],[-56.267,52.539],[-56.041,52.545],[-55.741,52.493],[-55.759,52.45],[-55.648,52.443],[-55.654,52.365],[-55.808,52.385],[-55.784,52.339],[-56.199,52.447],[-55.823,52.33],[-55.857,52.303],[-55.709,52.296],[-55.795,52.241],[-55.617,52.22],[-55.773,52.214],[-55.692,52.186],[-55.685,52.112],[-55.802,52.084],[-55.761,52.056],[-55.81,52.023],[-55.966,52.022],[-55.898,51.97],[-55.916,51.935],[-56.233,51.787],[-56.453,51.743],[-56.579,51.657],[-56.682,51.648],[-56.708,51.579],[-56.86,51.476],[-56.926,51.501],[-56.967,51.425],[-57.19,51.419],[-57.25,51.508],[-57.603,51.433],[-57.576,51.467],[-57.679,51.434],[-57.686,51.48],[-57.749,51.463],[-57.771,51.408],[-57.796,51.44],[-58.04,51.314],[-58.234,51.277],[-58.255,51.329],[-58.289,51.336],[-58.289,51.275],[-58.454,51.317],[-58.59,51.251],[-58.623,51.277],[-58.627,51.23],[-58.672,51.256],[-58.59,51.186],[-58.626,51.151],[-58.83,51.09],[-58.83,51.042],[-58.892,50.994],[-58.895,51.055],[-59.008,51.015],[-58.955,51.003],[-58.974,50.953],[-58.94,50.885],[-58.961,50.821],[-59.03,50.781],[-59.008,50.761],[-59.089,50.784],[-59.062,50.875],[-59.088,50.888],[-59.203,50.732],[-59.255,50.761],[-59.344,50.675],[-59.42,50.665],[-59.468,50.592],[-59.41,50.572],[-59.424,50.54],[-59.51,50.546],[-59.594,50.479],[-59.803,50.446],[-59.886,50.377],[-59.855,50.332],[-59.822,50.357],[-59.827,50.328],[-60.135,50.213],[-60.174,50.233],[-60.153,50.288],[-60.246,50.235],[-60.235,50.274],[-60.276,50.295],[-60.294,50.247],[-60.365,50.226],[-60.441,50.261],[-60.6,50.216],[-60.619,50.254],[-60.794,50.205],[-60.838,50.22],[-60.777,50.261],[-60.803,50.267],[-60.935,50.199],[-61.026,50.227],[-61.153,50.185],[-61.311,50.199],[-61.718,50.1],[-61.784,50.11],[-61.576,50.187],[-61.777,50.134],[-61.863,50.23],[-62.212,50.242],[-62.39,50.295],[-62.451,50.265],[-62.751,50.287],[-62.709,50.315],[-62.833,50.287],[-63.018,50.315],[-63.177,50.29],[-63.162,50.261],[-63.203,50.245],[-63.421,50.219],[-63.485,50.264],[-63.604,50.254],[-63.809,50.315],[-64.145,50.268],[-64.445,50.323],[-64.877,50.273],[-65.191,50.287],[-65.258,50.322],[-65.737,50.257],[-65.964,50.293],[-66.047,50.226],[-66.103,50.244],[-66.088,50.192],[-66.357,50.201],[-66.468,50.269],[-66.55,50.198],[-66.435,50.158],[-66.636,50.185],[-66.623,50.151],[-66.746,50.054],[-66.951,49.986],[-67.045,49.828],[-67.131,49.831],[-67.182,49.755],[-67.17,49.678],[-67.245,49.568],[-67.245,49.459],[-67.376,49.339],[-67.814,49.28],[-68.055,49.294],[-68.164,49.206],[-68.301,49.198],[-68.191,49.167],[-68.181,49.124],[-68.392,49.064],[-68.444,49.062],[-68.37,49.116],[-68.403,49.185],[-68.444,49.198],[-68.407,49.123],[-68.615,49.039],[-68.636,48.965],[-68.699,48.945],[-68.644,48.918],[-68.795,48.907],[-69.056,48.774],[-69.118,48.631],[-69.229,48.592],[-69.289,48.465],[-69.447,48.296],[-69.575,48.245],[-69.676,48.15],[-69.82,48.162],[-69.985,48.278],[-70.144,48.273],[-70.369,48.374],[-70.693,48.393],[-70.987,48.465],[-71.07,48.445],[-70.788,48.396],[-70.892,48.363],[-70.866,48.324],[-70.478,48.356],[-70.163,48.245],[-69.95,48.231],[-69.847,48.143],[-69.736,48.123],[-69.932,47.773],[-70.144,47.656],[-70.237,47.496],[-70.487,47.445],[-70.598,47.249],[-70.751,47.092],[-70.957,47.021],[-71.342,46.742],[-71.72,46.67],[-71.881,46.691],[-72.014,46.608],[-72.228,46.553],[-72.258,46.471],[-72.462,46.402],[-72.603,46.301],[-72.994,46.211],[-73.022,46.11],[-73.159,46.075],[-73.262,45.902],[-73.42,45.765],[-73.755,45.676],[-73.979,45.498],[-74.105,45.485],[-74.379,45.562],[-74.33,45.51],[-74.016,45.45],[-73.962,45.354],[-74.153,45.32],[-74.713,44.999],[-74.904,45.005],[-75.27,44.864],[-75.7,44.582],[-75.87,44.409],[-76.15,44.305],[-76.186,44.226],[-76.328,44.181],[-76.455,44.084],[-76.797,43.645],[-78.751,43.617],[-79.174,43.465],[-79.058,43.278],[-79.032,43.013],[-78.909,42.93],[-79.019,42.803],[-80.247,42.365],[-81.277,42.209],[-82.425,41.677],[-82.711,41.68],[-83.097,41.876],[-83.157,42.0],[-83.129,42.24],[-83.04,42.332],[-82.833,42.398],[-82.526,42.62],[-82.411,43.051],[-82.146,43.576],[-82.532,45.294],[-82.589,45.372],[-83.484,45.772],[-83.637,45.774],[-83.463,46.008],[-83.614,46.116],[-83.839,46.119],[-83.965,46.063],[-84.097,46.225],[-84.105,46.348],[-84.159,46.433],[-84.11,46.526],[-84.39,46.52],[-84.492,46.457],[-84.567,46.461],[-84.773,46.633],[-84.879,46.898],[-88.347,48.299],[-88.643,48.257],[-89.364,47.98],[-89.763,48.017],[-89.92,47.987],[-90.12,48.115],[-90.75,48.084],[-90.874,48.234],[-91.276,48.065],[-91.575,48.048],[-91.59,48.088],[-91.716,48.112],[-91.696,48.138],[-91.744,48.18],[-91.975,48.237],[-92.07,48.347],[-92.282,48.332],[-92.291,48.25],[-92.372,48.223],[-92.462,48.329],[-92.491,48.433],[-92.719,48.46],[-92.627,48.503],[-92.649,48.536],[-92.98,48.618],[-93.386,48.615],[-93.492,48.542],[-93.757,48.517],[-93.875,48.636],[-94.232,48.652],[-94.293,48.712],[-94.593,48.726],[-94.711,48.808],[-94.827,49.293],[-95.0,49.356],[-95.0,68.053]]],[[[-67.176,45.179],[-67.267,45.203],[-67.319,45.154],[-67.471,45.266],[-67.429,45.387],[-67.493,45.493],[-67.426,45.533],[-67.431,45.598],[-67.608,45.62],[-67.807,45.713],[-67.773,45.828],[-67.799,45.876],[-67.758,45.919],[-67.814,47.082],[-67.993,47.223],[-68.3,47.368],[-68.386,47.302],[-68.518,47.305],[-68.906,47.19],[-69.057,47.269],[-69.07,47.432],[-69.222,47.46],[-70.008,46.704],[-70.074,46.42],[-70.188,46.358],[-70.281,46.212],[-70.244,46.141],[-70.313,46.08],[-70.316,45.983],[-70.263,45.923],[-70.415,45.804],[-70.419,45.717],[-70.687,45.573],[-70.732,45.492],[-70.641,45.408],[-70.813,45.423],[-70.892,45.235],[-70.993,45.348],[-71.16,45.246],[-71.334,45.289],[-71.449,45.227],[-71.407,45.205],[-71.504,45.014],[-74.713,44.999],[-74.474,45.067],[-74.329,45.178],[-74.004,45.245],[-73.735,45.419],[-73.519,45.426],[-73.522,45.54],[-73.461,45.608],[-73.449,45.704],[-73.217,45.899],[-73.156,46.05],[-72.933,46.144],[-72.731,46.177],[-72.496,46.361],[-72.274,46.421],[-72.19,46.526],[-72.007,46.571],[-71.867,46.667],[-71.714,46.632],[-71.302,46.745],[-71.158,46.841],[-70.974,46.862],[-70.535,47.011],[-70.195,47.315],[-70.076,47.369],[-70.0,47.499],[-69.562,47.828],[-69.445,47.992],[-69.324,48.031],[-68.825,48.366],[-68.726,48.376],[-68.06,48.694],[-66.622,49.123],[-66.219,49.208],[-65.566,49.266],[-64.963,49.219],[-64.553,49.097],[-64.221,48.894],[-64.169,48.762],[-64.303,48.83],[-64.559,48.883],[-64.477,48.842],[-64.539,48.821],[-64.397,48.821],[-64.374,48.792],[-64.429,48.78],[-64.328,48.756],[-64.175,48.644],[-64.258,48.619],[-64.282,48.569],[-64.189,48.527],[-64.306,48.469],[-64.329,48.42],[-64.723,48.335],[-64.704,48.307],[-64.779,48.204],[-64.96,48.188],[-64.95,48.15],[-64.988,48.126],[-65.286,48.013],[-65.432,48.003],[-65.784,48.116],[-65.89,48.171],[-65.896,48.226],[-66.067,48.102],[-66.287,48.114],[-66.29,48.065],[-66.473,48.12],[-66.543,48.059],[-66.848,47.999],[-66.732,47.987],[-66.386,48.075],[-66.238,47.985],[-65.818,47.907],[-65.741,47.849],[-65.629,47.671],[-65.669,47.656],[-65.636,47.622],[-65.209,47.82],[-64.978,47.842],[-65.073,47.78],[-64.8,47.809],[-64.79,47.771],[-64.86,47.753],[-64.764,47.708],[-64.736,47.764],[-64.669,47.732],[-64.813,47.677],[-64.814,47.622],[-64.892,47.562],[-64.909,47.52],[-64.874,47.52],[-64.929,47.451],[-64.868,47.486],[-64.909,47.355],[-64.909,47.403],[-64.96,47.294],[-65.368,47.088],[-65.203,47.095],[-65.206,47.047],[-65.032,47.095],[-64.985,47.06],[-64.8,47.082],[-64.806,46.985],[-64.906,46.887],[-64.881,46.807],[-64.792,46.725],[-64.839,46.717],[-64.854,46.676],[-64.714,46.687],[-64.717,46.556],[-64.678,46.501],[-64.711,46.48],[-64.613,46.419],[-64.628,46.354],[-64.704,46.328],[-64.559,46.369],[-64.523,46.322],[-64.559,46.224],[-64.253,46.234],[-64.151,46.166],[-63.973,46.183],[-63.813,46.14],[-63.771,46.115],[-64.093,46.033],[-64.042,45.991],[-63.905,45.98],[-63.806,45.889],[-63.716,45.868],[-63.757,45.847],[-63.67,45.823],[-63.659,45.874],[-63.492,45.883],[-63.409,45.854],[-63.483,45.861],[-63.429,45.827],[-63.516,45.811],[-63.23,45.806],[-63.381,45.772],[-63.295,45.726],[-63.189,45.779],[-63.203,45.737],[-63.065,45.759],[-63.101,45.811],[-62.675,45.772],[-62.757,45.759],[-62.633,45.717],[-62.771,45.674],[-62.792,45.642],[-62.749,45.664],[-62.75,45.613],[-62.707,45.656],[-62.657,45.628],[-62.665,45.68],[-62.613,45.691],[-62.476,45.663],[-62.509,45.615],[-62.47,45.614],[-62.362,45.673],[-62.442,45.655],[-62.416,45.679],[-62.27,45.704],[-61.911,45.889],[-61.876,45.693],[-61.62,45.614],[-61.558,45.684],[-61.493,45.691],[-61.339,45.553],[-61.237,45.506],[-61.249,45.453],[-61.483,45.375],[-61.462,45.355],[-60.999,45.333],[-60.969,45.272],[-61.037,45.3],[-61.024,45.263],[-61.12,45.213],[-61.153,45.238],[-61.12,45.272],[-61.165,45.264],[-61.175,45.203],[-61.212,45.253],[-61.279,45.254],[-61.389,45.164],[-61.687,45.175],[-61.64,45.087],[-61.825,45.099],[-61.859,45.08],[-61.839,45.046],[-62.051,45.011],[-61.989,44.985],[-62.393,44.91],[-62.448,44.833],[-62.476,44.901],[-62.552,44.868],[-62.531,44.806],[-62.607,44.837],[-62.654,44.793],[-62.805,44.785],[-62.798,44.73],[-62.83,44.718],[-62.93,44.74],[-62.989,44.711],[-63.004,44.771],[-63.059,44.778],[-63.014,44.711],[-63.059,44.675],[-63.119,44.791],[-63.14,44.689],[-63.155,44.73],[-63.214,44.681],[-63.237,44.737],[-63.285,44.627],[-63.389,44.643],[-63.417,44.683],[-63.456,44.668],[-63.415,44.634],[-63.439,44.596],[-63.662,44.717],[-63.564,44.635],[-63.523,44.518],[-63.633,44.441],[-63.628,44.47],[-63.716,44.456],[-63.765,44.505],[-63.793,44.468],[-63.785,44.532],[-63.929,44.511],[-63.943,44.621],[-63.888,44.696],[-64.066,44.634],[-64.011,44.511],[-64.076,44.477],[-64.162,44.58],[-64.227,44.537],[-64.306,44.566],[-64.326,44.477],[-64.299,44.47],[-64.354,44.456],[-64.34,44.415],[-64.211,44.367],[-64.347,44.367],[-64.34,44.333],[-64.265,44.333],[-64.289,44.299],[-64.237,44.299],[-64.269,44.267],[-64.429,44.34],[-64.36,44.272],[-64.498,44.141],[-64.606,44.159],[-64.546,44.117],[-64.576,44.069],[-64.717,44.059],[-64.667,43.998],[-64.847,43.929],[-64.786,43.874],[-64.839,43.83],[-64.915,43.881],[-64.881,43.812],[-64.907,43.805],[-64.967,43.874],[-64.932,43.806],[-64.984,43.758],[-65.039,43.832],[-65.025,43.716],[-65.077,43.711],[-65.087,43.758],[-65.129,43.675],[-65.142,43.751],[-65.178,43.71],[-65.238,43.806],[-65.25,43.673],[-65.327,43.696],[-65.323,43.765],[-65.368,43.744],[-65.341,43.545],[-65.457,43.6],[-65.402,43.504],[-65.45,43.56],[-65.475,43.471],[-65.566,43.574],[-65.669,43.497],[-65.73,43.513],[-65.74,43.577],[-65.778,43.568],[-65.779,43.689],[-65.8,43.606],[-65.815,43.632],[-65.862,43.806],[-65.877,43.77],[-65.937,43.826],[-65.971,43.78],[-65.997,43.854],[-65.98,43.706],[-65.992,43.731],[-66.024,43.698],[-66.042,43.746],[-66.06,43.716],[-66.079,43.772],[-66.122,43.744],[-66.111,43.848],[-66.15,43.826],[-66.17,43.86],[-66.15,44.01],[-66.21,44.086],[-66.191,44.165],[-66.095,44.374],[-65.84,44.573],[-65.943,44.583],[-66.197,44.391],[-66.18,44.434],[-65.786,44.696],[-65.757,44.611],[-65.692,44.621],[-65.429,44.778],[-65.742,44.668],[-65.723,44.727],[-65.398,44.895],[-64.863,45.14],[-64.415,45.272],[-64.395,45.302],[-64.478,45.341],[-64.33,45.31],[-64.388,45.149],[-64.368,45.108],[-64.306,45.149],[-64.223,45.108],[-64.152,45.05],[-64.155,44.984],[-64.107,44.998],[-64.101,45.059],[-64.199,45.149],[-64.115,45.216],[-63.716,45.326],[-63.524,45.334],[-63.469,45.292],[-63.433,45.345],[-63.36,45.361],[-63.816,45.395],[-63.891,45.353],[-63.937,45.399],[-64.105,45.415],[-64.388,45.367],[-64.576,45.416],[-64.673,45.389],[-64.697,45.326],[-64.759,45.3],[-64.823,45.348],[-64.929,45.326],[-64.902,45.43],[-64.457,45.683],[-64.381,45.792],[-64.306,45.827],[-64.333,45.745],[-64.265,45.765],[-64.306,45.779],[-64.276,45.842],[-64.347,45.889],[-64.481,45.728],[-64.546,45.732],[-64.491,45.817],[-64.531,45.902],[-64.572,45.886],[-64.69,46.046],[-64.749,46.09],[-64.572,45.861],[-64.676,45.752],[-64.641,45.724],[-64.69,45.724],[-64.772,45.614],[-64.905,45.628],[-64.994,45.559],[-65.315,45.459],[-65.752,45.244],[-65.793,45.265],[-65.929,45.213],[-66.136,45.313],[-66.002,45.399],[-66.01,45.464],[-66.095,45.354],[-66.197,45.334],[-66.06,45.258],[-66.202,45.159],[-66.249,45.205],[-66.31,45.205],[-66.259,45.162],[-66.441,45.08],[-66.491,45.156],[-66.693,45.075],[-66.79,45.059],[-66.8,45.108],[-66.889,45.061],[-66.911,45.114],[-66.848,45.128],[-66.943,45.19],[-67.021,45.168],[-67.04,45.076],[-67.141,45.205],[-67.19,45.233],[-67.176,45.179]]],[[[-66.905,44.956],[-66.919,44.837],[-66.982,44.872],[-66.905,44.956]]],[[[-66.978,44.936],[-67.017,44.979],[-66.939,45.025],[-66.948,44.983],[-66.978,44.936]]],[[[-55.843,47.273],[-55.95,47.268],[-55.948,47.277],[-55.843,47.273]]],[[[-54.126,47.67],[-54.244,47.408],[-54.363,47.41],[-54.26,47.486],[-54.217,47.54],[-54.24,47.564],[-54.171,47.622],[-54.171,47.588],[-54.126,47.67]]],[[[-55.97,47.686],[-55.877,47.616],[-56.11,47.637],[-55.97,47.686]]],[[[-54.099,47.492],[-54.082,47.691],[-54.082,47.478],[-54.099,47.492]]],[[[-53.544,48.207],[-53.514,48.187],[-53.534,48.108],[-53.619,48.082],[-53.875,48.107],[-53.931,48.208],[-53.677,48.15],[-53.544,48.207]]],[[[-54.644,49.475],[-54.699,49.408],[-54.75,49.424],[-54.68,49.493],[-54.644,49.475]]],[[[-55.713,49.565],[-55.657,49.562],[-55.657,49.541],[-55.733,49.513],[-55.713,49.565]]],[[[-55.573,49.608],[-55.67,49.571],[-55.726,49.582],[-55.672,49.637],[-55.573,49.608]]],[[[-54.807,49.516],[-54.885,49.595],[-54.836,49.603],[-54.733,49.555],[-54.539,49.661],[-54.529,49.625],[-54.546,49.585],[-54.719,49.535],[-54.744,49.494],[-54.877,49.494],[-54.807,49.516]]],[[[-54.292,49.587],[-54.307,49.672],[-54.253,49.678],[-54.27,49.727],[-54.191,49.678],[-54.185,49.726],[-54.11,49.754],[-53.979,49.664],[-54.292,49.587]]],[[[-59.362,50.605],[-59.359,50.656],[-59.338,50.644],[-59.298,50.564],[-59.353,50.538],[-59.324,50.61],[-59.362,50.605]]],[[[-55.62,50.792],[-55.452,50.796],[-55.524,50.721],[-55.643,50.723],[-55.62,50.792]]],[[[-55.542,50.988],[-55.569,50.891],[-55.639,50.961],[-55.542,50.988]]],[[[-58.409,51.247],[-58.474,51.22],[-58.563,51.233],[-58.479,51.278],[-58.412,51.282],[-58.409,51.247]]],[[[-52.617,47.523],[-52.691,47.465],[-52.657,47.437],[-52.738,47.321],[-52.8,47.307],[-52.76,47.3],[-52.814,47.273],[-52.869,47.102],[-52.938,47.088],[-52.849,47.07],[-52.854,47.026],[-52.895,46.996],[-52.941,46.791],[-53.067,46.666],[-53.193,46.628],[-53.266,46.739],[-53.389,46.684],[-53.355,46.739],[-53.555,46.618],[-53.623,46.656],[-53.636,46.711],[-53.6,46.813],[-53.486,46.903],[-53.645,46.801],[-53.599,46.906],[-53.521,46.945],[-53.643,46.985],[-53.499,47.136],[-53.519,47.17],[-53.571,47.156],[-53.56,47.205],[-53.617,47.119],[-53.65,47.108],[-53.65,47.147],[-53.948,46.858],[-54.099,46.8],[-54.189,46.828],[-54.185,46.928],[-54.01,47.234],[-53.932,47.234],[-53.989,47.263],[-53.996,47.317],[-53.922,47.313],[-53.877,47.362],[-53.914,47.363],[-53.893,47.393],[-53.808,47.424],[-53.923,47.454],[-53.893,47.599],[-53.94,47.635],[-54.006,47.821],[-54.061,47.8],[-54.082,47.875],[-54.125,47.828],[-54.171,47.875],[-54.267,47.903],[-54.198,47.869],[-54.198,47.833],[-54.28,47.698],[-54.327,47.71],[-54.327,47.648],[-54.458,47.499],[-54.404,47.451],[-54.452,47.424],[-54.466,47.451],[-54.508,47.382],[-54.616,47.369],[-54.417,47.609],[-54.664,47.376],[-54.677,47.403],[-54.711,47.356],[-54.822,47.369],[-54.787,47.424],[-54.828,47.376],[-54.838,47.419],[-55.027,47.239],[-55.027,47.173],[-55.074,47.157],[-55.088,47.206],[-55.136,47.17],[-55.089,47.17],[-55.075,47.081],[-55.155,47.013],[-55.196,47.07],[-55.2,46.981],[-55.251,46.919],[-55.37,46.909],[-55.359,46.875],[-55.418,46.867],[-55.473,46.898],[-55.466,46.931],[-55.528,46.944],[-55.551,46.901],[-55.739,46.854],[-55.95,46.904],[-55.98,46.97],[-55.87,47.075],[-55.487,47.14],[-55.301,47.268],[-55.255,47.411],[-55.184,47.46],[-54.955,47.506],[-54.853,47.56],[-54.842,47.588],[-54.877,47.581],[-54.842,47.616],[-54.699,47.671],[-55.088,47.602],[-54.938,47.787],[-55.131,47.584],[-55.13,47.664],[-55.362,47.654],[-55.356,47.732],[-55.391,47.697],[-55.427,47.72],[-55.47,47.627],[-55.397,47.616],[-55.432,47.588],[-55.391,47.596],[-55.407,47.501],[-55.599,47.399],[-55.589,47.458],[-55.664,47.437],[-55.589,47.512],[-55.638,47.545],[-55.664,47.492],[-55.713,47.506],[-55.774,47.458],[-55.754,47.54],[-55.805,47.462],[-55.857,47.478],[-55.918,47.437],[-55.747,47.588],[-56.106,47.467],[-56.162,47.492],[-55.63,47.677],[-55.843,47.622],[-55.914,47.659],[-55.829,47.739],[-55.817,47.84],[-55.739,47.924],[-55.78,47.958],[-55.86,47.791],[-56.059,47.7],[-56.111,47.704],[-56.055,47.78],[-56.101,47.76],[-56.151,47.842],[-56.132,47.755],[-56.172,47.718],[-56.137,47.697],[-56.192,47.677],[-56.181,47.631],[-56.212,47.656],[-56.302,47.629],[-56.309,47.753],[-56.336,47.616],[-56.7,47.622],[-56.638,47.588],[-56.676,47.577],[-56.754,47.637],[-56.706,47.568],[-56.791,47.53],[-56.984,47.587],[-57.147,47.572],[-57.172,47.637],[-57.207,47.594],[-57.315,47.584],[-57.333,47.643],[-57.529,47.65],[-57.628,47.602],[-57.734,47.656],[-57.768,47.616],[-57.919,47.65],[-57.885,47.697],[-58.355,47.649],[-58.261,47.753],[-58.35,47.74],[-58.426,47.637],[-58.532,47.666],[-58.628,47.612],[-59.146,47.561],[-59.308,47.623],[-59.283,47.759],[-59.406,47.897],[-58.97,48.142],[-58.57,48.44],[-58.495,48.458],[-58.604,48.404],[-58.272,48.521],[-58.433,48.499],[-58.703,48.555],[-59.262,48.473],[-59.207,48.555],[-58.769,48.78],[-58.959,48.616],[-58.893,48.554],[-58.851,48.636],[-58.813,48.572],[-58.714,48.568],[-58.667,48.726],[-58.398,49.137],[-58.349,49.145],[-58.357,49.062],[-58.213,49.074],[-58.069,48.979],[-57.885,48.972],[-58.046,48.996],[-58.107,49.037],[-58.135,49.127],[-57.912,49.13],[-57.85,49.185],[-58.08,49.147],[-58.101,49.183],[-58.015,49.178],[-57.926,49.247],[-58.036,49.218],[-58.193,49.243],[-58.235,49.285],[-58.229,49.371],[-58.137,49.484],[-58.001,49.562],[-57.92,49.532],[-57.897,49.439],[-57.871,49.431],[-57.871,49.507],[-57.7,49.463],[-57.823,49.562],[-57.878,49.532],[-57.948,49.68],[-57.355,50.607],[-57.198,50.597],[-57.155,50.626],[-57.276,50.624],[-57.24,50.638],[-57.397,50.709],[-57.166,50.753],[-56.926,50.918],[-57.089,51.021],[-56.98,50.988],[-56.901,51.018],[-56.98,51.055],[-56.903,51.061],[-56.795,51.138],[-56.809,51.192],[-56.747,51.199],[-56.795,51.241],[-56.72,51.319],[-55.893,51.628],[-55.823,51.624],[-55.877,51.571],[-55.843,51.556],[-55.873,51.496],[-55.61,51.48],[-55.738,51.555],[-55.632,51.61],[-55.61,51.567],[-55.514,51.604],[-55.404,51.563],[-55.473,51.563],[-55.432,51.539],[-55.456,51.501],[-55.535,51.508],[-55.458,51.463],[-55.5,51.377],[-55.566,51.39],[-55.558,51.35],[-55.61,51.35],[-55.596,51.309],[-56.09,51.371],[-56.096,51.323],[-56.021,51.309],[-56.014,51.275],[-56.076,51.233],[-55.966,51.159],[-55.959,51.199],[-55.764,51.217],[-55.719,51.184],[-55.733,51.083],[-55.805,51.069],[-55.774,51.035],[-55.836,50.973],[-55.816,50.932],[-55.869,50.934],[-55.843,50.905],[-55.877,50.863],[-55.925,50.885],[-56.081,50.721],[-56.137,50.775],[-56.104,50.905],[-56.161,50.878],[-56.162,50.721],[-56.1,50.669],[-56.25,50.528],[-56.322,50.528],[-56.266,50.506],[-56.412,50.377],[-56.5,50.391],[-56.43,50.362],[-56.444,50.304],[-56.523,50.196],[-56.672,50.13],[-56.646,50.099],[-56.776,49.951],[-56.782,49.918],[-56.719,49.949],[-56.768,49.83],[-56.905,49.754],[-56.782,49.729],[-56.857,49.548],[-56.558,49.848],[-56.467,49.898],[-56.425,49.846],[-56.427,49.903],[-56.363,49.898],[-56.384,49.946],[-56.317,50.039],[-56.117,50.158],[-56.062,50.083],[-56.192,49.925],[-56.01,50.031],[-56.035,49.98],[-56.003,49.972],[-55.959,50.041],[-55.746,49.932],[-55.493,50.014],[-55.465,49.963],[-55.715,49.822],[-56.002,49.753],[-56.159,49.623],[-56.165,49.575],[-55.968,49.703],[-55.836,49.692],[-55.939,49.61],[-55.877,49.596],[-55.901,49.562],[-56.077,49.492],[-56.131,49.429],[-55.822,49.522],[-55.719,49.476],[-55.788,49.452],[-55.679,49.473],[-55.698,49.425],[-55.657,49.384],[-55.521,49.494],[-55.569,49.363],[-55.486,49.48],[-55.37,49.507],[-55.432,49.425],[-55.315,49.452],[-55.445,49.356],[-55.392,49.37],[-55.383,49.335],[-55.333,49.403],[-55.289,49.401],[-55.342,49.356],[-55.315,49.315],[-55.236,49.39],[-55.315,49.535],[-55.26,49.548],[-55.199,49.507],[-55.212,49.535],[-55.156,49.549],[-55.136,49.541],[-55.128,49.466],[-55.225,49.368],[-55.223,49.265],[-55.365,49.172],[-55.322,49.157],[-55.314,49.102],[-55.383,49.047],[-55.184,49.123],[-55.278,49.106],[-55.253,49.192],[-55.288,49.195],[-55.054,49.294],[-55.082,49.363],[-55.013,49.349],[-54.993,49.284],[-55.034,49.23],[-54.947,49.301],[-54.88,49.289],[-54.883,49.376],[-54.834,49.41],[-54.817,49.276],[-54.545,49.529],[-54.469,49.546],[-54.444,49.544],[-54.534,49.445],[-54.431,49.473],[-54.485,49.38],[-54.456,49.339],[-54.483,49.268],[-54.397,49.335],[-54.373,49.422],[-54.219,49.417],[-54.232,49.363],[-54.139,49.453],[-54.045,49.482],[-53.986,49.459],[-54.041,49.438],[-53.924,49.452],[-53.493,49.288],[-53.454,49.242],[-53.566,49.126],[-53.622,49.117],[-53.59,49.052],[-53.838,49.034],[-53.725,49.014],[-53.883,48.993],[-53.811,48.931],[-53.979,48.897],[-53.883,48.89],[-54.198,48.774],[-54.021,48.815],[-53.991,48.768],[-53.943,48.824],[-53.844,48.839],[-53.8,48.815],[-53.918,48.801],[-53.89,48.76],[-53.841,48.774],[-53.878,48.748],[-54.02,48.746],[-53.945,48.729],[-53.951,48.671],[-53.896,48.65],[-53.931,48.63],[-53.794,48.678],[-53.917,48.673],[-53.835,48.75],[-53.855,48.705],[-53.75,48.712],[-53.704,48.691],[-53.726,48.66],[-53.631,48.699],[-53.604,48.677],[-53.903,48.589],[-53.959,48.547],[-53.711,48.561],[-53.794,48.54],[-53.749,48.52],[-54.164,48.391],[-54.137,48.355],[-53.855,48.475],[-53.814,48.465],[-53.877,48.41],[-53.856,48.368],[-53.657,48.547],[-53.623,48.54],[-53.663,48.514],[-53.615,48.499],[-53.725,48.432],[-53.633,48.451],[-53.582,48.527],[-53.588,48.479],[-53.547,48.492],[-53.615,48.41],[-53.475,48.511],[-53.437,48.616],[-53.342,48.613],[-53.318,48.552],[-53.244,48.526],[-53.077,48.704],[-52.983,48.604],[-52.985,48.555],[-53.028,48.536],[-53.058,48.436],[-53.187,48.355],[-53.355,48.387],[-53.369,48.294],[-53.639,48.169],[-53.845,48.191],[-53.925,48.237],[-53.941,48.177],[-53.905,48.085],[-53.663,48.061],[-53.908,48.021],[-53.776,47.999],[-53.609,48.054],[-53.697,47.897],[-53.787,47.903],[-53.725,47.89],[-53.792,47.775],[-53.868,47.843],[-53.929,47.852],[-53.877,47.828],[-53.829,47.736],[-53.855,47.718],[-53.763,47.626],[-53.666,47.684],[-53.712,47.61],[-53.652,47.577],[-53.67,47.527],[-53.623,47.561],[-53.554,47.539],[-53.561,47.624],[-53.513,47.616],[-53.519,47.671],[-53.48,47.693],[-53.499,47.746],[-53.42,47.861],[-53.355,47.869],[-53.276,48.016],[-53.17,48.061],[-53.061,48.052],[-52.923,48.171],[-52.837,48.105],[-52.914,48.09],[-53.054,47.933],[-53.071,47.854],[-53.207,47.736],[-53.156,47.684],[-53.262,47.614],[-53.204,47.616],[-53.252,47.581],[-53.17,47.609],[-53.26,47.559],[-53.184,47.561],[-53.204,47.471],[-53.149,47.478],[-53.195,47.437],[-53.129,47.417],[-52.876,47.588],[-52.773,47.801],[-52.704,47.756],[-52.718,47.671],[-52.658,47.661],[-52.691,47.554],[-52.617,47.523]]],[[[-55.41,51.882],[-55.383,51.96],[-55.27,52.006],[-55.332,51.898],[-55.41,51.882]]],[[[-57.988,54.804],[-57.844,54.825],[-57.857,54.803],[-58.022,54.756],[-58.157,54.764],[-58.227,54.871],[-57.945,54.927],[-57.988,54.804]]],[[[-60.753,55.918],[-60.688,55.928],[-60.745,55.887],[-60.9,55.877],[-60.818,55.887],[-60.879,55.921],[-60.852,55.962],[-60.742,55.948],[-60.753,55.918]]],[[[-61.01,56.038],[-60.941,56.019],[-61.174,56.032],[-61.232,56.1],[-61.201,56.083],[-61.147,56.092],[-61.188,56.108],[-61.098,56.175],[-61.044,56.161],[-61.054,56.126],[-60.941,56.092],[-61.01,56.038]]],[[[-61.422,56.363],[-61.462,56.345],[-61.414,56.326],[-61.597,56.333],[-61.797,56.421],[-61.462,56.408],[-61.422,56.363]]],[[[-61.21,56.451],[-61.147,56.442],[-61.489,56.47],[-61.499,56.442],[-61.64,56.497],[-61.428,56.483],[-61.633,56.51],[-61.571,56.524],[-61.606,56.558],[-61.462,56.55],[-61.311,56.497],[-61.367,56.476],[-61.167,56.476],[-61.21,56.451]]],[[[-61.222,56.591],[-61.235,56.627],[-61.134,56.661],[-61.155,56.694],[-61.082,56.678],[-61.106,56.627],[-61.057,56.634],[-61.222,56.591]]],[[[-61.634,56.852],[-61.52,56.949],[-61.339,56.935],[-61.407,56.88],[-61.371,56.847],[-61.482,56.843],[-61.585,56.772],[-61.384,56.772],[-61.388,56.623],[-61.647,56.736],[-61.634,56.852]]],[[[-61.613,57.422],[-61.849,57.415],[-61.9,57.449],[-61.679,57.538],[-61.633,57.511],[-61.695,57.497],[-61.647,57.483],[-61.825,57.435],[-61.613,57.422]]],[[[-61.793,57.557],[-61.794,57.507],[-61.929,57.456],[-62.017,57.518],[-61.967,57.589],[-61.935,57.593],[-61.941,57.552],[-61.894,57.593],[-61.793,57.557]]],[[[-61.9,57.764],[-61.785,57.846],[-61.695,57.833],[-61.723,57.785],[-61.654,57.778],[-61.678,57.728],[-61.745,57.713],[-61.83,57.783],[-61.9,57.764]]],[[[-61.96,57.79],[-62.092,57.816],[-62.106,57.839],[-62.011,57.909],[-61.931,57.915],[-61.941,57.874],[-61.872,57.84],[-61.96,57.79]]],[[[-69.114,59.142],[-69.061,59.077],[-69.219,58.963],[-69.364,58.963],[-69.286,59.07],[-69.354,59.141],[-69.114,59.142]]],[[[-64.059,59.785],[-63.963,59.752],[-64.124,59.7],[-64.203,59.745],[-64.127,59.759],[-64.155,59.787],[-64.102,59.863],[-64.045,59.854],[-64.059,59.785]]],[[[-72.949,66.735],[-73.006,66.818],[-72.803,67.043],[-72.351,67.119],[-72.281,67.169],[-72.269,67.244],[-72.193,67.276],[-72.37,67.331],[-72.357,67.365],[-72.434,67.475],[-72.508,67.502],[-72.426,67.543],[-72.482,67.618],[-72.663,67.685],[-72.666,67.722],[-72.597,67.745],[-72.608,67.786],[-72.764,67.88],[-72.838,67.851],[-72.913,67.906],[-72.879,67.934],[-72.944,67.932],[-72.899,68.023],[-72.995,68.236],[-73.052,68.203],[-73.228,68.242],[-73.214,68.278],[-73.303,68.291],[-73.364,68.248],[-73.495,68.277],[-73.3,68.332],[-73.299,68.375],[-73.214,68.379],[-73.279,68.4],[-73.351,68.376],[-73.356,68.335],[-73.465,68.333],[-73.619,68.25],[-73.688,68.277],[-73.584,68.304],[-73.844,68.35],[-73.947,68.413],[-73.861,68.498],[-73.739,68.519],[-73.817,68.571],[-73.722,68.616],[-73.825,68.62],[-73.708,68.66],[-73.797,68.667],[-73.756,68.687],[-74.188,68.729],[-73.885,68.555],[-73.986,68.495],[-74.025,68.507],[-74.003,68.537],[-74.22,68.516],[-74.505,68.6],[-74.538,68.665],[-74.721,68.736],[-74.718,68.774],[-74.579,68.801],[-74.551,68.825],[-74.574,68.842],[-74.687,68.845],[-74.75,68.818],[-74.633,68.804],[-74.825,68.777],[-74.983,68.811],[-74.685,68.88],[-74.703,68.938],[-75.044,68.907],[-74.845,68.94],[-75.044,68.934],[-74.859,68.968],[-75.024,68.955],[-74.941,68.998],[-74.64,69.024],[-74.809,69.083],[-75.052,69.009],[-75.116,68.893],[-75.486,69.022],[-75.57,68.987],[-75.497,68.934],[-75.607,68.886],[-76.326,68.698],[-76.625,68.682],[-76.682,68.729],[-76.673,68.766],[-76.534,68.881],[-76.645,68.917],[-76.638,69.016],[-76.422,69.06],[-75.99,69.011],[-75.812,69.083],[-75.621,69.088],[-75.572,69.157],[-75.596,69.229],[-75.962,69.373],[-76.168,69.414],[-76.391,69.405],[-76.63,69.546],[-76.616,69.592],[-76.47,69.658],[-76.21,69.619],[-76.229,69.638],[-76.182,69.668],[-76.622,69.689],[-76.517,69.668],[-76.703,69.565],[-76.882,69.591],[-76.819,69.633],[-76.984,69.597],[-77.203,69.647],[-77.137,69.686],[-76.901,69.715],[-76.942,69.682],[-76.873,69.687],[-76.795,69.722],[-76.785,69.75],[-76.901,69.777],[-76.757,69.819],[-76.777,69.836],[-77.313,69.842],[-76.976,69.942],[-77.634,69.825],[-77.519,69.832],[-77.442,69.791],[-77.518,69.798],[-77.614,69.743],[-77.683,69.825],[-77.67,70.09],[-77.704,70.201],[-77.892,70.264],[-78.056,70.222],[-78.197,70.257],[-78.134,70.225],[-78.152,70.202],[-78.408,70.216],[-78.539,70.312],[-78.388,70.339],[-78.536,70.357],[-78.582,70.314],[-78.663,70.353],[-78.635,70.38],[-78.7,70.383],[-78.745,70.456],[-78.892,70.48],[-78.909,70.449],[-78.868,70.415],[-78.897,70.417],[-79.101,70.503],[-79.039,70.518],[-79.08,70.538],[-78.882,70.552],[-78.998,70.565],[-78.882,70.601],[-78.782,70.556],[-78.717,70.552],[-78.84,70.636],[-78.959,70.631],[-79.016,70.682],[-79.155,70.632],[-79.003,70.619],[-79.176,70.518],[-79.143,70.511],[-79.149,70.456],[-79.213,70.421],[-79.347,70.449],[-79.293,70.455],[-79.231,70.559],[-79.313,70.545],[-79.279,70.524],[-79.317,70.483],[-79.424,70.492],[-79.406,70.44],[-79.504,70.461],[-79.591,70.411],[-79.45,70.353],[-79.331,70.368],[-79.128,70.309],[-79.046,70.343],[-78.925,70.302],[-78.756,70.182],[-78.737,70.078],[-78.665,70.014],[-78.7,69.931],[-78.8,69.88],[-79.432,69.884],[-79.681,69.849],[-79.906,69.983],[-80.012,69.946],[-80.068,70.004],[-80.367,69.994],[-80.55,70.048],[-81.009,70.063],[-81.072,70.099],[-81.762,70.123],[-81.445,70.005],[-81.338,70.037],[-81.193,70.001],[-81.125,69.929],[-80.77,69.782],[-80.951,69.715],[-81.176,69.829],[-81.579,69.933],[-81.568,69.97],[-81.753,69.973],[-82.118,70.117],[-83.048,70.312],[-82.815,70.208],[-82.246,70.113],[-81.712,69.935],[-81.767,69.907],[-81.739,69.88],[-81.965,69.845],[-82.025,69.874],[-82.144,69.825],[-82.138,69.786],[-82.329,69.825],[-82.205,69.832],[-82.441,69.844],[-83.052,70.01],[-83.267,70.017],[-83.673,69.946],[-84.695,70.007],[-84.834,70.036],[-84.871,70.079],[-84.79,70.1],[-84.812,70.119],[-84.952,70.067],[-85.369,70.109],[-85.875,70.072],[-85.609,70.078],[-85.235,69.996],[-85.783,69.995],[-86.27,70.113],[-86.55,70.236],[-86.554,70.342],[-86.591,70.367],[-86.495,70.43],[-86.297,70.477],[-86.371,70.527],[-86.338,70.49],[-86.664,70.38],[-86.639,70.325],[-86.883,70.336],[-86.899,70.359],[-86.742,70.387],[-86.902,70.385],[-86.94,70.408],[-86.872,70.408],[-86.995,70.435],[-86.92,70.456],[-86.975,70.473],[-87.249,70.394],[-87.01,70.374],[-86.974,70.29],[-87.78,70.332],[-87.612,70.284],[-87.853,70.238],[-88.263,70.332],[-88.195,70.353],[-87.972,70.301],[-87.879,70.318],[-87.904,70.329],[-88.405,70.451],[-88.694,70.465],[-88.907,70.545],[-89.01,70.661],[-89.298,70.777],[-89.449,70.908],[-89.188,70.963],[-89.558,71.093],[-89.228,71.077],[-89.126,71.032],[-88.642,71.055],[-88.411,71.027],[-88.325,70.958],[-87.893,70.935],[-87.359,70.949],[-87.282,71.009],[-87.002,70.997],[-87.749,71.141],[-87.85,71.194],[-87.818,71.257],[-87.864,71.275],[-88.081,71.21],[-89.853,71.339],[-90.004,71.456],[-90.01,71.518],[-89.959,71.535],[-90.045,71.597],[-89.798,71.765],[-90.119,71.929],[-89.997,71.99],[-89.993,72.072],[-89.673,72.113],[-89.578,72.162],[-89.901,72.19],[-89.963,72.257],[-89.933,72.27],[-89.951,72.334],[-89.833,72.403],[-89.913,72.426],[-89.788,72.424],[-89.888,72.449],[-89.791,72.475],[-89.784,72.573],[-89.735,72.621],[-89.587,72.617],[-89.565,72.662],[-89.468,72.669],[-89.567,72.7],[-89.578,72.792],[-89.277,72.758],[-89.25,72.792],[-89.414,72.831],[-89.298,72.921],[-89.361,72.98],[-89.215,73.013],[-89.312,73.052],[-89.218,73.132],[-89.126,73.148],[-89.181,73.156],[-89.148,73.186],[-88.887,73.217],[-89.051,73.252],[-88.863,73.306],[-88.619,73.286],[-88.859,73.334],[-88.687,73.423],[-87.764,73.717],[-87.134,73.803],[-86.558,73.855],[-85.106,73.812],[-84.837,73.745],[-84.952,73.668],[-85.577,73.512],[-86.03,73.302],[-86.292,73.116],[-86.332,73.044],[-86.673,72.847],[-86.738,72.731],[-86.68,72.646],[-86.326,72.504],[-86.242,72.423],[-86.432,72.277],[-86.46,72.203],[-86.408,72.006],[-86.334,71.987],[-86.111,71.784],[-85.497,71.514],[-84.948,71.423],[-84.919,71.391],[-84.944,71.344],[-84.887,71.344],[-84.838,71.287],[-85.193,71.299],[-85.276,71.285],[-85.172,71.27],[-85.472,71.23],[-85.395,71.226],[-85.406,71.197],[-85.945,71.181],[-86.308,71.056],[-86.824,70.991],[-86.285,71.006],[-85.769,71.149],[-85.484,71.175],[-85.182,71.141],[-85.09,71.154],[-85.125,71.182],[-85.014,71.162],[-84.988,71.168],[-85.043,71.189],[-84.973,71.196],[-84.857,71.16],[-84.878,71.072],[-84.982,71.108],[-85.145,71.086],[-84.96,71.079],[-85.008,71.052],[-84.931,71.001],[-84.968,70.924],[-84.799,70.928],[-84.753,70.976],[-84.829,71.086],[-84.797,71.185],[-84.665,71.223],[-84.799,71.288],[-84.741,71.38],[-84.761,71.408],[-84.528,71.473],[-84.563,71.555],[-84.645,71.584],[-84.622,71.666],[-84.871,71.675],[-84.844,71.655],[-84.892,71.633],[-85.258,71.668],[-85.583,71.792],[-85.438,71.815],[-85.556,71.902],[-86.021,71.984],[-86.051,72.015],[-85.96,71.984],[-85.987,72.031],[-85.721,72.011],[-85.782,72.039],[-85.498,72.08],[-85.542,72.128],[-85.399,72.134],[-85.508,72.175],[-85.501,72.214],[-85.542,72.237],[-85.419,72.217],[-85.501,72.251],[-85.476,72.266],[-84.862,72.22],[-84.271,72.025],[-84.207,71.939],[-84.172,71.951],[-84.192,72.011],[-84.165,72.025],[-84.412,72.121],[-84.377,72.134],[-84.59,72.162],[-84.747,72.231],[-84.69,72.244],[-84.939,72.292],[-84.814,72.358],[-84.569,72.354],[-84.432,72.382],[-84.873,72.374],[-84.78,72.462],[-85.132,72.354],[-85.118,72.388],[-85.515,72.463],[-85.618,72.545],[-85.474,72.58],[-85.633,72.593],[-85.706,72.638],[-85.714,72.738],[-85.652,72.871],[-85.682,72.894],[-85.571,72.972],[-85.318,72.963],[-83.953,72.758],[-85.09,72.985],[-85.063,72.991],[-85.118,73.033],[-85.536,73.026],[-85.464,73.112],[-85.393,73.14],[-85.125,73.052],[-85.227,73.131],[-85.175,73.149],[-84.459,73.062],[-83.861,73.037],[-83.638,72.985],[-83.795,73.047],[-84.569,73.115],[-85.193,73.231],[-85.113,73.322],[-84.797,73.391],[-84.631,73.3],[-84.343,73.231],[-84.573,73.322],[-84.658,73.395],[-84.182,73.478],[-83.781,73.436],[-83.679,73.322],[-83.605,73.301],[-83.665,73.456],[-84.008,73.505],[-83.357,73.643],[-83.057,73.649],[-82.831,73.737],[-81.528,73.716],[-81.229,73.54],[-81.182,73.37],[-81.218,73.293],[-81.188,73.265],[-80.62,73.16],[-80.55,73.095],[-80.657,72.977],[-80.64,72.928],[-80.506,72.84],[-80.321,72.806],[-80.245,72.738],[-80.558,72.628],[-80.526,72.58],[-80.951,72.457],[-81.178,72.341],[-81.205,72.292],[-81.383,72.244],[-81.242,72.261],[-80.889,72.436],[-80.556,72.516],[-80.506,72.498],[-80.512,72.382],[-80.752,72.309],[-80.832,72.261],[-80.835,72.21],[-80.972,72.203],[-80.567,72.082],[-81.026,72.093],[-80.992,72.073],[-81.088,72.053],[-80.841,72.054],[-80.8,72.018],[-80.845,71.939],[-80.985,71.888],[-80.764,71.937],[-80.759,71.984],[-80.397,72.05],[-80.354,72.075],[-80.365,72.111],[-80.483,72.181],[-80.238,72.21],[-80.307,72.257],[-80.245,72.3],[-80.005,72.183],[-79.676,72.128],[-79.93,72.196],[-80.17,72.326],[-80.049,72.398],[-79.875,72.429],[-79.868,72.491],[-79.819,72.506],[-79.691,72.47],[-79.773,72.416],[-79.594,72.341],[-79.768,72.222],[-79.546,72.275],[-79.45,72.196],[-79.546,72.292],[-79.332,72.402],[-78.957,72.283],[-78.984,72.231],[-78.943,72.196],[-79.039,72.073],[-79.231,71.976],[-78.504,71.874],[-78.602,71.943],[-78.914,72.014],[-78.862,72.106],[-78.88,72.159],[-78.83,72.173],[-78.504,72.1],[-78.385,71.94],[-78.209,71.824],[-77.909,71.771],[-78.171,71.85],[-78.308,71.95],[-78.154,71.972],[-77.977,71.847],[-77.748,71.752],[-77.696,71.812],[-77.889,71.844],[-78.125,71.977],[-78.295,71.977],[-78.429,72.12],[-78.875,72.231],[-78.751,72.285],[-78.805,72.338],[-78.604,72.358],[-78.512,72.326],[-78.532,72.251],[-78.428,72.179],[-78.392,72.186],[-78.477,72.244],[-78.471,72.319],[-78.409,72.329],[-77.691,72.217],[-77.621,72.138],[-77.661,72.1],[-77.6,72.125],[-77.621,72.175],[-77.59,72.183],[-77.298,72.19],[-76.997,72.134],[-77.272,72.196],[-77.548,72.199],[-78.227,72.338],[-78.555,72.445],[-78.559,72.511],[-78.427,72.594],[-77.601,72.756],[-76.784,72.729],[-76.675,72.689],[-76.652,72.639],[-76.17,72.591],[-76.168,72.539],[-76.103,72.48],[-76.037,72.491],[-76.07,72.555],[-75.94,72.592],[-75.198,72.498],[-75.153,72.416],[-74.942,72.257],[-75.246,72.128],[-75.639,72.145],[-76.029,72.089],[-76.415,71.861],[-76.358,71.856],[-76.005,72.059],[-75.658,72.124],[-75.222,72.069],[-75.585,72.004],[-75.692,71.843],[-75.805,71.758],[-76.1,71.696],[-75.866,71.708],[-75.671,71.817],[-75.551,71.984],[-75.196,72.024],[-75.063,72.128],[-74.242,72.08],[-74.118,71.967],[-74.209,71.916],[-74.173,71.865],[-74.215,71.837],[-74.414,71.806],[-74.551,71.832],[-74.578,71.826],[-74.551,71.799],[-74.71,71.739],[-74.905,71.712],[-75.352,71.7],[-75.394,71.675],[-75.085,71.703],[-74.94,71.662],[-75.414,71.525],[-74.899,71.626],[-74.716,71.702],[-74.649,71.679],[-74.635,71.655],[-74.732,71.583],[-75.02,71.543],[-75.153,71.47],[-75.026,71.521],[-74.844,71.523],[-74.825,71.49],[-74.928,71.456],[-74.745,71.441],[-74.705,71.395],[-75.099,71.195],[-75.046,71.187],[-74.631,71.39],[-74.743,71.514],[-74.619,71.558],[-74.523,71.663],[-74.282,71.735],[-74.108,71.738],[-74.121,71.688],[-74.249,71.609],[-74.236,71.566],[-74.146,71.539],[-74.217,71.621],[-74.114,71.653],[-73.996,71.754],[-73.722,71.778],[-73.68,71.723],[-73.621,71.773],[-73.596,71.764],[-73.625,71.719],[-73.975,71.545],[-74.016,71.49],[-73.996,71.462],[-74.102,71.466],[-74.318,71.415],[-74.03,71.442],[-74.072,71.337],[-74.181,71.313],[-74.097,71.283],[-74.242,71.203],[-74.003,71.326],[-74.009,71.371],[-73.9,71.456],[-73.866,71.535],[-73.688,71.593],[-73.564,71.558],[-73.653,71.442],[-73.586,71.396],[-73.639,71.361],[-73.526,71.38],[-73.461,71.442],[-73.379,71.387],[-73.494,71.372],[-73.662,71.267],[-73.748,71.09],[-73.9,71.059],[-73.694,71.086],[-73.622,71.233],[-73.439,71.314],[-73.441,71.347],[-73.05,71.27],[-73.276,71.223],[-73.242,71.154],[-73.29,71.1],[-73.455,71.032],[-73.379,70.983],[-73.4,71.045],[-73.287,71.072],[-73.17,71.171],[-73.169,71.227],[-72.995,71.254],[-72.96,71.336],[-72.995,71.408],[-72.755,71.436],[-72.838,71.511],[-72.639,71.545],[-72.549,71.665],[-71.544,71.505],[-71.117,71.27],[-71.471,71.066],[-71.861,71.113],[-72.045,71.085],[-72.356,70.879],[-72.776,70.818],[-72.303,70.873],[-72.165,70.84],[-72.337,70.758],[-72.316,70.73],[-72.365,70.689],[-72.625,70.634],[-72.571,70.613],[-72.328,70.675],[-72.211,70.765],[-71.591,70.873],[-71.174,70.857],[-71.289,70.908],[-71.202,71.007],[-70.862,71.109],[-70.621,71.069],[-70.521,70.914],[-70.713,70.84],[-70.749,70.755],[-70.806,70.724],[-71.067,70.676],[-71.212,70.582],[-71.576,70.613],[-71.593,70.548],[-71.727,70.497],[-71.748,70.449],[-71.967,70.421],[-71.73,70.425],[-71.745,70.357],[-71.851,70.298],[-71.824,70.294],[-71.672,70.373],[-71.659,70.47],[-71.508,70.546],[-71.515,70.579],[-71.169,70.535],[-71.275,70.343],[-71.323,70.318],[-71.275,70.27],[-71.542,70.024],[-71.248,70.222],[-71.21,70.271],[-71.228,70.305],[-71.07,70.518],[-70.987,70.531],[-71.056,70.552],[-70.985,70.634],[-69.915,70.88],[-69.774,70.856],[-69.957,70.735],[-70.206,70.657],[-70.449,70.635],[-70.48,70.613],[-70.401,70.528],[-70.494,70.483],[-70.31,70.503],[-70.394,70.615],[-70.053,70.635],[-70.041,70.597],[-69.98,70.654],[-69.774,70.689],[-69.809,70.703],[-69.782,70.719],[-69.682,70.685],[-69.616,70.764],[-69.473,70.791],[-69.203,70.779],[-69.098,70.723],[-68.362,70.584],[-68.281,70.518],[-68.459,70.373],[-68.566,70.394],[-68.552,70.461],[-68.591,70.467],[-68.673,70.423],[-68.653,70.362],[-68.72,70.322],[-69.47,70.248],[-69.808,70.167],[-69.901,70.093],[-70.089,70.068],[-70.18,70.02],[-69.951,70.059],[-69.856,70.033],[-69.832,69.983],[-70.144,69.97],[-70.473,69.845],[-70.336,69.853],[-70.053,69.964],[-69.758,69.973],[-69.74,70.003],[-69.802,70.068],[-69.683,70.14],[-69.014,70.189],[-69.13,70.216],[-69.1,70.22],[-68.707,70.209],[-68.644,70.147],[-68.76,70.106],[-68.732,70.079],[-68.791,70.041],[-69.122,69.975],[-69.408,69.829],[-69.788,69.832],[-69.991,69.677],[-69.982,69.618],[-69.747,69.804],[-69.391,69.784],[-69.103,69.92],[-68.928,69.955],[-68.649,69.943],[-68.671,69.983],[-68.534,70.037],[-68.565,70.053],[-68.337,70.069],[-68.191,70.127],[-68.325,70.142],[-68.294,70.168],[-68.349,70.189],[-68.294,70.189],[-68.323,70.223],[-68.157,70.318],[-67.809,70.264],[-67.225,69.948],[-67.115,69.729],[-68.013,69.776],[-68.349,69.633],[-68.726,69.647],[-69.261,69.535],[-69.706,69.572],[-70.022,69.537],[-69.886,69.507],[-69.658,69.551],[-69.291,69.509],[-68.587,69.591],[-68.005,69.462],[-67.228,69.464],[-66.788,69.34],[-66.649,69.222],[-66.742,69.137],[-66.978,69.177],[-67.159,69.185],[-67.212,69.148],[-67.356,69.193],[-67.678,69.177],[-68.198,69.311],[-69.014,69.359],[-69.261,69.277],[-68.952,69.339],[-68.218,69.284],[-68.083,69.22],[-68.964,69.223],[-68.507,69.201],[-68.705,69.14],[-69.07,69.114],[-69.096,69.092],[-68.925,69.106],[-69.018,68.968],[-68.933,68.996],[-68.864,69.092],[-68.373,69.18],[-67.704,69.024],[-68.001,68.972],[-68.24,69.006],[-68.551,68.984],[-68.04,68.948],[-68.089,68.907],[-67.973,68.866],[-67.999,68.856],[-68.493,68.899],[-67.773,68.784],[-68.583,68.85],[-68.609,68.839],[-68.493,68.797],[-68.62,68.786],[-69.302,68.883],[-69.398,68.858],[-69.151,68.831],[-69.383,68.818],[-68.96,68.797],[-69.0,68.756],[-68.973,68.742],[-68.547,68.753],[-68.048,68.687],[-68.171,68.674],[-68.075,68.646],[-68.106,68.63],[-68.644,68.665],[-68.904,68.605],[-68.797,68.593],[-68.63,68.639],[-68.477,68.606],[-68.76,68.571],[-68.459,68.564],[-68.379,68.601],[-68.003,68.529],[-67.933,68.56],[-67.908,68.456],[-67.958,68.4],[-67.896,68.434],[-67.859,68.55],[-67.664,68.565],[-67.492,68.53],[-67.63,68.493],[-67.606,68.384],[-67.551,68.428],[-67.575,68.489],[-67.549,68.492],[-67.329,68.501],[-67.273,68.454],[-67.242,68.491],[-67.191,68.434],[-67.341,68.413],[-67.125,68.413],[-67.094,68.454],[-67.129,68.482],[-66.989,68.444],[-66.664,68.441],[-66.894,68.422],[-67.022,68.362],[-67.403,68.397],[-67.794,68.338],[-67.876,68.283],[-67.851,68.262],[-67.749,68.318],[-67.527,68.345],[-67.575,68.277],[-67.682,68.242],[-67.561,68.256],[-67.536,68.308],[-67.404,68.355],[-67.335,68.324],[-67.22,68.361],[-67.033,68.327],[-67.239,68.297],[-67.385,68.154],[-67.602,68.167],[-67.38,68.129],[-67.275,68.195],[-67.294,68.242],[-67.065,68.296],[-66.788,68.249],[-66.779,68.214],[-66.845,68.162],[-66.827,68.132],[-66.971,68.037],[-66.932,68.02],[-66.907,68.065],[-66.693,68.145],[-66.677,68.05],[-66.739,67.989],[-66.668,68.008],[-66.581,68.148],[-66.314,68.129],[-66.334,68.096],[-66.478,68.078],[-66.248,68.085],[-66.183,68.016],[-66.328,67.975],[-66.414,67.869],[-66.746,67.879],[-66.423,67.836],[-66.389,67.781],[-66.279,67.961],[-65.956,68.042],[-65.963,68.146],[-65.928,68.165],[-65.867,68.111],[-65.903,68.085],[-65.855,68.081],[-66.032,67.961],[-65.944,67.9],[-66.032,67.728],[-66.012,67.637],[-65.95,67.727],[-65.959,67.817],[-65.771,67.898],[-65.81,67.975],[-65.452,67.999],[-65.529,67.839],[-65.614,67.789],[-65.442,67.71],[-65.361,67.598],[-65.325,67.609],[-65.38,67.719],[-65.55,67.793],[-65.419,67.914],[-65.182,67.967],[-65.15,67.989],[-65.168,68.031],[-65.025,68.057],[-64.75,68.001],[-64.72,67.985],[-65.067,67.934],[-64.943,67.914],[-65.046,67.852],[-65.109,67.867],[-65.149,67.796],[-65.04,67.831],[-65.012,67.793],[-65.164,67.736],[-65.195,67.644],[-65.114,67.722],[-64.913,67.794],[-64.816,67.783],[-64.824,67.714],[-64.861,67.7],[-64.826,67.694],[-64.773,67.711],[-64.759,67.824],[-64.503,67.807],[-64.457,67.762],[-64.368,67.759],[-64.399,67.715],[-64.641,67.667],[-64.375,67.7],[-64.312,67.735],[-64.207,67.654],[-64.285,67.625],[-64.076,67.618],[-64.103,67.551],[-64.042,67.537],[-64.248,67.469],[-64.443,67.481],[-64.327,67.454],[-63.997,67.454],[-63.942,67.361],[-64.005,67.331],[-63.908,67.307],[-64.8,67.351],[-64.231,67.296],[-64.82,67.207],[-64.773,67.198],[-63.963,67.276],[-64.021,67.213],[-64.609,67.14],[-64.697,67.084],[-64.7,67.009],[-64.645,67.012],[-64.597,67.094],[-64.497,67.139],[-63.962,67.188],[-63.888,67.242],[-63.449,67.228],[-63.456,67.177],[-63.539,67.111],[-63.768,67.026],[-63.8,66.993],[-63.771,66.96],[-63.737,67.029],[-63.439,67.121],[-63.398,67.156],[-63.412,67.218],[-63.296,67.306],[-63.203,67.299],[-63.291,67.248],[-63.221,67.257],[-63.168,67.296],[-63.209,67.317],[-63.164,67.338],[-63.002,67.288],[-62.977,67.222],[-63.281,67.111],[-63.223,67.017],[-63.237,66.974],[-63.551,66.907],[-63.555,66.856],[-63.615,66.83],[-63.82,66.817],[-63.528,66.818],[-63.477,66.846],[-63.487,66.905],[-63.442,66.911],[-63.415,66.804],[-63.456,66.707],[-63.428,66.708],[-63.336,66.806],[-63.349,66.891],[-62.865,66.969],[-62.823,66.801],[-62.902,66.638],[-62.75,66.788],[-62.776,66.851],[-62.747,66.943],[-62.555,66.938],[-62.497,66.845],[-62.311,66.728],[-62.299,66.777],[-62.427,66.85],[-62.425,66.928],[-62.284,66.946],[-62.271,67.047],[-62.09,67.06],[-62.004,67.037],[-62.106,66.919],[-62.017,66.913],[-61.906,66.976],[-61.839,66.974],[-61.846,66.937],[-61.754,66.951],[-61.747,66.916],[-61.797,66.894],[-61.931,66.905],[-62.008,66.88],[-61.606,66.872],[-61.73,66.831],[-61.506,66.805],[-61.268,66.632],[-61.438,66.547],[-61.599,66.556],[-61.734,66.647],[-61.999,66.699],[-62.05,66.649],[-62.188,66.632],[-61.822,66.629],[-61.582,66.478],[-61.99,66.412],[-61.565,66.419],[-61.462,66.371],[-61.565,66.344],[-61.754,66.342],[-61.935,66.289],[-62.082,66.33],[-62.195,66.317],[-62.252,66.407],[-62.627,66.44],[-62.606,66.408],[-62.716,66.412],[-62.615,66.387],[-62.499,66.408],[-62.319,66.303],[-62.664,66.22],[-62.764,66.255],[-62.814,66.328],[-62.894,66.337],[-62.699,66.198],[-62.539,66.227],[-62.326,66.161],[-62.106,66.145],[-62.17,66.121],[-62.01,66.076],[-62.113,66.056],[-61.954,66.02],[-62.319,65.981],[-62.411,66.023],[-62.785,66.038],[-62.924,66.151],[-63.066,66.124],[-62.928,66.124],[-62.823,66.022],[-62.429,65.979],[-62.387,65.933],[-62.456,65.926],[-62.36,65.912],[-62.37,65.868],[-62.291,65.823],[-62.645,65.811],[-62.871,65.908],[-62.826,65.843],[-62.572,65.763],[-62.602,65.723],[-62.846,65.769],[-62.598,65.675],[-62.657,65.589],[-62.675,65.639],[-62.731,65.593],[-62.82,65.61],[-62.932,65.761],[-62.963,65.755],[-62.915,65.724],[-62.897,65.641],[-62.96,65.59],[-63.014,65.635],[-63.196,65.634],[-63.51,65.937],[-63.532,65.878],[-63.367,65.734],[-63.388,65.713],[-63.347,65.673],[-63.721,65.679],[-63.367,65.633],[-63.319,65.597],[-63.367,65.538],[-63.48,65.529],[-63.607,65.597],[-63.573,65.549],[-63.62,65.549],[-63.53,65.486],[-63.291,65.432],[-63.655,65.467],[-63.388,65.398],[-63.524,65.385],[-63.34,65.303],[-63.442,65.296],[-63.341,65.257],[-63.456,65.241],[-63.313,65.21],[-63.518,65.193],[-63.34,65.145],[-63.436,65.104],[-63.367,65.069],[-63.463,65.062],[-63.388,65.042],[-63.47,65.035],[-63.456,65.008],[-63.532,64.973],[-63.504,64.96],[-63.535,64.899],[-63.655,64.918],[-63.613,65.003],[-63.756,64.966],[-63.826,64.987],[-63.826,65.015],[-63.655,65.042],[-63.871,65.045],[-63.88,65.104],[-63.809,65.186],[-63.969,65.101],[-64.073,65.12],[-64.11,65.052],[-64.196,65.11],[-64.278,65.104],[-64.079,65.2],[-64.227,65.2],[-64.328,65.151],[-64.374,65.179],[-64.395,65.247],[-64.338,65.295],[-64.409,65.288],[-64.237,65.432],[-64.446,65.32],[-64.478,65.282],[-64.462,65.206],[-64.557,65.093],[-64.573,65.126],[-64.641,65.124],[-64.617,65.192],[-64.731,65.159],[-64.682,65.206],[-64.716,65.227],[-64.649,65.254],[-64.737,65.276],[-64.832,65.243],[-64.909,65.303],[-64.682,65.343],[-64.915,65.343],[-64.608,65.431],[-64.458,65.421],[-64.409,65.481],[-64.507,65.441],[-64.642,65.471],[-65.01,65.369],[-65.132,65.425],[-65.17,65.487],[-64.929,65.529],[-64.853,65.587],[-64.792,65.583],[-64.83,65.638],[-64.71,65.659],[-64.853,65.661],[-64.991,65.548],[-65.181,65.546],[-65.222,65.566],[-65.196,65.603],[-65.313,65.556],[-65.341,65.583],[-65.301,65.63],[-65.118,65.638],[-65.09,65.679],[-64.792,65.728],[-65.067,65.713],[-65.184,65.657],[-65.454,65.679],[-65.385,65.788],[-65.505,65.755],[-65.336,65.921],[-64.938,66.007],[-64.738,65.974],[-64.854,66.036],[-64.717,66.225],[-64.354,66.35],[-64.71,66.283],[-64.833,66.199],[-64.85,66.12],[-64.964,66.076],[-65.289,66.042],[-65.393,65.982],[-65.899,65.954],[-65.96,66.053],[-65.639,66.173],[-65.471,66.317],[-65.539,66.324],[-65.47,66.353],[-65.477,66.392],[-65.682,66.191],[-66.012,66.117],[-66.148,66.141],[-66.257,66.224],[-66.15,66.289],[-66.281,66.242],[-66.422,66.281],[-66.389,66.207],[-66.521,66.219],[-66.547,66.283],[-66.478,66.279],[-66.516,66.32],[-66.472,66.35],[-66.574,66.371],[-66.443,66.414],[-66.615,66.371],[-66.766,66.385],[-66.677,66.46],[-66.785,66.442],[-66.821,66.467],[-66.805,66.526],[-66.862,66.543],[-66.725,66.591],[-67.06,66.646],[-66.883,66.57],[-67.163,66.528],[-67.081,66.512],[-67.129,66.487],[-67.33,66.593],[-67.449,66.574],[-67.528,66.624],[-67.556,66.622],[-67.539,66.57],[-67.632,66.598],[-67.746,66.57],[-67.286,66.526],[-67.143,66.44],[-67.156,66.368],[-67.41,66.433],[-67.188,66.352],[-67.146,66.303],[-67.399,66.296],[-67.629,66.446],[-67.8,66.459],[-67.859,66.522],[-67.993,66.509],[-67.763,66.366],[-67.704,66.293],[-67.753,66.255],[-67.163,66.042],[-67.314,66.001],[-67.187,65.916],[-67.41,65.947],[-67.473,65.894],[-67.616,65.906],[-67.746,65.966],[-67.704,65.898],[-67.923,65.903],[-68.033,66.001],[-68.026,66.066],[-67.973,66.083],[-68.216,66.146],[-68.274,66.227],[-68.399,66.187],[-68.514,66.303],[-68.472,66.237],[-68.497,66.213],[-68.85,66.193],[-68.712,66.173],[-68.583,66.174],[-68.544,66.195],[-68.485,66.193],[-68.261,66.081],[-68.219,66.076],[-68.26,66.111],[-68.2,66.128],[-68.027,66.076],[-68.083,65.981],[-68.124,66.027],[-68.212,66.008],[-68.116,65.967],[-68.348,66.04],[-68.191,65.953],[-68.315,65.961],[-68.312,65.913],[-68.147,65.933],[-68.191,65.864],[-68.082,65.833],[-68.205,65.796],[-68.008,65.781],[-67.814,65.816],[-67.845,65.763],[-67.958,65.741],[-67.974,65.71],[-67.889,65.706],[-67.869,65.645],[-67.992,65.634],[-67.917,65.604],[-68.061,65.569],[-67.951,65.563],[-68.033,65.487],[-67.736,65.638],[-67.486,65.646],[-67.436,65.681],[-67.273,65.645],[-67.254,65.608],[-67.341,65.577],[-67.259,65.535],[-67.378,65.544],[-67.417,65.529],[-67.328,65.508],[-67.459,65.501],[-67.336,65.451],[-67.084,65.468],[-67.06,65.453],[-67.115,65.44],[-67.06,65.424],[-67.116,65.371],[-67.417,65.351],[-67.122,65.316],[-67.169,65.269],[-67.081,65.247],[-67.17,65.227],[-67.112,65.203],[-66.994,65.201],[-66.937,65.241],[-66.962,65.11],[-67.053,65.11],[-67.109,65.062],[-66.906,65.071],[-66.837,65.146],[-66.725,65.186],[-66.759,65.116],[-66.827,65.09],[-66.793,65.09],[-66.811,65.063],[-66.917,65.049],[-66.851,65.036],[-66.759,65.069],[-66.786,65.035],[-66.743,64.968],[-66.834,64.946],[-66.725,64.918],[-66.766,64.871],[-66.705,64.769],[-66.636,64.781],[-66.691,64.826],[-66.649,64.97],[-66.682,65.044],[-66.539,65.013],[-66.537,64.958],[-66.483,64.986],[-66.479,64.936],[-66.347,64.945],[-66.307,64.871],[-66.244,64.906],[-66.15,64.871],[-66.19,64.781],[-66.342,64.774],[-66.211,64.761],[-66.218,64.692],[-66.171,64.683],[-66.101,64.807],[-66.019,64.858],[-66.041,64.719],[-65.999,64.713],[-66.013,64.754],[-65.957,64.768],[-65.908,64.679],[-65.807,64.637],[-65.896,64.732],[-65.854,64.761],[-65.937,64.809],[-65.889,64.83],[-65.952,64.885],[-65.824,64.883],[-65.781,64.862],[-65.776,64.804],[-65.717,64.844],[-65.669,64.812],[-65.738,64.748],[-65.71,64.692],[-65.703,64.755],[-65.647,64.773],[-65.56,64.713],[-65.586,64.649],[-65.752,64.59],[-65.707,64.49],[-65.493,64.476],[-65.341,64.528],[-65.408,64.445],[-65.334,64.487],[-65.274,64.472],[-65.265,64.521],[-65.211,64.541],[-65.238,64.487],[-65.114,64.515],[-65.176,64.48],[-65.09,64.486],[-65.073,64.449],[-65.265,64.384],[-65.178,64.347],[-65.227,64.301],[-65.526,64.329],[-65.656,64.301],[-65.435,64.305],[-65.416,64.288],[-65.464,64.295],[-65.437,64.274],[-65.567,64.254],[-65.344,64.253],[-65.361,64.227],[-65.245,64.199],[-65.395,64.151],[-65.252,64.179],[-65.114,64.11],[-65.196,64.076],[-65.053,64.069],[-65.224,64.042],[-65.193,64.022],[-64.923,64.014],[-64.964,63.973],[-64.666,64.033],[-64.647,63.975],[-64.895,63.897],[-64.991,63.828],[-64.93,63.778],[-64.764,63.749],[-64.707,63.762],[-64.522,63.669],[-64.526,63.614],[-64.587,63.602],[-64.538,63.57],[-64.553,63.473],[-64.508,63.422],[-64.635,63.418],[-64.522,63.377],[-64.511,63.314],[-64.628,63.321],[-64.484,63.288],[-64.537,63.255],[-64.642,63.239],[-64.717,63.281],[-64.943,63.633],[-65.21,63.781],[-65.149,63.774],[-65.173,63.793],[-65.302,63.813],[-64.987,63.603],[-65.099,63.55],[-65.06,63.452],[-65.149,63.431],[-65.047,63.439],[-65.121,63.404],[-64.946,63.36],[-64.902,63.239],[-65.061,63.317],[-65.005,63.275],[-65.028,63.25],[-65.149,63.288],[-65.097,63.239],[-64.978,63.228],[-64.991,63.2],[-65.075,63.22],[-65.06,63.178],[-64.861,63.171],[-64.902,63.154],[-64.751,63.102],[-64.868,63.096],[-64.765,63.055],[-64.813,63.051],[-64.772,62.986],[-64.847,62.973],[-64.718,62.921],[-64.694,62.957],[-64.628,62.911],[-64.887,62.869],[-65.087,62.947],[-65.129,63.0],[-65.121,62.925],[-65.272,63.007],[-65.285,62.984],[-65.183,62.921],[-65.19,62.877],[-64.929,62.644],[-65.17,62.568],[-65.3,62.678],[-65.265,62.698],[-65.355,62.685],[-65.245,62.78],[-65.375,62.787],[-65.356,62.825],[-65.252,62.835],[-65.341,62.856],[-65.327,62.918],[-65.399,62.829],[-65.604,62.825],[-65.666,62.912],[-65.752,62.925],[-65.684,63.0],[-65.712,63.051],[-65.752,63.033],[-65.742,62.976],[-65.827,62.928],[-65.788,62.873],[-65.963,62.937],[-65.834,63.033],[-65.944,62.979],[-66.029,62.986],[-66.072,63.022],[-66.052,63.05],[-66.118,63.035],[-66.165,63.095],[-66.283,63.137],[-66.206,63.04],[-66.104,62.997],[-66.104,62.952],[-66.397,63.0],[-66.519,63.077],[-66.491,63.089],[-66.574,63.165],[-66.564,63.216],[-66.688,63.281],[-66.644,63.375],[-66.739,63.294],[-66.601,63.212],[-66.623,63.164],[-66.56,63.082],[-66.684,63.102],[-66.55,62.996],[-66.769,63.091],[-66.807,63.275],[-66.846,63.252],[-66.805,63.188],[-66.834,63.151],[-67.02,63.239],[-66.951,63.291],[-67.005,63.32],[-66.974,63.396],[-67.013,63.403],[-67.038,63.343],[-67.012,63.288],[-67.184,63.321],[-67.154,63.285],[-67.201,63.288],[-67.357,63.388],[-67.401,63.466],[-67.419,63.414],[-67.501,63.443],[-67.533,63.521],[-67.69,63.633],[-67.67,63.658],[-67.786,63.645],[-67.808,63.699],[-67.924,63.768],[-67.685,63.433],[-67.698,63.37],[-67.827,63.408],[-68.137,63.61],[-68.143,63.582],[-68.23,63.597],[-68.289,63.699],[-68.315,63.692],[-68.287,63.637],[-68.529,63.746],[-68.749,63.78],[-68.715,63.736],[-68.993,63.761],[-68.815,63.637],[-68.863,63.61],[-68.552,63.449],[-68.444,63.445],[-68.5,63.431],[-68.214,63.242],[-68.23,63.199],[-67.917,63.143],[-67.986,63.076],[-67.896,63.118],[-67.611,63.097],[-67.611,63.067],[-67.801,63.014],[-67.739,62.986],[-67.773,62.959],[-67.715,62.962],[-67.739,63.0],[-67.664,63.041],[-67.537,63.045],[-67.51,63.008],[-67.629,62.98],[-67.677,62.929],[-67.424,62.979],[-67.394,62.964],[-67.417,62.932],[-67.245,62.89],[-67.369,62.856],[-67.198,62.877],[-67.175,62.854],[-67.245,62.815],[-67.122,62.829],[-67.088,62.798],[-67.122,62.76],[-67.04,62.774],[-67.015,62.737],[-67.053,62.692],[-66.91,62.698],[-67.006,62.657],[-66.76,62.684],[-66.725,62.671],[-66.773,62.637],[-66.67,62.644],[-66.718,62.629],[-66.608,62.616],[-66.48,62.505],[-66.512,62.424],[-66.352,62.447],[-66.397,62.424],[-66.337,62.381],[-66.474,62.337],[-66.344,62.271],[-66.307,62.273],[-66.363,62.332],[-66.245,62.321],[-66.225,62.35],[-66.156,62.308],[-66.155,62.248],[-66.265,62.267],[-66.059,62.228],[-65.987,62.242],[-65.93,62.198],[-66.053,62.145],[-66.04,62.075],[-66.179,62.135],[-66.204,62.117],[-66.103,62.043],[-66.142,62.013],[-65.988,61.962],[-65.949,61.909],[-66.063,61.875],[-66.274,61.858],[-66.54,61.903],[-66.643,61.924],[-66.615,61.965],[-66.698,61.965],[-66.746,62.013],[-67.107,62.037],[-67.236,62.102],[-67.317,62.073],[-67.338,62.14],[-67.581,62.181],[-67.674,62.158],[-67.835,62.178],[-67.82,62.209],[-68.554,62.25],[-68.815,62.342],[-68.838,62.38],[-69.027,62.38],[-69.197,62.445],[-69.315,62.541],[-69.281,62.624],[-69.377,62.534],[-69.424,62.618],[-69.459,62.629],[-69.445,62.554],[-69.587,62.658],[-69.432,62.712],[-69.569,62.719],[-69.537,62.739],[-69.39,62.767],[-69.627,62.791],[-69.699,62.746],[-69.679,62.78],[-69.835,62.829],[-69.761,62.733],[-69.939,62.801],[-70.07,62.748],[-70.24,62.754],[-70.493,62.867],[-70.83,62.897],[-70.899,62.918],[-70.768,62.932],[-71.042,62.959],[-70.94,62.973],[-70.946,63.033],[-71.051,62.987],[-71.158,62.994],[-70.823,63.13],[-70.933,63.117],[-70.953,63.143],[-70.899,63.165],[-70.926,63.173],[-70.998,63.143],[-71.029,63.079],[-71.16,63.098],[-71.216,63.009],[-71.402,63.056],[-71.409,63.123],[-71.461,63.105],[-71.713,63.178],[-71.659,63.198],[-71.762,63.233],[-71.649,63.264],[-71.769,63.26],[-71.741,63.275],[-71.769,63.321],[-71.823,63.349],[-71.727,63.357],[-71.781,63.414],[-71.937,63.394],[-71.988,63.432],[-72.015,63.398],[-72.142,63.448],[-71.614,63.427],[-71.554,63.472],[-71.418,63.487],[-71.227,63.602],[-71.289,63.619],[-71.336,63.569],[-71.403,63.569],[-71.367,63.626],[-71.419,63.637],[-71.46,63.61],[-71.44,63.589],[-71.562,63.581],[-71.573,63.621],[-71.488,63.63],[-71.583,63.654],[-71.535,63.712],[-71.646,63.72],[-71.616,63.651],[-71.656,63.658],[-71.72,63.692],[-71.698,63.753],[-71.755,63.692],[-71.776,63.746],[-71.923,63.82],[-72.008,63.754],[-71.844,63.761],[-71.93,63.655],[-71.974,63.655],[-71.926,63.695],[-71.953,63.723],[-72.042,63.671],[-72.063,63.733],[-72.131,63.724],[-72.201,63.78],[-72.214,63.678],[-72.318,63.679],[-72.324,63.744],[-72.365,63.761],[-72.249,63.768],[-72.274,63.809],[-72.221,63.869],[-72.09,63.911],[-72.209,63.901],[-72.242,63.959],[-72.275,63.925],[-72.258,63.884],[-72.31,63.904],[-72.406,63.828],[-72.378,63.783],[-72.513,63.79],[-72.536,63.802],[-72.461,63.822],[-72.598,63.867],[-72.666,63.856],[-72.64,63.895],[-72.666,63.932],[-72.612,63.95],[-72.591,64.028],[-72.67,64.017],[-72.663,64.084],[-72.706,64.017],[-72.659,63.987],[-72.734,63.97],[-72.934,64.055],[-72.875,64.094],[-72.906,64.166],[-73.078,64.183],[-73.054,64.228],[-73.132,64.268],[-73.104,64.281],[-73.243,64.336],[-73.311,64.315],[-73.283,64.26],[-73.386,64.281],[-73.392,64.336],[-73.334,64.381],[-73.266,64.37],[-73.482,64.405],[-73.429,64.454],[-73.326,64.456],[-73.303,64.473],[-73.417,64.477],[-73.167,64.59],[-73.175,64.616],[-73.269,64.597],[-73.303,64.666],[-73.352,64.638],[-73.314,64.538],[-73.464,64.508],[-73.489,64.576],[-73.412,64.553],[-73.452,64.591],[-73.427,64.603],[-73.583,64.597],[-73.646,64.666],[-73.688,64.583],[-73.646,64.576],[-73.752,64.542],[-73.922,64.609],[-73.783,64.48],[-73.962,64.48],[-73.941,64.411],[-73.99,64.391],[-73.996,64.329],[-74.078,64.329],[-74.174,64.37],[-74.098,64.378],[-74.079,64.421],[-74.174,64.466],[-74.044,64.446],[-74.126,64.542],[-73.955,64.515],[-74.167,64.57],[-74.003,64.583],[-74.084,64.641],[-74.05,64.726],[-74.101,64.753],[-74.119,64.686],[-74.215,64.679],[-74.242,64.583],[-74.3,64.683],[-74.338,64.631],[-74.42,64.666],[-74.345,64.597],[-74.394,64.577],[-74.416,64.628],[-74.541,64.626],[-74.708,64.74],[-74.554,64.849],[-74.487,64.837],[-74.578,64.877],[-74.544,64.899],[-74.646,64.905],[-74.64,64.864],[-74.743,64.858],[-74.71,64.803],[-74.731,64.772],[-74.822,64.809],[-74.852,64.781],[-74.989,64.802],[-74.469,64.562],[-74.646,64.535],[-74.553,64.525],[-74.617,64.506],[-74.506,64.462],[-74.681,64.378],[-74.972,64.418],[-75.157,64.494],[-75.189,64.482],[-75.149,64.452],[-75.219,64.434],[-75.358,64.512],[-75.82,64.622],[-75.841,64.602],[-75.784,64.576],[-75.839,64.562],[-75.815,64.531],[-75.633,64.46],[-75.743,64.466],[-75.71,64.442],[-75.866,64.489],[-75.922,64.487],[-75.736,64.372],[-75.949,64.378],[-75.953,64.408],[-76.168,64.355],[-76.353,64.362],[-76.38,64.357],[-76.188,64.301],[-76.318,64.281],[-76.42,64.321],[-76.49,64.315],[-76.38,64.288],[-76.455,64.27],[-76.596,64.315],[-76.641,64.284],[-76.711,64.305],[-76.718,64.241],[-76.657,64.221],[-76.689,64.192],[-77.133,64.301],[-77.351,64.241],[-77.37,64.281],[-77.45,64.295],[-77.381,64.315],[-77.405,64.328],[-77.546,64.315],[-77.511,64.357],[-77.655,64.391],[-77.647,64.332],[-77.679,64.322],[-77.854,64.37],[-77.909,64.405],[-77.832,64.422],[-78.011,64.428],[-77.97,64.466],[-78.182,64.58],[-78.128,64.59],[-78.197,64.651],[-78.156,64.699],[-78.299,64.707],[-78.183,64.726],[-78.175,64.768],[-78.073,64.816],[-78.066,64.85],[-78.133,64.904],[-78.121,64.974],[-77.629,65.148],[-77.313,65.2],[-77.514,65.326],[-77.456,65.385],[-77.292,65.381],[-77.436,65.46],[-77.392,65.473],[-77.236,65.474],[-77.272,65.46],[-77.09,65.416],[-76.677,65.411],[-75.798,65.232],[-75.739,65.159],[-75.524,65.11],[-75.419,65.03],[-75.414,64.98],[-75.502,64.944],[-75.668,64.946],[-75.581,64.858],[-75.46,64.843],[-75.538,64.781],[-75.45,64.772],[-75.407,64.726],[-75.297,64.734],[-75.373,64.836],[-75.346,64.925],[-75.459,64.877],[-75.572,64.884],[-75.393,64.982],[-75.263,64.957],[-75.291,65.001],[-75.199,65.106],[-75.254,65.109],[-75.27,65.049],[-75.363,65.008],[-75.562,65.169],[-75.718,65.192],[-75.751,65.236],[-75.908,65.261],[-75.949,65.322],[-75.715,65.309],[-75.621,65.343],[-75.55,65.277],[-75.193,65.256],[-75.084,65.303],[-75.105,65.396],[-74.786,65.387],[-74.715,65.44],[-74.675,65.431],[-74.708,65.406],[-74.661,65.351],[-74.551,65.333],[-74.118,65.537],[-73.984,65.507],[-73.776,65.525],[-73.674,65.46],[-73.474,65.46],[-73.633,65.61],[-73.612,65.651],[-73.694,65.678],[-73.696,65.715],[-73.653,65.72],[-73.718,65.775],[-74.012,65.855],[-74.42,66.083],[-74.472,66.149],[-74.345,66.226],[-73.906,66.357],[-73.456,66.551],[-73.345,66.659],[-72.949,66.735]]],[[[-64.477,60.341],[-64.427,60.286],[-64.62,60.355],[-64.726,60.365],[-64.862,60.466],[-64.641,60.492],[-64.56,60.449],[-64.531,60.376],[-64.422,60.398],[-64.477,60.341]]],[[[-67.84,60.49],[-67.847,60.416],[-67.973,60.29],[-68.061,60.294],[-68.321,60.197],[-68.419,60.21],[-68.417,60.308],[-68.241,60.586],[-67.999,60.586],[-67.84,60.49]]],[[[-64.617,60.687],[-64.626,60.615],[-64.714,60.598],[-64.617,60.687]]],[[[-78.237,60.833],[-78.341,60.773],[-78.278,60.773],[-78.696,60.714],[-78.616,60.776],[-78.237,60.833]]],[[[-64.851,61.334],[-64.975,61.349],[-64.922,61.403],[-65.076,61.419],[-65.121,61.437],[-65.087,61.458],[-65.161,61.459],[-65.484,61.623],[-65.429,61.662],[-65.047,61.698],[-64.717,61.663],[-64.792,61.623],[-64.65,61.605],[-64.723,61.55],[-64.679,61.495],[-64.851,61.334]]],[[[-65.679,61.769],[-65.875,61.767],[-65.946,61.801],[-65.791,61.873],[-65.752,61.856],[-65.785,61.831],[-65.723,61.844],[-65.679,61.769]]],[[[-93.066,61.938],[-92.964,61.889],[-93.059,61.83],[-93.225,61.906],[-93.066,61.938]]],[[[-65.232,61.924],[-65.067,61.93],[-65.019,61.856],[-64.978,61.897],[-64.95,61.821],[-64.892,61.833],[-64.828,61.761],[-64.93,61.727],[-65.147,61.784],[-65.249,61.878],[-65.232,61.924]]],[[[-92.323,62.42],[-92.142,62.404],[-92.241,62.359],[-92.354,62.362],[-92.279,62.39],[-92.3,62.404],[-92.375,62.39],[-92.323,62.42]]],[[[-79.266,62.25],[-79.326,61.988],[-79.386,62.002],[-79.563,61.742],[-79.759,61.582],[-79.854,61.582],[-79.95,61.683],[-80.18,61.774],[-80.261,61.856],[-80.286,61.93],[-80.215,62.138],[-79.915,62.386],[-79.831,62.411],[-79.704,62.377],[-79.611,62.418],[-79.559,62.42],[-79.54,62.418],[-79.266,62.25]]],[[[-92.599,62.4],[-92.529,62.433],[-92.402,62.411],[-92.599,62.4]]],[[[-64.801,62.569],[-64.36,62.5],[-64.484,62.486],[-64.395,62.465],[-64.498,62.449],[-64.47,62.418],[-64.594,62.37],[-64.923,62.42],[-64.963,62.465],[-64.792,62.493],[-64.868,62.527],[-64.801,62.569]]],[[[-77.836,62.562],[-77.932,62.547],[-78.113,62.575],[-77.887,62.599],[-77.836,62.562]]],[[[-77.64,62.592],[-77.762,62.54],[-77.833,62.603],[-77.723,62.588],[-77.64,62.592]]],[[[-65.062,62.533],[-65.142,62.554],[-64.954,62.609],[-64.841,62.582],[-65.062,62.533]]],[[[-91.606,62.656],[-91.575,62.624],[-91.689,62.671],[-91.606,62.656]]],[[[-91.247,62.7],[-90.984,62.664],[-91.271,62.692],[-91.247,62.7]]],[[[-74.002,62.659],[-73.965,62.609],[-74.119,62.603],[-74.653,62.719],[-74.518,62.752],[-74.376,62.685],[-74.002,62.659]]],[[[-70.199,62.61],[-70.194,62.568],[-70.362,62.527],[-70.728,62.553],[-70.733,62.596],[-70.791,62.603],[-70.817,62.673],[-70.925,62.746],[-70.774,62.771],[-71.157,62.803],[-71.18,62.815],[-71.035,62.829],[-71.236,62.886],[-70.789,62.842],[-70.492,62.767],[-70.327,62.687],[-70.373,62.667],[-70.199,62.61]]],[[[-82.257,62.996],[-81.862,62.925],[-81.965,62.801],[-81.94,62.712],[-82.345,62.564],[-82.425,62.472],[-83.066,62.187],[-83.135,62.177],[-83.281,62.253],[-83.705,62.144],[-83.725,62.286],[-83.94,62.424],[-83.907,62.491],[-83.713,62.568],[-83.566,62.682],[-83.52,62.826],[-83.296,62.931],[-83.06,62.842],[-82.695,62.945],[-82.42,62.928],[-82.257,62.996]]],[[[-90.615,63.476],[-90.702,63.445],[-90.757,63.5],[-90.651,63.49],[-90.615,63.476]]],[[[-77.683,63.439],[-77.496,63.276],[-77.56,63.185],[-77.645,63.143],[-77.941,63.087],[-78.509,63.375],[-78.544,63.449],[-78.441,63.519],[-78.38,63.455],[-78.186,63.493],[-77.844,63.472],[-77.826,63.432],[-77.683,63.439]]],[[[-90.689,63.51],[-90.812,63.5],[-90.97,63.555],[-90.723,63.549],[-90.689,63.51]]],[[[-91.539,63.617],[-91.359,63.593],[-91.299,63.568],[-91.453,63.559],[-91.539,63.617]]],[[[-64.293,63.439],[-64.06,63.275],[-64.279,63.341],[-64.422,63.473],[-64.388,63.486],[-64.498,63.617],[-64.395,63.678],[-64.338,63.657],[-64.282,63.516],[-64.306,63.486],[-64.252,63.445],[-64.293,63.439]]],[[[-76.689,63.486],[-76.545,63.467],[-76.655,63.439],[-76.702,63.37],[-76.982,63.407],[-77.253,63.549],[-77.436,63.596],[-77.333,63.63],[-77.446,63.661],[-77.366,63.701],[-77.12,63.685],[-76.709,63.568],[-76.618,63.522],[-76.689,63.486]]],[[[-72.46,63.688],[-72.57,63.687],[-72.543,63.665],[-72.6,63.647],[-72.783,63.665],[-72.501,63.713],[-72.46,63.688]]],[[[-92.964,63.89],[-93.052,63.887],[-93.094,63.911],[-92.997,63.913],[-92.964,63.89]]],[[[-64.916,63.824],[-64.813,63.884],[-64.751,63.828],[-64.771,63.874],[-64.687,63.918],[-64.614,63.886],[-64.563,63.909],[-64.607,63.843],[-64.505,63.843],[-64.613,63.788],[-64.501,63.751],[-64.422,63.781],[-64.394,63.701],[-64.472,63.681],[-64.703,63.787],[-64.792,63.768],[-64.916,63.824]]],[[[-77.983,63.972],[-77.905,64.024],[-77.545,64.028],[-77.737,63.932],[-77.983,63.972]]],[[[-81.517,64.197],[-81.537,64.223],[-81.499,64.237],[-81.383,64.213],[-81.517,64.197]]],[[[-73.338,64.24],[-73.173,64.206],[-73.269,64.185],[-73.287,64.148],[-73.4,64.165],[-73.391,64.196],[-73.315,64.201],[-73.338,64.24]]],[[[-73.502,64.535],[-73.497,64.448],[-73.55,64.411],[-73.515,64.37],[-73.575,64.345],[-73.556,64.315],[-73.654,64.323],[-73.674,64.432],[-73.578,64.446],[-73.605,64.489],[-73.578,64.493],[-73.684,64.525],[-73.534,64.566],[-73.502,64.535]]],[[[-65.526,64.537],[-65.451,64.535],[-65.66,64.509],[-65.688,64.548],[-65.412,64.74],[-65.382,64.726],[-65.409,64.658],[-65.293,64.74],[-65.251,64.713],[-65.314,64.666],[-65.21,64.644],[-65.526,64.537]]],[[[-62.25,65.748],[-62.298,65.713],[-62.168,65.706],[-62.202,65.686],[-62.144,65.688],[-62.134,65.655],[-62.202,65.645],[-62.209,65.61],[-62.266,65.664],[-62.339,65.618],[-62.311,65.665],[-62.47,65.665],[-62.442,65.693],[-62.486,65.724],[-62.25,65.748]]],[[[-83.538,65.819],[-83.583,65.862],[-83.369,65.871],[-83.29,65.835],[-83.538,65.819]]],[[[-80.183,63.756],[-80.466,63.727],[-80.598,63.637],[-80.918,63.53],[-80.986,63.456],[-81.125,63.464],[-82.075,63.692],[-82.319,63.659],[-82.482,63.685],[-82.551,63.757],[-82.376,63.828],[-82.371,63.913],[-82.534,63.973],[-83.085,63.958],[-83.138,64.007],[-82.966,64.137],[-83.014,64.192],[-83.084,64.19],[-83.204,64.122],[-83.513,64.12],[-83.685,64.014],[-83.605,63.93],[-83.651,63.869],[-83.596,63.822],[-83.634,63.771],[-83.784,63.769],[-84.089,63.61],[-84.284,63.627],[-84.405,63.555],[-84.48,63.393],[-84.59,63.315],[-85.274,63.123],[-85.51,63.129],[-85.635,63.243],[-85.655,63.418],[-85.604,63.521],[-85.63,63.574],[-85.59,63.613],[-85.617,63.675],[-85.706,63.699],[-85.714,63.774],[-85.82,63.706],[-86.214,63.651],[-86.632,63.665],[-86.868,63.562],[-87.124,63.564],[-87.224,63.66],[-86.896,63.93],[-86.193,64.103],[-86.196,64.165],[-86.299,64.219],[-86.296,64.268],[-86.365,64.309],[-86.344,64.411],[-86.406,64.439],[-86.383,64.546],[-86.419,64.597],[-86.238,64.813],[-86.173,64.83],[-86.214,64.891],[-86.159,64.939],[-86.228,65.004],[-86.138,65.114],[-86.174,65.287],[-86.097,65.357],[-86.152,65.396],[-86.028,65.665],[-85.939,65.763],[-85.61,65.911],[-85.487,65.924],[-85.488,65.797],[-85.37,65.84],[-85.172,65.789],[-85.153,65.737],[-85.184,65.726],[-85.052,65.614],[-85.316,65.541],[-85.008,65.416],[-85.019,65.352],[-84.931,65.264],[-84.932,65.218],[-84.815,65.221],[-84.745,65.352],[-84.555,65.486],[-84.45,65.462],[-84.439,65.414],[-84.364,65.385],[-84.16,65.347],[-84.23,65.268],[-84.098,65.21],[-83.398,65.137],[-83.34,65.036],[-83.208,64.948],[-82.884,64.88],[-82.715,64.781],[-82.538,64.744],[-82.337,64.762],[-82.205,64.72],[-82.218,64.691],[-82.098,64.687],[-81.771,64.512],[-81.775,64.309],[-81.608,64.21],[-81.607,64.134],[-81.95,64.068],[-81.992,63.999],[-81.457,64.038],[-81.451,64.082],[-81.399,64.102],[-80.931,63.993],[-80.904,64.011],[-80.979,64.069],[-80.931,64.103],[-80.951,64.13],[-80.889,64.123],[-80.697,64.016],[-80.544,63.985],[-80.549,63.933],[-80.497,63.918],[-80.705,63.918],[-80.675,63.894],[-80.204,63.815],[-80.183,63.756]]],[[[-84.954,66.016],[-84.756,65.877],[-84.574,65.636],[-84.691,65.56],[-84.801,65.567],[-84.876,65.67],[-85.113,65.762],[-85.179,65.988],[-85.102,66.029],[-84.954,66.016]]],[[[-84.397,66.013],[-84.474,66.139],[-84.433,66.146],[-84.088,66.065],[-84.021,66.088],[-84.001,66.036],[-83.693,65.926],[-83.682,65.882],[-83.786,65.813],[-83.542,65.748],[-83.531,65.713],[-83.212,65.706],[-83.367,65.619],[-83.623,65.665],[-83.583,65.706],[-83.649,65.69],[-83.624,65.651],[-83.839,65.652],[-83.786,65.728],[-83.685,65.755],[-83.829,65.755],[-83.802,65.794],[-83.959,65.741],[-84.143,65.767],[-84.104,65.816],[-84.125,65.907],[-84.205,65.976],[-84.397,66.013]]],[[[-83.293,66.268],[-83.233,66.344],[-83.137,66.309],[-83.178,66.289],[-82.904,66.268],[-83.007,66.199],[-83.078,66.198],[-83.293,66.268]]],[[[-62.374,67.166],[-62.747,67.018],[-62.902,67.063],[-62.822,67.058],[-62.8,67.102],[-62.613,67.145],[-62.639,67.178],[-62.374,67.166]]],[[[-63.498,67.337],[-63.36,67.296],[-63.833,67.29],[-63.669,67.351],[-63.601,67.355],[-63.593,67.31],[-63.498,67.337]]],[[[-63.757,67.523],[-63.982,67.507],[-64.038,67.53],[-63.955,67.655],[-63.757,67.523]]],[[[-73.36,67.824],[-73.409,67.776],[-74.402,67.779],[-74.64,67.857],[-74.77,67.964],[-74.775,68.029],[-74.731,68.074],[-74.448,68.076],[-74.338,68.181],[-74.214,68.135],[-74.272,68.088],[-74.255,68.063],[-73.79,67.995],[-73.446,67.993],[-73.36,67.824]]],[[[-66.328,68.236],[-66.183,68.263],[-66.263,68.222],[-66.271,68.161],[-66.661,68.209],[-66.328,68.236]]],[[[-86.502,68.263],[-86.408,68.208],[-86.435,68.098],[-86.372,67.937],[-86.413,67.845],[-86.598,67.728],[-86.872,67.81],[-86.954,67.925],[-86.837,67.992],[-86.986,68.067],[-86.971,68.108],[-86.717,68.302],[-86.502,68.263]]],[[[-75.029,68.169],[-75.007,68.111],[-75.161,67.953],[-75.044,67.817],[-75.066,67.732],[-75.029,67.631],[-75.065,67.552],[-75.39,67.358],[-75.511,67.361],[-75.596,67.311],[-75.921,67.255],[-76.982,67.243],[-77.251,67.454],[-77.258,67.523],[-77.223,67.543],[-77.323,67.708],[-77.212,67.87],[-76.877,68.153],[-76.689,68.263],[-76.299,68.335],[-76.082,68.298],[-75.911,68.345],[-75.138,68.236],[-75.029,68.169]]],[[[-78.831,68.301],[-78.83,68.253],[-79.044,68.166],[-79.183,68.222],[-79.182,68.322],[-79.146,68.348],[-78.941,68.354],[-78.831,68.301]]],[[[-82.066,68.308],[-82.26,68.344],[-82.349,68.365],[-82.177,68.385],[-82.0,68.351],[-82.066,68.308]]],[[[-74.392,68.409],[-74.376,68.463],[-74.298,68.464],[-74.081,68.333],[-74.154,68.256],[-74.222,68.25],[-74.271,68.295],[-74.215,68.324],[-74.392,68.409]]],[[[-78.624,68.493],[-78.784,68.446],[-78.971,68.475],[-78.936,68.522],[-78.669,68.585],[-78.886,68.659],[-78.463,68.62],[-78.505,68.545],[-78.657,68.563],[-78.724,68.523],[-78.624,68.493]]],[[[-74.858,68.59],[-74.893,68.626],[-74.793,68.676],[-74.683,68.663],[-74.647,68.612],[-74.517,68.564],[-74.858,68.59]]],[[[-74.796,68.422],[-74.865,68.386],[-74.808,68.366],[-74.859,68.345],[-74.811,68.324],[-74.996,68.338],[-75.035,68.397],[-75.379,68.499],[-75.411,68.523],[-75.4,68.609],[-75.239,68.725],[-75.02,68.681],[-74.934,68.571],[-74.774,68.486],[-74.896,68.422],[-74.796,68.422]]],[[[-68.205,68.797],[-67.663,68.701],[-68.459,68.794],[-68.205,68.797]]],[[[-90.155,69.14],[-90.138,69.05],[-90.277,69.114],[-90.264,69.147],[-90.233,69.119],[-90.155,69.14]]],[[[-90.488,69.248],[-90.456,69.234],[-90.591,69.2],[-90.62,69.256],[-90.691,69.234],[-90.648,69.263],[-90.695,69.284],[-90.654,69.311],[-90.682,69.311],[-90.667,69.357],[-90.777,69.277],[-90.777,69.329],[-90.619,69.376],[-90.471,69.279],[-90.488,69.248]]],[[[-78.847,68.908],[-79.288,68.836],[-79.397,68.863],[-79.423,68.927],[-79.204,69.085],[-78.958,69.109],[-78.863,69.148],[-78.854,69.201],[-78.765,69.256],[-78.622,69.263],[-78.711,69.303],[-78.71,69.342],[-78.313,69.387],[-78.214,69.303],[-78.361,69.199],[-78.457,69.229],[-78.471,69.171],[-78.566,69.133],[-78.552,69.102],[-78.847,68.908]]],[[[-90.251,69.278],[-90.355,69.246],[-90.51,69.331],[-90.507,69.367],[-90.302,69.435],[-90.239,69.395],[-90.25,69.428],[-90.202,69.448],[-90.196,69.386],[-90.147,69.373],[-90.251,69.278]]],[[[-76.653,69.392],[-76.675,69.311],[-76.944,69.208],[-76.86,69.154],[-76.922,69.127],[-76.901,69.106],[-76.955,69.141],[-77.158,69.118],[-77.265,69.147],[-77.387,69.267],[-77.34,69.325],[-77.36,69.39],[-77.25,69.435],[-76.717,69.425],[-76.653,69.392]]],[[[-67.52,69.606],[-67.308,69.558],[-67.554,69.523],[-67.506,69.496],[-67.753,69.523],[-67.547,69.57],[-67.52,69.606]]],[[[-67.967,69.53],[-68.308,69.592],[-68.075,69.671],[-67.828,69.661],[-67.948,69.68],[-67.956,69.71],[-67.731,69.659],[-67.967,69.53]]],[[[-78.385,69.659],[-78.378,69.705],[-78.258,69.659],[-78.231,69.674],[-78.272,69.736],[-78.176,69.756],[-78.026,69.719],[-77.942,69.647],[-78.092,69.578],[-78.517,69.485],[-78.654,69.508],[-78.826,69.452],[-78.881,69.481],[-78.566,69.647],[-78.385,69.659]]],[[[-79.918,69.605],[-80.078,69.637],[-79.936,69.537],[-79.963,69.507],[-80.215,69.533],[-80.21,69.619],[-80.238,69.626],[-80.334,69.558],[-80.352,69.616],[-80.497,69.668],[-80.814,69.695],[-80.718,69.756],[-80.494,69.728],[-80.403,69.67],[-80.424,69.702],[-80.376,69.715],[-80.461,69.734],[-80.501,69.787],[-80.206,69.801],[-80.123,69.76],[-80.15,69.723],[-79.768,69.754],[-79.672,69.82],[-79.455,69.801],[-79.327,69.709],[-79.613,69.62],[-79.918,69.605]]],[[[-83.701,69.723],[-83.917,69.794],[-83.856,69.832],[-83.528,69.791],[-83.701,69.769],[-83.658,69.729],[-83.701,69.723]]],[[[-91.867,69.845],[-91.748,69.883],[-91.641,69.86],[-91.867,69.845]]],[[[-91.474,69.762],[-91.557,69.729],[-91.737,69.798],[-91.409,69.88],[-91.504,69.819],[-91.474,69.762]]],[[[-87.12,69.994],[-87.379,70.106],[-87.098,70.127],[-87.146,70.14],[-87.117,70.161],[-86.803,70.092],[-86.651,70.121],[-86.46,70.017],[-86.777,69.971],[-87.006,70.016],[-87.12,69.994]]],[[[-71.366,71.016],[-71.349,70.985],[-71.406,70.917],[-72.002,70.812],[-72.118,70.825],[-72.228,70.922],[-72.067,70.932],[-72.022,71.045],[-71.86,71.079],[-71.366,71.016]]],[[[-72.992,71.519],[-72.817,71.449],[-73.024,71.412],[-72.979,71.326],[-73.054,71.296],[-73.267,71.364],[-73.255,71.421],[-73.379,71.518],[-73.172,71.573],[-73.101,71.553],[-73.077,71.539],[-73.123,71.48],[-73.18,71.452],[-73.139,71.421],[-72.992,71.519]]],[[[-72.708,71.657],[-72.659,71.6],[-72.765,71.529],[-73.044,71.586],[-72.926,71.655],[-72.708,71.657]]],[[[-80.839,73.624],[-80.806,73.72],[-80.862,73.751],[-80.56,73.773],[-80.126,73.698],[-80.022,73.734],[-79.45,73.635],[-78.114,73.666],[-77.213,73.511],[-77.032,73.403],[-77.066,73.381],[-77.04,73.359],[-76.714,73.322],[-76.75,73.299],[-76.727,73.278],[-76.584,73.219],[-76.634,73.17],[-76.243,73.093],[-76.319,73.06],[-76.277,73.052],[-76.325,73.033],[-76.264,72.998],[-76.333,72.971],[-76.058,72.902],[-76.125,72.847],[-76.319,72.817],[-78.171,72.899],[-79.175,72.755],[-79.568,72.76],[-80.002,72.871],[-80.176,73.046],[-80.123,73.121],[-80.18,73.159],[-80.118,73.184],[-80.164,73.233],[-80.771,73.279],[-80.86,73.319],[-80.848,73.361],[-80.896,73.381],[-80.85,73.475],[-80.697,73.484],[-80.863,73.552],[-80.903,73.607],[-80.839,73.624]]],[[[-91.572,74.033],[-90.196,73.902],[-90.264,73.845],[-90.379,73.858],[-90.373,73.792],[-90.786,73.557],[-90.983,73.56],[-90.921,73.498],[-91.258,73.272],[-91.634,73.231],[-91.376,73.203],[-91.858,72.848],[-92.096,72.746],[-92.385,72.71],[-93.301,72.818],[-94.287,72.78],[-94.328,72.724],[-93.876,72.71],[-93.787,72.741],[-93.817,72.645],[-93.56,72.566],[-93.464,72.457],[-93.623,72.358],[-93.811,72.316],[-94.027,72.155],[-94.088,72.064],[-94.234,72.032],[-94.027,72.066],[-94.074,72.025],[-94.033,72.004],[-94.06,71.984],[-94.345,72.026],[-95.0,71.984],[-95.0,72.138],[-94.79,72.16],[-95.0,72.15],[-95.0,73.668],[-94.622,73.656],[-95.0,73.751],[-95.0,73.829],[-94.958,73.834],[-95.0,73.851],[-95.0,74.036],[-94.374,74.132],[-93.919,74.14],[-93.757,74.077],[-93.725,74.088],[-93.766,74.136],[-93.73,74.161],[-93.273,74.178],[-92.43,74.062],[-92.271,73.992],[-92.334,73.943],[-91.572,74.033]]],[[[-93.419,74.918],[-93.459,74.75],[-93.567,74.745],[-93.472,74.734],[-93.467,74.704],[-93.608,74.654],[-94.724,74.632],[-94.829,74.685],[-95.0,74.677],[-95.0,75.623],[-94.9,75.645],[-94.394,75.604],[-93.987,75.439],[-93.677,75.362],[-93.649,75.328],[-93.8,75.307],[-93.499,75.268],[-93.58,75.205],[-93.462,75.135],[-93.512,75.095],[-93.492,75.074],[-93.642,75.04],[-93.522,75.039],[-93.419,74.918]]],[[[-94.458,75.966],[-94.423,75.873],[-94.295,75.776],[-94.744,75.762],[-94.823,75.81],[-94.828,75.889],[-94.91,75.937],[-94.532,75.998],[-94.458,75.966]]],[[[-79.068,76.125],[-78.8,76.085],[-79.176,75.958],[-78.875,75.856],[-78.896,75.843],[-79.279,75.877],[-79.43,75.848],[-79.34,75.829],[-79.438,75.795],[-79.752,75.883],[-79.601,75.903],[-79.583,75.948],[-79.068,76.125]]],[[[-81.263,76.161],[-81.465,76.164],[-81.204,76.184],[-81.263,76.161]]],[[[-89.38,76.445],[-89.596,76.444],[-89.627,76.451],[-89.496,76.479],[-89.38,76.445]]],[[[-83.974,76.428],[-84.123,76.451],[-84.104,76.482],[-84.138,76.514],[-83.911,76.472],[-83.974,76.428]]],[[[-89.688,76.727],[-89.694,76.693],[-89.816,76.668],[-89.859,76.616],[-89.822,76.551],[-89.675,76.507],[-89.826,76.486],[-89.92,76.516],[-89.977,76.478],[-90.204,76.524],[-90.594,76.751],[-90.33,76.824],[-89.982,76.842],[-89.688,76.727]]],[[[-79.56,74.992],[-79.334,74.903],[-79.909,74.814],[-80.167,74.863],[-80.146,74.92],[-80.197,74.943],[-80.19,74.896],[-80.238,74.878],[-80.313,74.942],[-80.399,74.914],[-80.356,74.87],[-80.101,74.828],[-80.101,74.794],[-80.245,74.759],[-80.129,74.718],[-80.205,74.697],[-80.197,74.643],[-80.156,74.637],[-80.218,74.587],[-81.115,74.579],[-81.789,74.458],[-82.422,74.518],[-82.383,74.546],[-82.421,74.573],[-82.606,74.512],[-82.92,74.551],[-83.117,74.669],[-83.118,74.737],[-83.038,74.776],[-83.078,74.816],[-83.492,74.909],[-83.562,74.892],[-83.502,74.83],[-83.322,74.762],[-83.494,74.578],[-84.258,74.506],[-84.915,74.512],[-84.987,74.574],[-84.994,74.649],[-84.957,74.681],[-85.008,74.704],[-85.076,74.643],[-85.035,74.539],[-85.185,74.493],[-85.357,74.506],[-85.48,74.674],[-85.534,74.69],[-85.555,74.663],[-85.482,74.545],[-85.604,74.498],[-86.125,74.484],[-86.08,74.55],[-86.179,74.622],[-86.238,74.601],[-86.251,74.528],[-86.38,74.487],[-86.661,74.538],[-86.803,74.622],[-86.801,74.549],[-86.604,74.471],[-86.911,74.465],[-87.014,74.514],[-87.05,74.477],[-87.259,74.468],[-87.373,74.526],[-87.296,74.546],[-87.644,74.458],[-87.738,74.475],[-87.756,74.52],[-88.06,74.477],[-88.149,74.512],[-88.242,74.481],[-88.518,74.501],[-88.564,74.573],[-88.434,74.701],[-88.408,74.753],[-88.434,74.766],[-88.297,74.78],[-88.489,74.794],[-88.448,74.834],[-88.539,74.904],[-88.579,74.896],[-88.555,74.841],[-88.619,74.821],[-88.661,74.852],[-88.848,74.665],[-88.891,74.675],[-88.921,74.786],[-89.099,74.841],[-89.01,74.786],[-89.06,74.722],[-89.27,74.759],[-89.099,74.687],[-89.147,74.608],[-89.434,74.553],[-89.919,74.527],[-90.009,74.591],[-90.111,74.555],[-90.373,74.602],[-90.312,74.629],[-90.564,74.609],[-90.73,74.663],[-90.764,74.718],[-90.723,74.738],[-90.906,74.687],[-91.025,74.704],[-90.757,74.834],[-90.787,74.89],[-91.099,74.753],[-91.23,74.738],[-91.099,74.629],[-91.286,74.636],[-91.33,74.721],[-91.374,74.704],[-91.339,74.689],[-91.368,74.649],[-91.513,74.645],[-91.689,74.684],[-91.621,74.712],[-91.666,74.727],[-91.881,74.712],[-91.806,74.738],[-92.063,74.803],[-92.012,74.91],[-92.224,75.032],[-92.202,75.067],[-92.23,75.074],[-92.012,75.101],[-92.114,75.136],[-92.056,75.153],[-92.282,75.141],[-92.504,75.218],[-92.429,75.342],[-92.327,75.376],[-92.463,75.376],[-92.381,75.456],[-92.196,75.557],[-92.004,75.602],[-92.079,75.629],[-92.012,75.664],[-92.176,75.753],[-92.105,75.815],[-92.127,75.874],[-92.53,75.969],[-92.63,76.02],[-92.666,76.135],[-93.048,76.295],[-93.081,76.322],[-93.06,76.349],[-93.128,76.37],[-93.591,76.3],[-93.677,76.327],[-93.766,76.287],[-93.635,76.26],[-93.704,76.252],[-94.604,76.274],[-94.663,76.315],[-95.0,76.253],[-95.0,76.334],[-94.801,76.328],[-95.0,76.355],[-95.0,76.996],[-94.508,76.971],[-94.455,76.921],[-94.234,76.891],[-93.964,76.937],[-93.701,76.921],[-93.197,76.753],[-93.176,76.681],[-93.299,76.555],[-93.656,76.445],[-93.561,76.395],[-93.457,76.41],[-93.58,76.431],[-93.362,76.472],[-93.079,76.628],[-92.369,76.599],[-92.004,76.664],[-91.441,76.694],[-90.921,76.643],[-90.806,76.587],[-90.533,76.551],[-90.497,76.527],[-90.531,76.507],[-90.469,76.486],[-90.653,76.457],[-91.005,76.52],[-91.074,76.481],[-91.349,76.517],[-91.566,76.5],[-91.401,76.459],[-89.298,76.301],[-89.194,76.248],[-89.209,76.225],[-89.38,76.184],[-90.456,76.178],[-90.051,76.136],[-90.094,76.125],[-91.161,76.198],[-91.237,76.225],[-91.613,76.267],[-91.258,76.202],[-91.409,76.15],[-90.668,76.116],[-90.867,76.068],[-90.552,76.096],[-90.188,76.068],[-90.291,76.032],[-91.161,76.021],[-90.943,76.006],[-91.072,75.993],[-90.947,75.943],[-91.148,75.903],[-91.129,75.836],[-91.066,75.896],[-90.798,75.999],[-90.675,75.978],[-90.736,75.965],[-90.7,75.957],[-90.428,75.972],[-90.519,75.94],[-90.519,75.899],[-90.315,75.974],[-90.114,75.937],[-90.007,76.018],[-89.688,75.903],[-89.77,75.844],[-89.777,75.794],[-89.551,75.856],[-89.598,75.863],[-89.442,75.848],[-89.198,75.796],[-89.168,75.751],[-89.257,75.636],[-89.647,75.622],[-89.763,75.581],[-89.545,75.574],[-89.708,75.561],[-89.676,75.55],[-89.208,75.586],[-89.102,75.489],[-88.94,75.432],[-88.764,75.438],[-88.753,75.482],[-88.9,75.609],[-88.722,75.686],[-88.223,75.545],[-88.2,75.518],[-88.304,75.499],[-88.228,75.471],[-87.751,75.581],[-87.496,75.492],[-87.606,75.451],[-87.467,75.456],[-87.424,75.501],[-87.507,75.561],[-87.266,75.623],[-86.778,75.476],[-86.365,75.43],[-86.618,75.369],[-85.993,75.422],[-85.522,75.403],[-86.152,75.509],[-85.529,75.602],[-85.568,75.572],[-85.227,75.561],[-85.323,75.574],[-85.015,75.643],[-85.045,75.656],[-84.576,75.624],[-84.501,75.636],[-84.658,75.65],[-84.665,75.691],[-84.29,75.713],[-83.918,75.815],[-84.001,75.829],[-83.089,75.74],[-82.331,75.844],[-81.113,75.779],[-81.095,75.76],[-81.286,75.664],[-81.015,75.636],[-80.503,75.662],[-79.95,75.54],[-80.376,75.465],[-79.595,75.459],[-79.683,75.438],[-79.491,75.383],[-79.615,75.304],[-79.444,75.287],[-79.517,75.229],[-79.628,75.18],[-79.834,75.173],[-79.969,75.097],[-80.443,75.04],[-80.177,74.985],[-80.276,74.969],[-80.249,74.954],[-79.78,75.032],[-79.505,74.999],[-79.56,74.992]]],[[[-85.179,77.464],[-85.155,77.513],[-85.542,77.541],[-85.323,77.589],[-85.018,77.583],[-84.816,77.5],[-85.179,77.464]]],[[[-89.645,77.343],[-89.791,77.271],[-90.094,77.204],[-90.405,77.203],[-90.388,77.233],[-90.924,77.307],[-91.18,77.394],[-91.209,77.575],[-91.169,77.617],[-90.882,77.658],[-90.304,77.629],[-89.776,77.486],[-89.716,77.459],[-89.716,77.37],[-89.645,77.343]]],[[[-93.101,77.664],[-93.409,77.61],[-93.375,77.589],[-93.492,77.544],[-93.502,77.464],[-93.581,77.44],[-95.0,77.478],[-95.0,77.783],[-94.948,77.791],[-94.063,77.773],[-93.94,77.737],[-93.608,77.781],[-93.238,77.733],[-93.101,77.664]]],[[[-77.587,77.845],[-77.672,77.797],[-77.853,77.779],[-77.956,77.836],[-77.651,77.871],[-77.587,77.845]]],[[[-88.047,78.423],[-88.16,78.364],[-88.165,78.317],[-88.246,78.261],[-88.406,78.259],[-88.38,78.319],[-88.201,78.357],[-88.247,78.373],[-88.222,78.433],[-88.071,78.459],[-88.047,78.423]]],[[[-74.627,78.784],[-74.316,78.756],[-74.167,78.727],[-74.331,78.678],[-74.704,78.727],[-74.627,78.784]]],[[[-95.0,78.421],[-94.873,78.395],[-94.828,78.364],[-95.0,78.314],[-95.0,78.421]]],[[[-94.889,78.109],[-94.924,78.087],[-94.889,78.062],[-95.0,78.012],[-95.0,78.14],[-94.889,78.109]]],[[[-95.0,80.654],[-94.971,80.639],[-95.0,80.636],[-95.0,80.654]]],[[[-95.0,80.044],[-94.382,79.988],[-94.807,80.097],[-94.546,80.158],[-94.087,80.18],[-94.586,80.226],[-95.0,80.141],[-95.0,80.603],[-93.786,80.537],[-94.005,80.591],[-94.543,80.608],[-94.677,80.666],[-94.074,80.707],[-94.129,80.728],[-95.0,80.769],[-94.856,80.81],[-95.0,80.812],[-95.0,81.043],[-94.546,81.033],[-94.457,81.015],[-94.513,80.988],[-94.447,80.968],[-94.279,81.018],[-93.937,81.023],[-94.074,81.043],[-94.039,81.052],[-93.909,81.043],[-94.36,81.105],[-94.302,81.123],[-93.492,81.07],[-93.519,81.091],[-93.156,81.098],[-93.183,81.105],[-93.122,81.118],[-93.183,81.133],[-93.1,81.156],[-93.252,81.2],[-93.217,81.215],[-93.921,81.21],[-94.396,81.262],[-94.188,81.367],[-93.664,81.339],[-93.567,81.303],[-93.485,81.335],[-93.548,81.385],[-93.258,81.373],[-92.237,81.256],[-91.798,81.159],[-91.847,81.125],[-91.785,81.091],[-91.915,81.077],[-91.525,80.978],[-91.511,80.937],[-91.168,80.824],[-91.089,80.749],[-90.71,80.703],[-90.593,80.653],[-90.766,80.576],[-90.731,80.567],[-90.007,80.542],[-89.774,80.464],[-89.74,80.471],[-89.832,80.529],[-89.325,80.537],[-89.058,80.468],[-89.257,80.399],[-89.078,80.399],[-89.13,80.356],[-89.106,80.344],[-89.256,80.29],[-89.04,80.194],[-88.538,80.099],[-88.414,80.111],[-88.482,80.145],[-88.146,80.103],[-88.427,80.193],[-88.255,80.187],[-88.31,80.212],[-88.509,80.221],[-88.709,80.29],[-88.658,80.322],[-88.681,80.378],[-88.644,80.397],[-88.469,80.44],[-87.701,80.413],[-87.622,80.347],[-87.568,80.183],[-88.064,80.125],[-87.899,80.059],[-87.239,80.07],[-87.008,79.953],[-87.488,79.837],[-86.962,79.909],[-87.136,79.649],[-87.411,79.59],[-87.461,79.536],[-87.281,79.512],[-86.991,79.603],[-86.845,79.593],[-86.821,79.547],[-86.694,79.569],[-86.817,79.617],[-86.719,79.642],[-86.309,79.648],[-86.042,79.569],[-86.138,79.522],[-86.028,79.481],[-86.166,79.46],[-86.068,79.436],[-85.894,79.499],[-85.862,79.593],[-85.699,79.618],[-85.564,79.58],[-85.394,79.453],[-85.056,79.357],[-84.913,79.271],[-85.51,79.166],[-86.504,79.069],[-86.563,79.049],[-86.598,78.98],[-86.747,78.959],[-86.968,79.064],[-87.001,78.99],[-86.94,78.919],[-87.31,78.809],[-87.649,78.643],[-87.888,78.706],[-87.998,78.811],[-87.956,78.906],[-87.985,78.964],[-87.797,79.008],[-87.838,79.028],[-87.728,79.083],[-87.929,79.009],[-88.174,78.996],[-88.217,78.953],[-88.187,78.905],[-88.229,78.805],[-88.136,78.687],[-88.358,78.658],[-88.022,78.655],[-87.907,78.596],[-87.91,78.552],[-88.042,78.479],[-88.229,78.464],[-88.558,78.61],[-88.805,78.61],[-88.54,78.417],[-88.811,78.165],[-89.05,78.182],[-90.006,78.614],[-90.099,78.562],[-89.989,78.449],[-89.787,78.398],[-89.455,78.164],[-89.575,78.154],[-89.695,78.225],[-89.901,78.221],[-90.046,78.305],[-90.332,78.336],[-90.751,78.323],[-90.325,78.274],[-90.373,78.241],[-90.276,78.186],[-90.353,78.145],[-91.604,78.191],[-91.86,78.244],[-92.025,78.211],[-92.201,78.283],[-92.327,78.289],[-92.176,78.315],[-92.22,78.332],[-92.503,78.313],[-92.991,78.466],[-92.882,78.507],[-92.491,78.515],[-92.543,78.527],[-91.654,78.53],[-91.649,78.565],[-92.811,78.638],[-93.282,78.595],[-93.472,78.652],[-93.348,78.678],[-93.374,78.688],[-93.539,78.678],[-93.813,78.768],[-93.566,78.786],[-93.163,78.74],[-93.038,78.768],[-93.547,78.839],[-93.875,78.834],[-94.294,78.987],[-93.609,79.057],[-93.433,79.156],[-93.33,79.171],[-91.881,79.164],[-90.366,79.248],[-92.086,79.206],[-92.627,79.245],[-92.696,79.267],[-92.564,79.31],[-91.915,79.302],[-91.17,79.354],[-91.121,79.392],[-91.83,79.343],[-92.495,79.365],[-92.58,79.385],[-92.23,79.433],[-92.606,79.451],[-92.924,79.416],[-93.087,79.487],[-93.147,79.466],[-93.005,79.392],[-93.389,79.343],[-93.234,79.418],[-93.321,79.452],[-93.495,79.36],[-93.654,79.367],[-93.684,79.343],[-93.629,79.323],[-93.93,79.259],[-94.211,79.275],[-94.144,79.337],[-93.841,79.399],[-94.48,79.427],[-94.513,79.42],[-94.498,79.385],[-94.388,79.371],[-95.0,79.268],[-95.0,79.595],[-94.341,79.686],[-94.362,79.734],[-94.293,79.759],[-94.371,79.785],[-94.77,79.682],[-95.0,79.666],[-95.0,80.044]]],[[[-62.515,81.987],[-63.92,81.799],[-64.326,81.831],[-64.121,81.769],[-64.373,81.725],[-65.375,81.763],[-65.341,81.742],[-66.047,81.694],[-65.341,81.694],[-65.858,81.627],[-66.0,81.654],[-68.213,81.563],[-69.308,81.722],[-68.356,81.543],[-68.856,81.55],[-68.581,81.516],[-67.269,81.571],[-66.608,81.516],[-68.622,81.294],[-69.425,81.277],[-69.473,81.262],[-69.315,81.242],[-70.213,81.18],[-69.637,81.18],[-70.02,81.106],[-69.482,81.185],[-65.736,81.493],[-64.546,81.55],[-64.436,81.482],[-64.692,81.391],[-65.4,81.27],[-65.989,81.228],[-66.672,81.04],[-67.235,80.94],[-67.563,80.946],[-67.609,80.933],[-67.533,80.899],[-67.606,80.871],[-68.973,80.617],[-68.891,80.604],[-69.168,80.522],[-69.332,80.409],[-69.666,80.355],[-70.309,80.358],[-70.22,80.42],[-70.334,80.477],[-70.824,80.567],[-70.37,80.413],[-70.459,80.385],[-70.453,80.344],[-69.959,80.262],[-70.159,80.192],[-70.748,80.207],[-71.735,80.118],[-71.998,80.192],[-72.42,80.213],[-71.898,80.118],[-72.392,80.091],[-72.324,80.084],[-72.342,80.063],[-71.524,80.068],[-70.648,80.143],[-70.487,80.063],[-70.705,79.992],[-71.376,79.942],[-71.46,79.899],[-70.912,79.893],[-71.142,79.789],[-72.232,79.663],[-72.92,79.71],[-73.064,79.802],[-72.906,79.816],[-72.931,79.824],[-73.813,79.822],[-73.865,79.837],[-73.742,79.85],[-74.228,79.896],[-74.845,79.85],[-74.67,79.796],[-73.383,79.776],[-73.351,79.768],[-73.386,79.755],[-73.36,79.717],[-73.173,79.659],[-73.187,79.597],[-73.125,79.566],[-73.317,79.509],[-73.734,79.496],[-73.966,79.564],[-74.003,79.542],[-73.951,79.487],[-73.992,79.459],[-74.282,79.44],[-74.696,79.45],[-74.996,79.513],[-75.065,79.494],[-74.889,79.416],[-75.028,79.373],[-77.134,79.549],[-77.189,79.508],[-76.194,79.47],[-76.141,79.447],[-76.208,79.43],[-76.152,79.395],[-75.88,79.357],[-76.873,79.35],[-77.087,79.406],[-77.125,79.469],[-77.402,79.453],[-77.162,79.33],[-78.059,79.357],[-77.326,79.267],[-77.497,79.248],[-76.206,79.277],[-75.948,79.237],[-74.469,79.227],[-74.825,79.179],[-74.612,79.151],[-74.667,79.145],[-74.441,79.063],[-75.087,79.032],[-75.757,79.084],[-75.894,79.104],[-75.853,79.145],[-75.894,79.17],[-76.089,79.205],[-78.182,79.195],[-78.257,79.172],[-76.742,79.15],[-76.086,79.104],[-76.169,79.077],[-76.706,79.091],[-77.534,79.024],[-78.096,79.085],[-78.895,79.069],[-77.915,79.056],[-77.703,79.008],[-77.956,78.96],[-78.299,78.796],[-78.227,78.772],[-77.718,78.97],[-76.733,79.037],[-75.781,78.982],[-75.722,78.967],[-76.459,78.849],[-75.744,78.897],[-74.774,78.835],[-74.778,78.805],[-74.906,78.788],[-74.786,78.783],[-74.763,78.768],[-74.832,78.747],[-74.722,78.713],[-74.845,78.699],[-74.866,78.677],[-74.832,78.658],[-74.873,78.644],[-74.633,78.59],[-75.398,78.516],[-76.662,78.528],[-76.691,78.513],[-76.15,78.507],[-76.079,78.466],[-75.108,78.375],[-75.03,78.336],[-75.37,78.307],[-75.626,78.2],[-76.605,78.255],[-76.915,78.207],[-75.582,78.113],[-75.934,77.959],[-76.232,78.021],[-76.881,77.905],[-77.154,77.949],[-77.881,77.943],[-78.217,78.003],[-78.272,77.98],[-78.183,77.966],[-78.43,77.911],[-77.981,77.817],[-77.942,77.76],[-78.052,77.733],[-77.987,77.702],[-78.08,77.679],[-77.913,77.675],[-77.716,77.61],[-77.976,77.56],[-77.942,77.513],[-78.279,77.432],[-78.231,77.404],[-78.252,77.387],[-78.69,77.319],[-78.841,77.315],[-78.724,77.377],[-78.771,77.385],[-79.133,77.291],[-80.551,77.31],[-81.297,77.437],[-81.582,77.517],[-81.589,77.554],[-81.671,77.569],[-81.609,77.582],[-81.64,77.598],[-81.825,77.625],[-81.856,77.674],[-81.937,77.685],[-81.911,77.618],[-81.673,77.524],[-81.737,77.435],[-81.48,77.376],[-81.207,77.374],[-81.171,77.333],[-82.198,77.302],[-81.918,77.253],[-81.858,77.17],[-81.103,77.287],[-80.115,77.206],[-80.41,77.083],[-80.372,77.075],[-79.718,77.243],[-79.432,77.239],[-79.055,77.168],[-79.033,77.157],[-79.066,77.137],[-79.006,77.105],[-79.347,76.979],[-79.393,76.953],[-79.376,76.926],[-78.903,76.934],[-78.868,76.924],[-78.964,76.842],[-78.72,76.828],[-78.696,76.842],[-78.724,76.883],[-78.567,76.897],[-78.534,76.954],[-78.388,76.973],[-78.416,76.986],[-78.384,77.004],[-78.091,77.023],[-77.889,76.95],[-77.902,76.918],[-77.834,76.891],[-77.895,76.869],[-77.716,76.822],[-77.79,76.776],[-77.766,76.728],[-77.813,76.688],[-77.771,76.664],[-78.032,76.633],[-78.19,76.561],[-78.141,76.527],[-78.356,76.498],[-78.367,76.466],[-78.565,76.47],[-78.622,76.5],[-78.586,76.52],[-78.614,76.555],[-78.566,76.568],[-78.774,76.577],[-78.97,76.435],[-79.183,76.404],[-79.293,76.302],[-79.55,76.317],[-81.072,76.129],[-81.067,76.164],[-80.958,76.198],[-81.095,76.219],[-80.797,76.372],[-80.772,76.42],[-80.998,76.486],[-81.218,76.5],[-81.177,76.533],[-81.207,76.564],[-81.402,76.483],[-81.538,76.473],[-82.056,76.516],[-82.082,76.527],[-81.986,76.584],[-82.062,76.617],[-81.783,76.688],[-82.276,76.635],[-82.73,76.821],[-82.774,76.815],[-82.554,76.725],[-82.512,76.662],[-82.082,76.568],[-82.225,76.52],[-82.138,76.439],[-82.282,76.4],[-82.801,76.39],[-83.001,76.436],[-83.103,76.466],[-83.062,76.5],[-83.116,76.589],[-83.391,76.678],[-83.405,76.719],[-83.356,76.753],[-83.381,76.761],[-83.528,76.709],[-83.252,76.577],[-83.237,76.519],[-83.185,76.496],[-83.246,76.459],[-83.185,76.431],[-83.279,76.406],[-83.713,76.435],[-84.051,76.553],[-84.101,76.635],[-84.293,76.664],[-84.33,76.651],[-84.197,76.618],[-84.251,76.537],[-84.179,76.486],[-84.216,76.451],[-84.633,76.439],[-84.796,76.479],[-84.845,76.535],[-84.987,76.586],[-85.035,76.575],[-85.056,76.52],[-84.942,76.422],[-84.388,76.315],[-85.203,76.284],[-85.249,76.316],[-86.347,76.389],[-86.413,76.41],[-86.418,76.472],[-86.207,76.527],[-86.578,76.642],[-86.632,76.637],[-86.303,76.528],[-86.643,76.477],[-86.722,76.348],[-87.131,76.39],[-87.151,76.449],[-87.433,76.466],[-87.396,76.51],[-87.502,76.548],[-87.461,76.589],[-87.563,76.62],[-87.595,76.538],[-87.496,76.503],[-87.547,76.449],[-87.433,76.424],[-87.502,76.383],[-87.406,76.356],[-87.707,76.34],[-87.837,76.418],[-87.918,76.364],[-88.404,76.394],[-88.434,76.404],[-88.358,76.438],[-88.441,76.466],[-88.354,76.519],[-88.52,76.621],[-88.482,76.661],[-88.552,76.74],[-88.482,76.777],[-88.507,76.824],[-88.709,76.712],[-88.585,76.637],[-88.66,76.602],[-88.496,76.548],[-88.489,76.507],[-88.622,76.438],[-88.618,76.404],[-88.696,76.415],[-88.613,76.486],[-88.681,76.524],[-88.64,76.561],[-88.71,76.601],[-88.831,76.5],[-88.791,76.459],[-88.911,76.41],[-89.047,76.45],[-89.236,76.438],[-89.435,76.5],[-89.411,76.544],[-89.462,76.576],[-89.544,76.543],[-89.681,76.575],[-89.448,76.659],[-89.419,76.687],[-89.455,76.725],[-89.386,76.733],[-89.47,76.763],[-89.537,76.857],[-88.393,77.103],[-88.544,77.103],[-88.495,77.114],[-87.678,77.137],[-87.586,77.098],[-87.337,77.116],[-87.461,77.13],[-87.362,77.176],[-87.083,77.189],[-86.823,77.129],[-86.79,77.137],[-86.892,77.171],[-86.604,77.178],[-87.181,77.2],[-87.215,77.212],[-86.913,77.267],[-87.249,77.308],[-86.85,77.364],[-87.349,77.334],[-87.721,77.37],[-87.701,77.397],[-87.783,77.438],[-87.647,77.487],[-87.701,77.541],[-88.211,77.65],[-88.153,77.742],[-88.235,77.774],[-88.105,77.815],[-88.222,77.863],[-88.042,77.823],[-87.192,77.905],[-86.452,77.836],[-85.974,77.713],[-85.719,77.474],[-85.796,77.425],[-85.508,77.479],[-85.48,77.466],[-85.527,77.443],[-85.402,77.401],[-85.001,77.384],[-84.761,77.322],[-84.466,77.302],[-84.617,77.384],[-84.062,77.404],[-83.466,77.349],[-83.484,77.391],[-83.836,77.459],[-83.389,77.514],[-82.986,77.679],[-82.541,77.925],[-82.582,77.946],[-82.513,77.96],[-82.596,78.021],[-82.37,78.042],[-82.321,78.083],[-82.765,78.028],[-82.793,77.989],[-82.736,77.928],[-82.936,77.882],[-83.202,77.71],[-83.678,77.535],[-83.918,77.494],[-84.334,77.533],[-84.761,77.52],[-84.868,77.573],[-84.631,77.63],[-84.435,77.729],[-84.465,77.749],[-84.499,77.755],[-84.508,77.754],[-84.474,77.74],[-84.545,77.681],[-84.943,77.603],[-85.282,77.66],[-85.307,77.671],[-85.268,77.713],[-85.351,77.74],[-84.946,77.829],[-84.971,77.844],[-85.26,77.804],[-85.402,77.832],[-85.251,77.885],[-85.036,77.879],[-84.898,77.897],[-84.837,77.891],[-84.891,77.838],[-84.677,77.908],[-84.315,77.898],[-84.55,77.928],[-85.473,77.872],[-85.508,77.883],[-85.488,77.911],[-85.68,77.935],[-85.063,78.063],[-84.707,78.035],[-84.289,78.083],[-84.852,78.058],[-85.097,78.103],[-84.994,78.158],[-85.035,78.179],[-84.028,78.179],[-84.968,78.214],[-84.809,78.327],[-84.576,78.354],[-84.871,78.37],[-84.768,78.488],[-84.788,78.507],[-84.617,78.59],[-84.857,78.507],[-84.972,78.422],[-84.96,78.35],[-85.049,78.315],[-85.029,78.289],[-85.491,78.106],[-86.289,78.083],[-86.235,78.137],[-86.256,78.158],[-85.939,78.237],[-85.837,78.342],[-85.86,78.386],[-86.236,78.205],[-86.506,78.215],[-86.77,78.12],[-87.537,78.145],[-87.436,78.187],[-87.091,78.207],[-87.523,78.233],[-87.499,78.374],[-87.529,78.411],[-87.157,78.549],[-86.858,78.549],[-86.904,78.583],[-87.122,78.583],[-86.989,78.648],[-86.94,78.714],[-86.61,78.809],[-85.757,78.832],[-85.031,78.922],[-84.706,78.871],[-83.746,78.839],[-83.162,78.724],[-82.788,78.693],[-82.579,78.607],[-82.343,78.569],[-82.239,78.594],[-82.596,78.706],[-82.219,78.727],[-82.339,78.759],[-82.773,78.734],[-83.26,78.837],[-82.401,78.829],[-82.018,78.867],[-81.754,78.843],[-81.657,78.891],[-81.76,78.919],[-81.699,78.979],[-81.479,79.049],[-81.547,79.069],[-81.881,79.019],[-82.122,78.916],[-82.535,78.885],[-82.968,78.941],[-84.279,78.955],[-84.752,79.039],[-84.783,79.053],[-84.766,79.087],[-84.453,79.148],[-84.165,79.131],[-83.982,79.051],[-83.447,79.029],[-83.363,79.055],[-83.692,79.07],[-84.028,79.159],[-83.932,79.192],[-83.962,79.22],[-84.33,79.192],[-84.336,79.248],[-84.43,79.297],[-84.487,79.413],[-84.879,79.487],[-85.049,79.591],[-85.021,79.618],[-85.322,79.68],[-86.475,79.761],[-86.482,79.822],[-86.378,79.824],[-86.475,79.893],[-86.396,79.963],[-85.333,79.9],[-85.254,79.926],[-86.535,80.031],[-86.654,80.137],[-86.522,80.241],[-86.504,80.309],[-85.893,80.338],[-85.316,80.269],[-83.788,80.251],[-82.171,79.869],[-81.965,79.747],[-81.986,79.727],[-81.671,79.693],[-81.677,79.648],[-81.616,79.624],[-81.787,79.611],[-81.652,79.594],[-81.378,79.643],[-80.587,79.569],[-80.643,79.591],[-79.92,79.649],[-79.752,79.707],[-80.881,79.654],[-81.523,79.718],[-81.506,79.755],[-81.629,79.768],[-81.566,79.807],[-81.662,79.908],[-81.404,79.94],[-82.169,80.018],[-83.206,80.323],[-80.352,80.473],[-80.293,80.488],[-80.362,80.508],[-80.051,80.528],[-78.052,80.569],[-78.018,80.597],[-79.964,80.617],[-78.189,80.806],[-76.515,80.856],[-76.483,80.879],[-76.589,80.902],[-78.936,80.879],[-78.862,80.925],[-78.909,81.002],[-78.395,81.146],[-78.477,81.152],[-78.444,81.171],[-76.744,81.44],[-78.192,81.305],[-78.683,81.192],[-78.758,81.139],[-78.69,81.125],[-78.737,81.114],[-78.944,81.107],[-79.505,81.2],[-79.066,81.091],[-79.259,81.064],[-79.347,81.002],[-79.168,80.988],[-79.195,80.959],[-79.411,80.923],[-79.614,80.828],[-80.876,80.663],[-82.913,80.539],[-83.12,80.548],[-83.168,80.588],[-83.087,80.647],[-82.149,80.727],[-81.76,80.817],[-81.97,80.837],[-82.579,80.742],[-83.302,80.698],[-83.526,80.705],[-83.569,80.742],[-83.124,80.831],[-83.274,80.847],[-83.658,80.755],[-83.863,80.762],[-83.775,80.742],[-83.827,80.709],[-83.719,80.632],[-83.846,80.544],[-85.121,80.504],[-85.865,80.543],[-85.563,80.625],[-86.05,80.538],[-86.749,80.604],[-86.552,80.716],[-85.622,80.98],[-84.977,81.045],[-84.22,81.058],[-82.363,81.18],[-85.781,81.034],[-86.112,80.993],[-86.563,80.875],[-87.064,80.734],[-87.276,80.632],[-87.707,80.645],[-88.931,80.799],[-89.462,80.915],[-88.413,80.999],[-86.699,81.005],[-86.281,81.069],[-85.858,81.076],[-85.83,81.084],[-85.919,81.112],[-84.734,81.284],[-85.245,81.299],[-85.875,81.24],[-86.516,81.125],[-87.388,81.069],[-89.826,81.013],[-90.182,81.07],[-90.353,81.174],[-89.984,81.25],[-89.559,81.209],[-88.934,81.249],[-89.387,81.252],[-89.956,81.331],[-88.991,81.469],[-88.818,81.461],[-88.934,81.482],[-88.889,81.5],[-87.941,81.536],[-87.976,81.522],[-87.249,81.495],[-88.343,81.591],[-90.492,81.371],[-90.552,81.385],[-90.483,81.399],[-90.86,81.447],[-89.586,81.632],[-90.092,81.626],[-90.024,81.646],[-90.299,81.704],[-90.356,81.691],[-90.291,81.646],[-90.716,81.674],[-91.008,81.608],[-90.962,81.563],[-91.47,81.53],[-91.409,81.55],[-91.482,81.596],[-91.881,81.619],[-91.949,81.632],[-91.867,81.646],[-91.957,81.66],[-91.772,81.667],[-91.813,81.68],[-91.738,81.694],[-91.731,81.729],[-91.484,81.772],[-91.051,81.765],[-91.154,81.804],[-91.014,81.842],[-90.243,81.9],[-89.935,81.886],[-89.983,81.903],[-89.722,81.923],[-89.681,81.914],[-89.743,81.9],[-89.645,81.864],[-89.335,81.809],[-89.147,81.886],[-89.413,81.93],[-88.989,81.928],[-89.058,81.989],[-89.026,82.0],[-87.23,82.0],[-87.318,81.976],[-86.728,81.893],[-87.131,81.976],[-85.921,82.0],[-85.399,81.857],[-85.371,81.865],[-85.734,81.989],[-85.217,82.0],[-85.021,81.92],[-84.796,81.886],[-85.069,81.989],[-84.866,81.994],[-84.774,81.919],[-84.603,81.893],[-84.752,81.991],[-84.871,82.0],[-80.357,82.0],[-80.021,81.968],[-79.529,81.824],[-79.231,81.818],[-79.704,81.961],[-79.923,81.989],[-62.515,81.987]]],[[[-79.805,53.126],[-79.849,53.085],[-79.93,53.094],[-79.936,53.125],[-79.895,53.181],[-79.805,53.126]]],[[[-79.944,53.372],[-79.923,53.275],[-79.984,53.265],[-80.086,53.33],[-79.944,53.372]]],[[[-79.862,53.92],[-79.907,53.918],[-79.93,53.941],[-79.862,53.92]]],[[[-80.033,56.19],[-80.105,56.201],[-80.06,56.304],[-79.872,56.336],[-79.867,56.385],[-79.674,56.385],[-79.546,56.53],[-79.679,56.331],[-80.033,56.19]]],[[[-79.548,56.728],[-79.573,56.818],[-79.48,56.723],[-79.488,56.664],[-79.565,56.621],[-79.548,56.728]]],[[[-79.896,56.904],[-79.795,56.952],[-79.731,56.802],[-79.791,56.796],[-79.812,56.897],[-79.896,56.904]]],[[[-79.808,57.434],[-79.851,57.487],[-79.812,57.485],[-79.78,57.528],[-79.826,57.539],[-79.737,57.622],[-79.696,57.529],[-79.78,57.511],[-79.808,57.434]]],[[[-80.553,59.45],[-80.467,59.465],[-80.542,59.371],[-80.519,59.444],[-80.553,59.45]]],[[[-80.211,59.722],[-80.149,59.71],[-80.156,59.683],[-80.342,59.62],[-80.211,59.722]]],[[[-80.1,59.776],[-80.095,59.813],[-80.18,59.749],[-80.043,59.878],[-79.882,59.861],[-80.019,59.772],[-80.1,59.776]]],[[[-65.656,43.463],[-65.56,43.511],[-65.629,43.422],[-65.656,43.463]]],[[[-59.872,43.942],[-59.707,44.014],[-59.808,43.94],[-59.908,43.916],[-60.019,43.914],[-60.13,43.96],[-59.872,43.942]]],[[[-66.213,44.396],[-66.239,44.338],[-66.328,44.258],[-66.286,44.325],[-66.213,44.396]]],[[[-66.851,44.755],[-66.791,44.799],[-66.743,44.782],[-66.761,44.755],[-66.69,44.62],[-66.783,44.661],[-66.906,44.606],[-66.851,44.755]]],[[[-74.128,45.308],[-73.921,45.334],[-74.003,45.269],[-74.165,45.27],[-74.128,45.308]]],[[[-73.876,45.394],[-73.932,45.367],[-73.985,45.406],[-73.917,45.41],[-73.876,45.394]]],[[[-73.899,45.501],[-73.943,45.508],[-73.886,45.523],[-73.899,45.501]]],[[[-61.112,45.549],[-60.884,45.558],[-61.004,45.461],[-61.002,45.494],[-61.112,45.549]]],[[[-73.865,45.554],[-73.718,45.676],[-73.565,45.699],[-73.718,45.562],[-73.865,45.554]]],[[[-73.48,45.714],[-73.539,45.487],[-73.589,45.448],[-73.974,45.445],[-73.85,45.521],[-73.694,45.555],[-73.48,45.714]]],[[[-70.828,47.03],[-70.862,46.946],[-70.953,46.895],[-71.125,46.877],[-70.828,47.03]]],[[[-60.075,45.815],[-60.395,45.643],[-60.475,45.649],[-60.672,45.574],[-60.844,45.605],[-60.871,45.646],[-61.157,45.557],[-61.208,45.608],[-61.285,45.548],[-61.442,45.682],[-61.552,46.022],[-61.475,46.074],[-61.459,46.145],[-61.281,46.246],[-61.086,46.466],[-61.03,46.568],[-61.043,46.625],[-61.016,46.642],[-61.024,46.593],[-60.899,46.769],[-60.701,46.905],[-60.642,47.004],[-60.594,47.035],[-60.486,46.999],[-60.396,47.026],[-60.496,46.895],[-60.311,46.854],[-60.345,46.694],[-60.4,46.67],[-60.358,46.656],[-60.386,46.642],[-60.352,46.601],[-60.606,46.211],[-60.475,46.32],[-60.419,46.33],[-60.427,46.284],[-60.632,46.118],[-60.816,46.062],[-60.874,46.079],[-60.993,45.982],[-61.119,45.949],[-61.01,45.941],[-60.884,46.035],[-60.736,46.057],[-60.815,45.937],[-61.071,45.895],[-61.044,45.889],[-61.098,45.854],[-60.989,45.889],[-60.914,45.854],[-61.103,45.779],[-61.148,45.708],[-61.082,45.691],[-60.913,45.756],[-60.807,45.721],[-60.838,45.642],[-60.732,45.684],[-60.737,45.774],[-60.4,45.998],[-60.699,45.891],[-60.782,45.954],[-60.301,46.219],[-60.401,46.218],[-60.653,46.072],[-60.475,46.233],[-60.284,46.328],[-60.205,46.242],[-60.29,46.156],[-60.244,46.176],[-60.205,46.142],[-60.193,46.212],[-60.136,46.252],[-60.037,46.224],[-60.091,46.211],[-59.944,46.196],[-59.934,46.159],[-59.811,46.17],[-59.886,46.08],[-59.811,46.108],[-59.958,46.027],[-59.921,45.995],[-59.832,46.003],[-59.805,45.936],[-60.127,45.869],[-60.156,45.838],[-60.075,45.815]]],[[[-61.977,46.455],[-62.166,46.358],[-62.36,46.361],[-62.332,46.313],[-62.401,46.313],[-62.366,46.271],[-62.497,46.272],[-62.424,46.245],[-62.437,46.216],[-62.576,46.239],[-62.497,46.183],[-62.599,46.211],[-62.572,46.19],[-62.607,46.183],[-62.531,46.17],[-62.542,46.128],[-62.476,46.121],[-62.517,46.149],[-62.486,46.153],[-62.453,46.108],[-62.473,46.063],[-62.572,46.033],[-62.456,46.025],[-62.545,45.972],[-62.751,45.951],[-62.894,46.005],[-62.935,46.053],[-62.887,46.053],[-62.909,46.072],[-63.031,46.067],[-62.918,46.101],[-62.878,46.156],[-62.948,46.128],[-62.947,46.193],[-63.117,46.216],[-62.963,46.32],[-63.134,46.238],[-63.196,46.272],[-63.175,46.228],[-63.271,46.197],[-63.142,46.198],[-63.233,46.145],[-63.491,46.224],[-63.602,46.217],[-63.8,46.332],[-63.806,46.375],[-63.716,46.354],[-63.765,46.382],[-63.737,46.396],[-64.134,46.416],[-64.108,46.544],[-64.062,46.57],[-64.073,46.642],[-64.145,46.598],[-64.23,46.635],[-64.383,46.628],[-64.417,46.683],[-64.231,46.903],[-63.997,47.067],[-63.975,46.894],[-64.093,46.78],[-63.97,46.745],[-63.983,46.717],[-63.881,46.643],[-63.907,46.608],[-63.834,46.612],[-63.936,46.478],[-63.826,46.519],[-63.823,46.461],[-63.709,46.444],[-63.734,46.511],[-63.702,46.525],[-63.73,46.533],[-63.677,46.568],[-63.495,46.531],[-63.457,46.467],[-63.429,46.497],[-63.463,46.506],[-63.332,46.499],[-63.238,46.407],[-62.824,46.415],[-62.765,46.449],[-62.586,46.43],[-62.702,46.457],[-62.586,46.478],[-61.977,46.455]]],[[[-61.691,47.534],[-61.744,47.483],[-61.859,47.424],[-61.785,47.434],[-61.672,47.538],[-61.593,47.561],[-61.966,47.283],[-61.825,47.243],[-61.784,47.266],[-61.793,47.24],[-62.011,47.225],[-61.926,47.413],[-61.562,47.627],[-61.382,47.637],[-61.501,47.557],[-61.552,47.561],[-61.469,47.622],[-61.691,47.534]]],[[[-64.52,47.874],[-64.477,47.944],[-64.539,47.807],[-64.649,47.732],[-64.697,47.759],[-64.649,47.79],[-64.7,47.828],[-64.669,47.871],[-64.52,47.874]]],[[[-64.526,48.021],[-64.484,48.02],[-64.472,47.963],[-64.59,47.903],[-64.526,48.021]]],[[[-64.335,49.815],[-64.398,49.798],[-64.511,49.868],[-64.451,49.909],[-64.133,49.95],[-63.124,49.784],[-62.534,49.605],[-62.397,49.497],[-62.204,49.414],[-61.883,49.354],[-61.661,49.151],[-61.812,49.069],[-62.248,49.068],[-63.093,49.233],[-63.587,49.39],[-63.627,49.498],[-63.764,49.602],[-64.335,49.815]]],[[[-63.885,50.199],[-63.901,50.254],[-63.856,50.205],[-63.885,50.199]]],[[[-79.368,52.098],[-79.252,52.077],[-79.321,52.034],[-79.336,51.963],[-79.62,51.92],[-79.656,51.987],[-79.635,52.022],[-79.368,52.098]]],[[[-80.724,52.863],[-80.67,52.742],[-80.718,52.695],[-82.063,53.023],[-81.858,53.185],[-81.424,53.229],[-81.174,53.212],[-80.978,53.11],[-80.724,52.863]]],[[[-79.725,53.509],[-79.766,53.547],[-79.704,53.516],[-79.725,53.509]]],[[[-79.019,54.941],[-79.151,54.902],[-79.78,54.784],[-79.654,54.854],[-79.019,54.941]]],[[[-77.648,55.427],[-77.21,55.64],[-77.586,55.436],[-77.648,55.427]]],[[[-79.005,56.017],[-78.936,56.024],[-79.021,55.954],[-79.078,55.834],[-79.142,55.797],[-79.013,56.059],[-78.966,56.084],[-78.951,56.038],[-79.005,56.017]]],[[[-78.676,56.182],[-78.936,56.119],[-78.829,56.269],[-78.825,56.358],[-78.758,56.435],[-78.671,56.443],[-78.676,56.182]]],[[[-79.786,55.79],[-79.471,56.121],[-79.584,56.111],[-79.909,55.825],[-79.949,55.889],[-80.026,55.9],[-79.737,56.161],[-79.525,56.294],[-79.454,56.56],[-79.416,56.497],[-79.435,56.414],[-79.505,56.246],[-79.607,56.134],[-79.409,56.222],[-79.309,56.435],[-79.285,56.661],[-79.204,56.685],[-79.133,56.615],[-79.223,56.65],[-79.247,56.562],[-79.131,56.544],[-79.058,56.437],[-78.936,56.43],[-78.909,56.345],[-78.952,56.322],[-78.882,56.326],[-79.062,56.139],[-79.203,55.859],[-79.111,56.087],[-78.99,56.263],[-78.98,56.392],[-79.049,56.361],[-79.102,56.222],[-79.052,56.229],[-79.059,56.202],[-79.286,55.866],[-79.128,56.161],[-79.156,56.236],[-79.469,55.879],[-79.634,55.903],[-79.786,55.79]]],[[[-79.873,56.867],[-79.823,56.813],[-79.88,56.753],[-79.939,56.76],[-79.944,56.84],[-79.873,56.867]]],[[[-77.949,58.333],[-77.668,58.251],[-77.668,58.245],[-77.949,58.333]]],[[[-78.624,58.616],[-78.457,58.546],[-78.457,58.539],[-78.683,58.621],[-78.655,58.641],[-78.696,58.697],[-78.624,58.616]]],[[[-62.574,45.824],[-62.507,45.828],[-62.603,45.804],[-62.574,45.824]]],[[[-59.689,46.03],[-59.76,46.0],[-59.781,46.004],[-59.689,46.03]]],[[[-54.778,47.274],[-54.812,47.232],[-54.828,47.243],[-54.83,47.267],[-54.778,47.274]]],[[[-54.178,47.418],[-54.153,47.368],[-54.21,47.36],[-54.217,47.381],[-54.178,47.418]]],[[[-70.34,47.428],[-70.393,47.373],[-70.436,47.377],[-70.411,47.414],[-70.34,47.428]]],[[[-52.919,47.653],[-52.977,47.597],[-53.03,47.599],[-52.956,47.655],[-52.919,47.653]]],[[[-68.88,48.403],[-68.845,48.396],[-68.891,48.388],[-68.88,48.403]]],[[[-55.854,50.205],[-55.824,50.204],[-55.886,50.197],[-55.854,50.205]]],[[[-55.803,50.22],[-55.713,50.22],[-55.696,50.194],[-55.803,50.22]]],[[[-58.861,50.833],[-58.846,50.789],[-58.881,50.785],[-58.861,50.833]]],[[[-57.275,50.827],[-57.187,50.823],[-57.24,50.796],[-57.262,50.8],[-57.275,50.827]]],[[[-58.427,51.167],[-58.581,51.08],[-58.621,51.092],[-58.547,51.15],[-58.427,51.167]]],[[[-58.307,51.236],[-58.363,51.202],[-58.411,51.202],[-58.388,51.239],[-58.307,51.236]]],[[[-79.08,52.107],[-79.007,52.098],[-79.087,52.097],[-79.08,52.107]]],[[[-79.446,52.262],[-79.381,52.245],[-79.501,52.233],[-79.446,52.262]]],[[[-78.719,52.446],[-78.75,52.406],[-78.827,52.428],[-78.769,52.448],[-78.719,52.446]]],[[[-79.612,52.577],[-79.565,52.545],[-79.639,52.533],[-79.612,52.577]]],[[[-55.888,52.775],[-55.809,52.731],[-55.895,52.763],[-55.888,52.775]]],[[[-55.85,53.004],[-55.768,52.988],[-55.802,52.945],[-55.85,53.004]]],[[[-55.79,53.094],[-55.759,53.034],[-55.871,53.026],[-55.863,53.071],[-55.79,53.094]]],[[[-55.976,53.485],[-55.767,53.476],[-55.743,53.445],[-55.803,53.455],[-55.769,53.403],[-55.817,53.411],[-55.786,53.394],[-55.983,53.442],[-55.976,53.485]]],[[[-57.172,53.66],[-57.08,53.704],[-57.031,53.713],[-57.114,53.643],[-57.172,53.66]]],[[[-57.009,53.789],[-56.818,53.79],[-56.947,53.752],[-57.009,53.789]]],[[[-57.292,54.284],[-57.314,54.24],[-57.368,54.259],[-57.328,54.288],[-57.292,54.284]]],[[[-81.086,54.348],[-81.108,54.366],[-81.102,54.374],[-81.086,54.348]]],[[[-57.229,54.492],[-57.198,54.449],[-57.293,54.469],[-57.287,54.483],[-57.229,54.492]]],[[[-57.275,54.58],[-57.268,54.504],[-57.362,54.507],[-57.347,54.555],[-57.275,54.58]]],[[[-76.765,56.176],[-76.721,56.125],[-76.78,56.108],[-76.765,56.176]]],[[[-77.841,56.323],[-77.928,56.299],[-77.98,56.287],[-77.841,56.323]]],[[[-77.483,56.441],[-77.503,56.386],[-77.535,56.38],[-77.537,56.397],[-77.483,56.441]]],[[[-78.753,56.657],[-78.851,56.673],[-78.74,56.667],[-78.753,56.657]]],[[[-76.634,56.715],[-76.619,56.587],[-76.655,56.549],[-76.634,56.715]]],[[[-76.655,57.067],[-76.701,57.083],[-76.725,57.191],[-76.656,57.14],[-76.655,57.067]]],[[[-78.263,57.198],[-78.324,57.172],[-78.382,57.174],[-78.326,57.208],[-78.263,57.198]]],[[[-78.326,57.318],[-78.427,57.28],[-78.481,57.291],[-78.326,57.318]]],[[[-76.739,57.284],[-76.839,57.419],[-76.835,57.426],[-76.752,57.37],[-76.739,57.284]]],[[[-67.526,58.347],[-67.531,58.297],[-67.582,58.278],[-67.662,58.327],[-67.593,58.422],[-67.526,58.347]]],[[[-78.651,58.802],[-78.648,58.772],[-78.708,58.786],[-78.651,58.802]]],[[[-78.897,58.823],[-78.942,58.838],[-78.938,58.865],[-78.927,58.866],[-78.897,58.823]]],[[[-68.985,59.005],[-69.016,58.972],[-69.12,58.957],[-69.061,59.011],[-68.985,59.005]]],[[[-80.552,59.11],[-80.548,59.091],[-80.583,59.098],[-80.552,59.11]]],[[[-80.514,59.697],[-80.552,59.649],[-80.588,59.662],[-80.581,59.669],[-80.514,59.697]]],[[[-80.381,59.711],[-80.39,59.686],[-80.444,59.648],[-80.422,59.695],[-80.381,59.711]]],[[[-69.911,61.0],[-69.978,60.93],[-70.004,60.935],[-69.985,61.019],[-69.923,61.032],[-69.911,61.0]]],[[[-71.488,61.337],[-71.486,61.302],[-71.586,61.302],[-71.561,61.333],[-71.488,61.337]]],[[[-72.113,61.905],[-71.973,61.859],[-72.131,61.889],[-72.113,61.905]]],[[[-92.772,61.935],[-92.838,61.926],[-92.875,61.939],[-92.798,61.948],[-92.772,61.935]]],[[[-72.412,62.039],[-72.328,62.016],[-72.462,62.037],[-72.412,62.039]]],[[[-92.642,62.061],[-92.689,62.042],[-92.701,62.075],[-92.642,62.061]]],[[[-66.569,62.915],[-66.343,62.85],[-66.411,62.848],[-66.569,62.915]]],[[[-66.925,63.065],[-66.771,62.945],[-66.793,62.925],[-67.074,63.098],[-66.925,63.065]]],[[[-68.145,63.272],[-68.05,63.192],[-68.216,63.276],[-68.145,63.272]]],[[[-68.023,63.301],[-67.895,63.189],[-68.092,63.32],[-68.023,63.301]]],[[[-67.964,63.41],[-67.818,63.291],[-67.866,63.292],[-67.964,63.41]]],[[[-64.043,63.563],[-64.091,63.486],[-64.169,63.605],[-64.043,63.563]]],[[[-64.174,63.806],[-64.261,63.724],[-64.343,63.769],[-64.334,63.845],[-64.217,63.843],[-64.174,63.806]]],[[[-76.472,64.206],[-76.569,64.206],[-76.573,64.234],[-76.497,64.243],[-76.472,64.206]]],[[[-76.691,64.252],[-76.613,64.271],[-76.565,64.254],[-76.607,64.221],[-76.691,64.252]]],[[[-64.987,64.29],[-64.884,64.264],[-64.938,64.244],[-64.878,64.23],[-64.991,64.193],[-65.075,64.307],[-64.965,64.31],[-64.987,64.29]]],[[[-66.968,65.283],[-67.017,65.32],[-66.925,65.365],[-66.903,65.345],[-66.968,65.283]]],[[[-89.047,65.406],[-88.969,65.388],[-89.104,65.409],[-89.047,65.406]]],[[[-88.383,65.472],[-88.459,65.456],[-88.489,65.473],[-88.431,65.487],[-88.383,65.472]]],[[[-67.389,65.736],[-67.682,65.689],[-67.705,65.717],[-67.559,65.739],[-67.389,65.736]]],[[[-65.798,65.683],[-65.861,65.705],[-65.866,65.781],[-65.771,65.763],[-65.798,65.683]]],[[[-66.963,65.951],[-67.057,65.983],[-67.106,65.958],[-67.149,65.996],[-66.922,65.975],[-66.963,65.951]]],[[[-85.003,66.075],[-85.03,66.051],[-85.104,66.059],[-85.081,66.081],[-85.003,66.075]]],[[[-83.559,66.046],[-83.622,66.049],[-83.57,66.084],[-83.559,66.046]]],[[[-83.574,66.11],[-83.648,66.071],[-83.649,66.123],[-83.574,66.11]]],[[[-85.911,66.462],[-85.962,66.44],[-85.982,66.464],[-85.956,66.463],[-85.911,66.462]]],[[[-80.208,69.408],[-80.071,69.384],[-80.131,69.363],[-80.208,69.408]]],[[[-81.839,69.434],[-81.506,69.407],[-81.486,69.347],[-81.782,69.387],[-81.767,69.365],[-81.83,69.344],[-81.903,69.394],[-81.839,69.434]]],[[[-82.492,69.763],[-82.559,69.743],[-82.855,69.794],[-82.648,69.826],[-82.492,69.763]]]]}},{"type":"Feature","properties":{},"geometry":{"type":"MultiPolygon","coordinates":[[[[-95.0,18.555],[-94.787,18.512],[-94.581,18.19],[-94.467,18.144],[-93.861,18.307],[-93.878,18.257],[-93.781,18.273],[-93.739,18.341],[-93.593,18.345],[-93.576,18.412],[-93.84,18.319],[-93.552,18.429],[-93.156,18.443],[-93.176,18.378],[-93.122,18.389],[-93.128,18.341],[-93.088,18.393],[-93.138,18.429],[-92.856,18.466],[-92.717,18.592],[-92.669,18.429],[-92.696,18.616],[-92.405,18.671],[-91.948,18.691],[-91.867,18.598],[-91.932,18.594],[-91.95,18.63],[-92.039,18.601],[-92.053,18.547],[-91.888,18.506],[-91.97,18.594],[-91.902,18.581],[-91.895,18.526],[-91.826,18.491],[-91.86,18.433],[-91.814,18.389],[-91.813,18.451],[-91.772,18.437],[-91.798,18.491],[-91.486,18.436],[-91.484,18.498],[-91.539,18.471],[-91.504,18.512],[-91.182,18.657],[-91.299,18.629],[-91.266,18.736],[-91.415,18.814],[-91.237,18.958],[-91.415,18.827],[-91.505,18.817],[-90.936,19.163],[-90.769,19.309],[-90.73,19.376],[-90.684,19.753],[-90.478,19.922],[-90.49,20.534],[-90.459,20.716],[-90.379,20.827],[-90.339,20.972],[-90.398,20.821],[-90.442,20.794],[-90.332,21.032],[-89.786,21.285],[-89.113,21.363],[-88.703,21.459],[-88.605,21.534],[-88.448,21.575],[-88.3,21.555],[-88.085,21.589],[-88.235,21.574],[-88.129,21.616],[-87.706,21.533],[-87.866,21.555],[-87.778,21.511],[-87.619,21.52],[-87.257,21.441],[-87.156,21.482],[-87.138,21.563],[-87.257,21.528],[-87.337,21.555],[-87.402,21.509],[-87.413,21.534],[-87.111,21.623],[-86.998,21.566],[-86.919,21.44],[-86.828,21.433],[-86.815,21.205],[-86.791,21.158],[-86.742,21.164],[-86.875,20.855],[-87.067,20.619],[-87.235,20.493],[-87.43,20.221],[-87.471,20.069],[-87.434,19.889],[-87.48,19.784],[-87.444,19.913],[-87.478,19.965],[-87.455,19.889],[-87.525,19.803],[-87.58,19.799],[-87.667,19.634],[-87.66,19.684],[-87.741,19.672],[-87.732,19.601],[-87.66,19.568],[-87.674,19.506],[-87.565,19.568],[-87.441,19.554],[-87.426,19.592],[-87.444,19.574],[-87.529,19.588],[-87.447,19.581],[-87.44,19.636],[-87.413,19.578],[-87.458,19.455],[-87.535,19.402],[-87.571,19.396],[-87.537,19.437],[-87.618,19.405],[-87.676,19.311],[-87.688,19.242],[-87.639,19.221],[-87.567,19.317],[-87.496,19.328],[-87.516,19.287],[-87.461,19.321],[-87.533,19.228],[-87.662,18.767],[-87.737,18.645],[-87.763,18.429],[-87.845,18.197],[-87.859,18.245],[-87.887,18.23],[-87.866,18.328],[-87.885,18.292],[-87.935,18.443],[-88.078,18.499],[-88.002,18.69],[-88.036,18.875],[-88.127,18.73],[-88.135,18.77],[-88.199,18.74],[-88.248,18.696],[-88.187,18.739],[-88.195,18.676],[-88.151,18.699],[-88.283,18.491],[-88.528,18.454],[-88.617,18.235],[-88.697,18.178],[-88.727,18.067],[-88.871,17.891],[-89.049,17.999],[-89.154,17.941],[-89.16,17.814],[-90.983,17.811],[-90.992,17.252],[-91.443,17.238],[-91.28,17.18],[-91.055,16.908],[-90.993,16.874],[-90.955,16.899],[-90.919,16.836],[-90.797,16.805],[-90.668,16.653],[-90.667,16.587],[-90.634,16.592],[-90.633,16.483],[-90.544,16.49],[-90.395,16.419],[-90.38,16.367],[-90.418,16.367],[-90.405,16.332],[-90.445,16.308],[-90.414,16.288],[-90.459,16.259],[-90.437,16.099],[-90.486,16.071],[-91.74,16.061],[-92.211,15.272],[-92.074,15.074],[-92.154,14.996],[-92.192,14.835],[-92.161,14.683],[-92.226,14.549],[-92.841,15.161],[-92.781,15.159],[-92.737,15.093],[-92.768,15.171],[-92.983,15.266],[-93.2,15.491],[-93.943,16.011],[-93.854,16.025],[-93.898,16.089],[-94.074,16.141],[-94.128,16.221],[-94.267,16.215],[-94.399,16.299],[-94.437,16.223],[-94.293,16.141],[-94.266,16.148],[-94.341,16.182],[-94.204,16.155],[-93.964,15.998],[-94.392,16.178],[-94.722,16.2],[-94.587,16.282],[-94.581,16.326],[-94.67,16.364],[-94.793,16.258],[-94.807,16.299],[-94.773,16.327],[-94.852,16.429],[-95.0,16.326],[-95.0,18.555]]],[[[-94.999,16.251],[-94.834,16.286],[-94.93,16.244],[-94.762,16.204],[-95.0,16.195],[-94.999,16.251]]],[[[-87.379,18.402],[-87.31,18.567],[-87.335,18.454],[-87.379,18.402]]],[[[-87.269,18.739],[-87.25,18.651],[-87.263,18.629],[-87.269,18.739]]],[[[-91.556,18.792],[-91.525,18.752],[-91.621,18.745],[-91.689,18.669],[-91.723,18.663],[-91.703,18.697],[-91.843,18.651],[-91.556,18.792]]],[[[-86.747,20.596],[-86.797,20.477],[-86.995,20.261],[-87.02,20.397],[-86.968,20.506],[-86.905,20.568],[-86.837,20.547],[-86.747,20.596]]],[[[-86.701,21.199],[-86.75,21.273],[-86.742,21.288],[-86.701,21.199]]],[[[-89.685,22.381],[-89.655,22.472],[-89.714,22.541],[-89.771,22.533],[-89.73,22.583],[-89.61,22.461],[-89.634,22.379],[-89.685,22.381]]]]}},{"type":"Feature","properties":{},"geometry":{"type":"MultiPolygon","coordinates":[[[[-89.184,16.496],[-89.154,17.941],[-89.049,17.999],[-88.871,17.891],[-88.727,18.067],[-88.697,18.178],[-88.617,18.235],[-88.528,18.454],[-88.489,18.485],[-88.304,18.481],[-88.287,18.463],[-88.391,18.371],[-88.317,18.375],[-88.358,18.304],[-88.276,18.358],[-88.195,18.341],[-88.097,18.375],[-88.146,18.309],[-88.095,18.334],[-88.084,18.21],[-88.288,17.604],[-88.167,17.512],[-88.242,17.487],[-88.286,17.34],[-88.301,17.178],[-88.215,16.967],[-88.283,16.891],[-88.249,16.813],[-88.302,16.772],[-88.306,16.653],[-88.345,16.525],[-88.363,16.506],[-88.311,16.662],[-88.537,16.271],[-88.578,16.244],[-88.578,16.286],[-88.606,16.261],[-88.647,16.287],[-88.74,16.23],[-88.746,16.155],[-88.928,15.984],[-88.914,15.894],[-88.952,15.88],[-89.237,15.894],[-89.184,16.496]]],[[[-87.826,17.399],[-87.797,17.333],[-87.804,17.292],[-87.825,17.292],[-87.826,17.399]]],[[[-87.816,17.545],[-87.787,17.497],[-87.831,17.424],[-87.9,17.392],[-87.927,17.279],[-87.917,17.41],[-87.812,17.472],[-87.816,17.545]]],[[[-88.077,17.642],[-88.054,17.606],[-88.044,17.553],[-88.077,17.642]]],[[[-88.167,17.669],[-88.083,17.729],[-88.071,17.734],[-88.104,17.682],[-88.167,17.669]]],[[[-87.907,18.026],[-87.935,17.943],[-87.966,17.914],[-88.009,17.902],[-87.946,17.952],[-87.952,18.008],[-87.905,18.153],[-87.857,18.17],[-87.927,17.998],[-87.907,18.026]]],[[[-88.11,17.523],[-88.077,17.461],[-88.117,17.519],[-88.11,17.523]]],[[[-87.977,18.087],[-87.963,18.08],[-87.981,18.071],[-87.977,18.087]]],[[[-87.955,18.101],[-87.942,18.093],[-87.954,18.088],[-87.955,18.101]]],[[[-87.891,18.197],[-87.878,18.187],[-87.888,18.176],[-87.891,18.197]]]]}},{"type":"Feature","properties":{},"geometry":{"type":"MultiPolygon","coordinates":[[[[-72.988,10.0],[-72.908,10.452],[-72.499,11.121],[-72.267,11.155],[-71.971,11.662],[-71.328,11.85],[-71.336,11.789],[-71.467,11.722],[-71.961,11.591],[-71.939,11.381],[-71.857,11.217],[-71.77,11.106],[-71.626,11.015],[-71.679,10.988],[-71.697,11.026],[-71.769,11.015],[-71.716,10.958],[-71.674,10.802],[-71.576,10.721],[-71.63,10.454],[-71.754,10.371],[-72.015,10.0],[-72.988,10.0]]],[[[-71.212,10.0],[-71.268,10.152],[-71.364,10.22],[-71.474,10.412],[-71.466,10.502],[-71.542,10.565],[-71.5,10.628],[-71.583,10.809],[-71.446,10.796],[-71.453,10.872],[-71.412,10.919],[-71.501,10.96],[-71.294,10.987],[-70.87,11.196],[-70.514,11.253],[-70.486,11.295],[-70.231,11.352],[-70.159,11.401],[-70.154,11.47],[-70.099,11.43],[-70.037,11.441],[-70.054,11.506],[-70.162,11.569],[-69.926,11.513],[-69.845,11.436],[-69.795,11.437],[-69.744,11.503],[-69.816,11.694],[-70.212,11.609],[-70.208,11.774],[-70.241,11.762],[-70.302,11.858],[-70.206,12.112],[-70.018,12.199],[-69.925,12.16],[-69.835,12.015],[-69.747,11.632],[-69.624,11.468],[-69.27,11.536],[-69.062,11.454],[-68.863,11.453],[-68.484,11.207],[-68.403,11.2],[-68.278,10.925],[-68.377,10.919],[-68.239,10.885],[-68.332,10.83],[-68.287,10.658],[-68.21,10.537],[-68.13,10.488],[-67.881,10.48],[-67.865,10.452],[-67.778,10.496],[-67.17,10.556],[-67.012,10.611],[-66.334,10.611],[-66.276,10.652],[-66.047,10.576],[-66.122,10.543],[-66.122,10.507],[-65.882,10.31],[-65.93,10.323],[-65.923,10.282],[-65.718,10.22],[-65.868,10.31],[-65.58,10.185],[-65.17,10.097],[-65.084,10.048],[-64.963,10.097],[-64.777,10.09],[-64.729,10.136],[-64.717,10.228],[-64.668,10.187],[-64.631,10.248],[-64.468,10.249],[-64.377,10.301],[-64.463,10.333],[-64.381,10.344],[-64.381,10.386],[-64.357,10.339],[-64.339,10.391],[-64.189,10.478],[-63.864,10.446],[-63.655,10.495],[-64.032,10.59],[-64.169,10.57],[-64.234,10.515],[-64.298,10.62],[-64.271,10.673],[-64.145,10.617],[-64.049,10.652],[-63.915,10.631],[-63.847,10.652],[-63.812,10.714],[-63.757,10.666],[-63.553,10.629],[-63.388,10.699],[-63.251,10.681],[-63.162,10.735],[-62.928,10.699],[-62.706,10.762],[-62.154,10.686],[-61.846,10.741],[-61.962,10.652],[-62.253,10.632],[-62.335,10.53],[-62.662,10.567],[-62.923,10.531],[-63.011,10.454],[-62.857,10.532],[-62.831,10.407],[-62.995,10.408],[-62.956,10.357],[-63.004,10.275],[-62.932,10.286],[-62.942,10.405],[-62.88,10.371],[-62.764,10.395],[-62.675,10.293],[-62.627,10.131],[-62.657,10.082],[-62.777,10.086],[-62.823,10.042],[-62.902,10.103],[-63.018,10.103],[-62.982,10.069],[-62.953,10.088],[-62.936,10.008],[-62.915,10.084],[-62.896,10.044],[-62.798,10.029],[-62.806,10.0],[-71.212,10.0]]],[[[-62.786,10.002],[-62.785,10.07],[-62.717,10.048],[-62.619,10.092],[-62.602,10.231],[-62.495,10.152],[-62.441,10.0],[-62.786,10.002]]],[[[-62.218,10.0],[-62.196,10.02],[-62.12,10.0],[-62.218,10.0]]],[[[-64.005,10.776],[-63.904,10.777],[-63.909,10.736],[-64.005,10.776]]],[[[-65.22,10.954],[-65.205,10.904],[-65.245,10.885],[-65.412,10.925],[-65.33,10.978],[-65.22,10.954]]],[[[-63.881,11.179],[-63.788,10.974],[-63.843,10.968],[-63.898,10.885],[-64.06,10.858],[-64.176,10.967],[-64.224,10.939],[-64.409,10.967],[-64.371,11.062],[-64.292,11.084],[-64.198,11.088],[-64.182,11.034],[-64.049,10.991],[-63.986,11.109],[-63.881,11.179]]],[[[-66.593,11.783],[-66.642,11.761],[-66.704,11.783],[-66.615,11.824],[-66.593,11.783]]],[[[-66.109,11.826],[-66.114,11.78],[-66.194,11.818],[-66.18,11.823],[-66.109,11.826]]],[[[-64.619,11.889],[-64.553,11.824],[-64.649,11.83],[-64.619,11.889]]],[[[-66.736,11.783],[-66.78,11.759],[-66.828,11.746],[-66.855,11.751],[-66.736,11.783]]],[[[-66.716,11.871],[-66.754,11.862],[-66.818,11.871],[-66.815,11.873],[-66.716,11.871]]],[[[-67.675,11.99],[-67.638,11.98],[-67.666,11.982],[-67.675,11.99]]],[[[-67.682,12.026],[-67.679,12.028],[-67.68,12.025],[-67.682,12.026]]],[[[-67.678,12.028],[-67.676,12.028],[-67.677,12.027],[-67.678,12.028]]],[[[-67.675,12.048],[-67.676,12.044],[-67.677,12.05],[-67.675,12.048]]],[[[-67.681,12.062],[-67.684,12.063],[-67.681,12.064],[-67.681,12.062]]],[[[-67.689,12.069],[-67.687,12.068],[-67.687,12.066],[-67.689,12.069]]],[[[-63.64,15.696],[-63.64,15.703],[-63.634,15.696],[-63.64,15.696]]],[[[-62.398,10.004],[-62.427,10.0],[-62.436,10.047],[-62.427,10.049],[-62.398,10.004]]],[[[-62.236,10.044],[-62.25,10.0],[-62.297,10.0],[-62.268,10.045],[-62.236,10.044]]],[[[-62.658,10.36],[-62.666,10.31],[-62.788,10.43],[-62.781,10.493],[-62.658,10.36]]],[[[-64.16,10.825],[-64.175,10.799],[-64.221,10.806],[-64.203,10.827],[-64.16,10.825]]]]}},{"type":"Feature","properties":{},"geometry":{"type":"MultiPolygon","coordinates":[[[[34.2,31.314],[34.48,30.651],[34.527,30.41],[34.599,30.345],[34.733,30.013],[34.887,29.49],[34.737,29.311],[34.729,29.199],[34.675,29.107],[34.686,28.989],[34.64,28.949],[34.625,28.736],[34.41,28.32],[34.455,28.175],[34.435,27.976],[34.214,27.791],[34.257,27.729],[34.19,27.787],[34.054,27.815],[33.763,28.024],[33.565,28.297],[33.434,28.366],[33.256,28.544],[33.263,28.577],[33.229,28.569],[33.178,28.99],[32.886,29.243],[32.817,29.414],[32.735,29.484],[32.715,29.456],[32.691,29.734],[32.605,29.824],[32.625,29.874],[32.572,29.929],[32.578,30.011],[32.572,29.943],[32.513,29.962],[32.477,29.932],[32.473,29.882],[32.51,29.867],[32.393,29.734],[32.338,29.592],[32.581,29.369],[32.659,29.111],[32.625,28.973],[32.807,28.778],[32.869,28.579],[33.003,28.489],[33.249,28.143],[33.554,27.896],[33.592,27.791],[33.489,27.846],[33.473,27.823],[33.523,27.752],[33.558,27.76],[33.537,27.708],[33.592,27.647],[33.558,27.681],[33.496,27.647],[33.558,27.537],[33.633,27.496],[33.692,27.342],[33.838,27.243],[33.837,27.121],[33.996,26.897],[33.996,26.838],[33.948,26.831],[33.941,26.654],[34.014,26.612],[34.339,26.002],[34.547,25.725],[34.99,24.905],[35.002,24.816],[35.16,24.575],[35.145,24.5],[35.392,24.283],[35.494,24.109],[35.504,24.141],[35.605,24.019],[35.739,23.983],[35.793,23.902],[35.514,23.977],[35.484,23.918],[35.489,23.497],[35.548,23.394],[35.575,23.213],[35.621,23.139],[35.655,23.074],[35.695,22.932],[35.764,22.87],[35.723,22.932],[35.756,22.922],[35.785,22.833],[35.886,22.736],[36.226,22.635],[36.313,22.492],[36.428,22.426],[36.44,22.356],[36.895,22.066],[36.884,21.996],[31.435,21.995],[31.492,22.173],[31.423,22.227],[31.36,22.188],[31.248,21.994],[24.981,21.995],[24.981,29.181],[24.864,29.503],[24.871,29.638],[24.798,29.796],[24.812,29.891],[24.689,30.183],[24.908,30.499],[24.995,30.785],[24.883,31.039],[24.849,31.349],[25.024,31.494],[25.088,31.614],[25.151,31.656],[25.191,31.531],[25.402,31.503],[25.824,31.615],[25.967,31.617],[26.866,31.437],[26.966,31.45],[27.226,31.368],[27.321,31.381],[27.446,31.223],[27.66,31.18],[27.853,31.24],[27.927,31.099],[28.318,31.06],[28.424,31.083],[28.812,30.957],[28.836,30.911],[29.028,30.827],[29.219,30.838],[29.503,30.957],[30.07,31.333],[30.095,31.286],[30.173,31.271],[30.14,31.237],[30.165,31.217],[30.269,31.265],[30.289,31.238],[30.288,31.278],[30.179,31.278],[30.313,31.351],[30.344,31.498],[30.365,31.46],[30.399,31.443],[30.362,31.509],[30.536,31.464],[30.974,31.587],[30.543,31.402],[30.627,31.389],[30.675,31.422],[30.734,31.388],[30.799,31.446],[30.981,31.437],[31.029,31.519],[31.119,31.493],[31.111,31.54],[30.978,31.584],[31.097,31.608],[31.557,31.443],[31.874,31.536],[31.913,31.535],[31.945,31.521],[32.025,31.4],[32.2,31.295],[31.995,31.395],[31.889,31.532],[31.845,31.498],[31.879,31.429],[31.842,31.465],[31.824,31.443],[31.879,31.416],[31.83,31.409],[31.858,31.354],[31.797,31.36],[31.767,31.285],[31.886,31.224],[31.906,31.252],[31.926,31.187],[31.987,31.23],[32.037,31.217],[32.016,31.128],[32.05,31.142],[32.044,31.086],[32.106,31.053],[32.132,31.066],[32.098,31.093],[32.283,31.137],[32.283,31.265],[32.207,31.295],[32.331,31.271],[32.602,31.061],[32.762,31.081],[32.927,31.155],[32.84,31.101],[32.667,31.052],[32.701,31.039],[32.927,31.112],[33.01,31.056],[33.064,31.135],[33.03,31.101],[32.954,31.107],[33.109,31.196],[33.158,31.118],[33.119,31.107],[33.133,31.046],[33.262,31.101],[33.304,31.08],[33.277,31.107],[33.386,31.114],[33.406,31.155],[33.5,31.128],[33.648,31.117],[34.047,31.229],[34.2,31.314]],[[35.429,22.978],[35.212,22.786],[35.621,23.139],[35.429,22.978]],[[34.778,22.5],[34.828,22.607],[34.862,22.68],[34.778,22.5]],[[34.423,22.249],[34.147,22.192],[34.682,22.298],[34.423,22.249]]],[[[34.732,27.957],[34.705,27.908],[34.662,27.93],[34.732,27.957]]],[[[34.512,27.967],[34.62,27.92],[34.518,27.93],[34.49,27.996],[34.517,28.017],[34.544,27.996],[34.512,27.967]]],[[[33.964,27.534],[34.051,27.449],[33.914,27.524],[33.964,27.534]]],[[[33.955,26.79],[33.995,26.752],[34.004,26.708],[33.955,26.79]]],[[[33.301,31.216],[33.476,31.142],[33.27,31.217],[33.301,31.216]]],[[[33.105,31.24],[33.262,31.224],[33.103,31.227],[32.935,31.148],[33.105,31.24]]],[[[32.979,31.082],[32.983,31.09],[32.989,31.073],[32.979,31.082]]]]}},{"type":"Feature","properties":{},"geometry":{"type":"MultiPolygon","coordinates":[[[[51.986,18.98],[52.721,17.298],[52.802,17.267],[53.09,16.642],[52.533,16.447],[52.293,16.264],[52.156,15.984],[52.175,15.878],[52.224,15.847],[52.228,15.616],[51.913,15.515],[51.869,15.452],[51.829,15.469],[51.68,15.403],[51.676,15.34],[51.531,15.317],[51.368,15.23],[50.554,15.049],[50.18,14.843],[49.942,14.839],[49.372,14.65],[49.182,14.517],[49.093,14.52],[49.01,14.401],[49.004,14.325],[48.696,14.044],[48.189,13.969],[48.14,14.031],[48.017,14.057],[47.646,13.873],[47.398,13.655],[46.912,13.533],[46.701,13.43],[46.235,13.436],[45.666,13.342],[45.403,13.07],[45.118,12.962],[45.059,12.762],[44.979,12.782],[45.035,12.804],[45.015,12.859],[44.872,12.804],[44.872,12.77],[44.921,12.771],[44.881,12.73],[44.785,12.772],[44.728,12.742],[44.694,12.803],[44.611,12.82],[44.416,12.67],[44.191,12.619],[44.138,12.639],[44.19,12.632],[44.191,12.66],[44.153,12.656],[43.946,12.598],[43.895,12.653],[43.601,12.756],[43.468,12.684],[43.473,12.847],[43.226,13.284],[43.254,13.527],[43.295,13.586],[43.281,13.722],[43.233,13.876],[43.096,14.084],[42.959,14.513],[43.021,14.442],[43.0,14.663],[42.884,14.884],[42.883,14.916],[42.946,14.811],[42.937,14.948],[42.88,15.025],[42.864,15.136],[42.733,15.209],[42.638,15.191],[42.61,15.244],[42.683,15.246],[42.712,15.366],[42.699,15.312],[42.795,15.209],[42.807,15.344],[42.692,15.702],[42.835,15.915],[42.789,16.371],[43.036,16.536],[43.085,16.673],[43.18,16.665],[43.169,16.737],[43.212,16.797],[43.113,16.91],[43.118,17.086],[43.156,17.21],[43.249,17.252],[43.242,17.293],[43.165,17.326],[43.303,17.459],[43.413,17.52],[43.503,17.513],[43.731,17.352],[43.887,17.354],[43.915,17.302],[44.004,17.368],[44.085,17.343],[44.149,17.405],[45.165,17.428],[45.43,17.312],[46.323,17.224],[46.71,17.275],[46.97,16.957],[47.161,16.947],[47.428,17.092],[47.589,17.463],[48.162,18.149],[49.036,18.58],[51.986,18.98]]],[[[53.248,12.121],[53.287,12.127],[53.31,12.111],[53.248,12.121]]],[[[53.068,12.175],[53.072,12.13],[52.985,12.163],[53.004,12.177],[53.068,12.175]]],[[[52.064,12.235],[52.39,12.197],[52.388,12.149],[52.18,12.173],[52.064,12.235]]],[[[43.429,12.674],[43.436,12.632],[43.39,12.666],[43.429,12.674]]],[[[54.119,12.701],[54.54,12.55],[54.402,12.467],[54.246,12.434],[54.14,12.351],[53.731,12.3],[53.572,12.335],[53.307,12.543],[53.389,12.561],[53.396,12.656],[53.519,12.714],[53.655,12.705],[53.846,12.599],[53.876,12.647],[54.008,12.646],[54.119,12.701]]],[[[42.719,13.743],[42.792,13.751],[42.688,13.664],[42.719,13.743]]],[[[42.768,14.072],[42.802,14.023],[42.782,13.92],[42.692,14.013],[42.768,14.072]]],[[[42.631,15.454],[42.582,15.392],[42.628,15.399],[42.614,15.308],[42.568,15.269],[42.559,15.393],[42.631,15.454]]]]}},{"type":"Feature","properties":{},"geometry":{"type":"MultiPolygon","coordinates":[[[[-8.682,27.285],[-4.822,24.995],[-6.593,24.994],[-5.623,16.528],[-5.353,16.312],[-5.511,15.494],[-9.349,15.496],[-9.329,15.655],[-9.356,15.698],[-9.452,15.588],[-9.424,15.441],[-10.068,15.365],[-10.323,15.437],[-10.725,15.433],[-10.747,15.341],[-10.827,15.288],[-10.915,15.103],[-11.045,15.27],[-11.298,15.451],[-11.41,15.602],[-11.524,15.643],[-11.515,15.61],[-11.615,15.541],[-11.727,15.541],[-11.846,15.179],[-11.861,15.049],[-11.814,15.029],[-11.82,14.9],[-12.07,14.734],[-12.139,14.785],[-12.247,14.767],[-12.382,14.846],[-12.485,15.017],[-12.623,15.102],[-12.717,15.103],[-12.78,15.146],[-12.787,15.214],[-12.888,15.251],[-12.828,15.284],[-12.919,15.365],[-12.964,15.509],[-13.084,15.493],[-13.11,15.596],[-13.238,15.623],[-13.228,15.711],[-13.286,15.77],[-13.316,15.93],[-13.44,16.102],[-13.502,16.095],[-13.485,16.155],[-13.669,16.106],[-13.729,16.19],[-13.836,16.121],[-13.964,16.23],[-13.978,16.338],[-14.407,16.661],[-14.912,16.641],[-14.974,16.691],[-15.037,16.633],[-15.108,16.665],[-15.093,16.6],[-15.125,16.583],[-15.415,16.548],[-15.464,16.581],[-15.525,16.522],[-15.672,16.481],[-15.897,16.518],[-16.054,16.495],[-16.132,16.555],[-16.274,16.523],[-16.335,16.456],[-16.385,16.235],[-16.459,16.194],[-16.542,15.809],[-16.529,16.333],[-16.467,16.493],[-16.459,16.644],[-16.079,17.545],[-16.035,18.141],[-16.069,18.484],[-16.205,18.983],[-16.283,19.13],[-16.368,19.222],[-16.467,19.259],[-16.535,19.381],[-16.359,19.416],[-16.285,19.529],[-16.391,19.464],[-16.365,19.539],[-16.465,19.413],[-16.423,19.544],[-16.234,19.794],[-16.248,19.903],[-16.313,19.89],[-16.222,20.004],[-16.261,20.136],[-16.202,20.233],[-16.348,20.418],[-16.43,20.644],[-16.467,20.65],[-16.409,20.675],[-16.481,20.675],[-16.529,20.739],[-16.542,20.561],[-16.673,20.678],[-16.671,20.737],[-16.918,21.159],[-17.016,21.031],[-17.004,20.932],[-17.049,20.904],[-17.057,20.767],[-17.077,20.905],[-16.968,21.325],[-13.015,21.333],[-13.093,22.495],[-13.155,22.689],[-13.152,22.82],[-13.015,23.018],[-12.619,23.271],[-12.354,23.322],[-12.019,23.461],[-12.015,25.995],[-8.688,26.0],[-8.682,27.285]]],[[[-16.358,19.853],[-16.367,19.721],[-16.432,19.601],[-16.464,19.685],[-16.418,19.806],[-16.358,19.853]]],[[[-16.31,19.731],[-16.313,19.705],[-16.398,19.6],[-16.359,19.677],[-16.31,19.731]]],[[[-16.47,19.73],[-16.472,19.7],[-16.484,19.678],[-16.497,19.706],[-16.47,19.73]]],[[[-16.451,20.613],[-16.448,20.575],[-16.454,20.571],[-16.474,20.594],[-16.451,20.613]]]]}},{"type":"Feature","properties":{},"geometry":{"type":"Polygon","coordinates":[[[-16.769,13.078],[-16.83,13.339],[-16.679,13.496],[-16.591,13.461],[-16.624,13.427],[-16.591,13.339],[-16.42,13.256],[-16.419,13.208],[-16.378,13.215],[-16.44,13.276],[-16.375,13.264],[-16.258,13.325],[-16.228,13.256],[-16.21,13.251],[-16.151,13.276],[-16.199,13.259],[-16.227,13.334],[-16.161,13.429],[-15.621,13.455],[-15.543,13.51],[-15.341,13.441],[-15.305,13.455],[-15.295,13.496],[-15.352,13.457],[-15.556,13.528],[-15.77,13.465],[-16.142,13.455],[-16.273,13.363],[-16.289,13.407],[-16.302,13.353],[-16.391,13.337],[-16.522,13.359],[-16.504,13.417],[-16.557,13.486],[-16.561,13.587],[-15.518,13.583],[-15.468,13.708],[-15.394,13.772],[-15.304,13.782],[-15.267,13.742],[-15.098,13.82],[-14.879,13.781],[-14.741,13.615],[-14.627,13.664],[-14.543,13.641],[-14.47,13.522],[-14.366,13.455],[-13.988,13.579],[-13.901,13.542],[-13.819,13.429],[-13.851,13.336],[-13.901,13.315],[-14.117,13.282],[-14.202,13.23],[-14.369,13.236],[-14.592,13.353],[-14.732,13.359],[-15.138,13.59],[-15.204,13.537],[-15.228,13.425],[-15.277,13.38],[-15.52,13.387],[-15.819,13.334],[-15.833,13.157],[-16.674,13.164],[-16.769,13.078]]]}},{"type":"Feature","properties":{},"geometry":{"type":"Polygon","coordinates":[[[12.454,41.903],[12.453,41.904],[12.454,41.904],[12.454,41.903]]]}},{"type":"Feature","properties":{},"geometry":{"type":"MultiPolygon","coordinates":[[[[34.009,35.06],[33.913,35.066],[33.876,35.119],[33.867,35.067],[33.766,35.032],[33.708,35.029],[33.715,35.067],[33.671,35.031],[33.579,35.035],[33.541,35.073],[33.477,35.003],[33.477,35.095],[33.414,35.199],[33.315,35.162],[33.157,35.185],[32.855,35.079],[32.711,35.175],[32.828,35.149],[32.893,35.175],[32.935,35.271],[32.92,35.398],[33.428,35.329],[33.66,35.359],[34.593,35.692],[34.573,35.644],[34.138,35.415],[34.059,35.324],[33.952,35.312],[33.9,35.164],[34.009,35.06]]],[[[32.619,35.185],[32.615,35.163],[32.602,35.179],[32.619,35.185]]]]}},{"type":"Feature","properties":{},"geometry":{"type":"MultiPolygon","coordinates":[[[[33.907,35.069],[34.012,35.064],[34.022,35.057],[33.931,35.051],[33.907,35.069]]],[[[33.685,35.029],[33.711,34.986],[33.581,35.02],[33.546,34.995],[33.52,35.044],[33.459,34.978],[33.459,35.095],[33.416,35.16],[33.301,35.114],[33.174,35.163],[32.826,35.059],[32.713,35.134],[32.692,35.184],[32.855,35.079],[33.157,35.185],[33.315,35.162],[33.414,35.199],[33.477,35.095],[33.467,35.005],[33.541,35.073],[33.685,35.029]]],[[[32.65,35.188],[32.634,35.154],[32.585,35.173],[32.626,35.165],[32.65,35.188]]]]}},{"type":"Feature","properties":{},"geometry":{"type":"Polygon","coordinates":[[[33.01,34.625],[33.03,34.569],[32.941,34.569],[32.914,34.657],[32.76,34.669],[32.86,34.701],[32.914,34.66],[32.988,34.673],[32.956,34.629],[33.01,34.625]]]}},{"type":"Feature","properties":{},"geometry":{"type":"Polygon","coordinates":[[[33.181,21.995],[34.076,21.995],[34.084,21.995],[33.999,21.767],[33.558,21.711],[33.181,21.995]]]}},{"type":"Feature","properties":{},"geometry":{"type":"MultiPolygon","coordinates":[[[[-40.854,65.066],[-41.098,65.13],[-41.121,65.08],[-40.983,64.977],[-41.15,64.961],[-41.067,64.882],[-40.883,64.858],[-40.993,64.83],[-40.604,64.683],[-40.561,64.515],[-40.635,64.467],[-40.401,64.417],[-40.358,64.359],[-40.534,64.329],[-40.623,64.392],[-40.8,64.389],[-41.078,64.311],[-41.353,64.35],[-41.525,64.326],[-41.567,64.266],[-41.444,64.248],[-41.452,64.214],[-41.387,64.179],[-41.087,64.149],[-40.984,64.08],[-40.924,64.11],[-40.965,64.13],[-40.918,64.165],[-40.712,64.158],[-40.561,64.107],[-40.545,64.059],[-40.648,64.012],[-40.602,63.979],[-40.733,63.994],[-40.719,63.973],[-40.842,63.953],[-40.622,63.925],[-40.561,63.836],[-40.618,63.793],[-40.52,63.741],[-40.526,63.696],[-40.998,63.703],[-41.354,63.783],[-41.488,63.86],[-41.501,63.822],[-41.627,63.778],[-40.88,63.658],[-40.842,63.596],[-40.872,63.58],[-40.732,63.589],[-40.75,63.517],[-40.888,63.508],[-40.945,63.541],[-40.952,63.514],[-41.014,63.565],[-40.993,63.521],[-41.144,63.527],[-40.999,63.467],[-41.074,63.447],[-41.287,63.565],[-41.174,63.452],[-40.999,63.411],[-41.13,63.389],[-41.414,63.566],[-41.24,63.404],[-41.49,63.531],[-41.498,63.485],[-41.514,63.48],[-41.544,63.491],[-41.565,63.493],[-41.583,63.493],[-41.359,63.425],[-41.116,63.308],[-41.374,63.377],[-41.404,63.422],[-41.531,63.432],[-41.716,63.553],[-41.901,63.47],[-41.856,63.401],[-41.684,63.353],[-41.809,63.342],[-41.76,63.301],[-41.644,63.315],[-41.489,63.238],[-41.492,63.171],[-41.433,63.125],[-41.554,63.097],[-41.818,63.215],[-42.021,63.253],[-41.534,63.033],[-41.839,63.048],[-41.932,63.103],[-41.975,63.074],[-42.144,63.206],[-42.179,63.206],[-42.135,63.128],[-42.206,63.11],[-42.082,63.089],[-42.007,63.027],[-41.624,62.995],[-41.636,62.928],[-41.768,62.938],[-41.76,62.884],[-41.822,62.877],[-41.75,62.844],[-41.843,62.83],[-42.01,62.877],[-42.018,62.797],[-42.319,62.817],[-42.349,62.856],[-42.261,62.884],[-42.364,62.89],[-42.28,62.938],[-42.305,62.946],[-42.432,62.916],[-42.461,62.862],[-42.597,62.872],[-42.416,62.829],[-42.484,62.779],[-42.58,62.826],[-42.487,62.698],[-42.603,62.767],[-42.611,62.735],[-42.562,62.712],[-42.651,62.685],[-42.64,62.72],[-42.696,62.779],[-42.727,62.76],[-42.708,62.693],[-43.151,62.76],[-43.118,62.701],[-42.731,62.641],[-42.679,62.588],[-42.614,62.63],[-42.384,62.572],[-42.323,62.506],[-42.347,62.474],[-42.555,62.541],[-42.48,62.478],[-42.558,62.483],[-42.375,62.417],[-42.254,62.437],[-42.274,62.383],[-42.164,62.39],[-42.339,62.377],[-42.733,62.504],[-42.974,62.525],[-42.98,62.478],[-42.762,62.433],[-42.608,62.336],[-42.412,62.349],[-42.261,62.315],[-42.327,62.268],[-42.258,62.227],[-42.329,62.15],[-42.312,62.103],[-42.521,62.04],[-42.418,62.013],[-42.548,61.951],[-42.329,62.02],[-42.117,62.007],[-42.209,61.92],[-42.416,61.921],[-42.192,61.87],[-42.343,61.76],[-42.59,61.739],[-42.768,61.822],[-42.87,61.77],[-42.768,61.787],[-42.594,61.704],[-42.254,61.711],[-42.393,61.683],[-42.325,61.624],[-42.453,61.636],[-42.377,61.609],[-42.467,61.616],[-42.436,61.561],[-43.083,61.595],[-42.931,61.531],[-42.527,61.534],[-42.548,61.485],[-42.511,61.436],[-42.48,61.431],[-42.426,61.444],[-42.418,61.403],[-42.692,61.314],[-42.63,61.294],[-42.856,61.337],[-43.248,61.341],[-42.775,61.28],[-42.905,61.246],[-42.658,61.259],[-42.576,61.197],[-42.761,61.184],[-42.91,61.216],[-42.958,61.204],[-43.179,61.218],[-43.179,61.211],[-42.706,61.15],[-42.63,61.101],[-43.611,61.129],[-42.987,61.081],[-43.015,61.054],[-42.706,61.06],[-42.768,61.04],[-42.658,60.999],[-42.807,61.011],[-42.802,60.954],[-42.727,60.93],[-43.027,60.882],[-43.482,60.942],[-43.477,60.911],[-42.885,60.845],[-42.801,60.805],[-43.528,60.841],[-43.263,60.781],[-43.09,60.8],[-42.785,60.746],[-42.933,60.651],[-43.275,60.677],[-42.905,60.621],[-42.925,60.643],[-42.747,60.69],[-42.826,60.611],[-43.144,60.608],[-42.829,60.58],[-43.144,60.547],[-43.028,60.526],[-43.075,60.503],[-43.301,60.558],[-43.144,60.478],[-43.227,60.471],[-43.544,60.545],[-43.666,60.655],[-43.689,60.724],[-43.702,60.672],[-43.621,60.56],[-44.084,60.594],[-44.193,60.643],[-44.164,60.576],[-43.85,60.539],[-43.796,60.478],[-43.837,60.451],[-43.805,60.443],[-43.782,60.473],[-43.796,60.498],[-43.725,60.525],[-43.319,60.447],[-43.591,60.306],[-43.453,60.355],[-43.357,60.334],[-43.4,60.377],[-43.366,60.391],[-43.175,60.4],[-43.213,60.389],[-43.169,60.355],[-43.357,60.376],[-43.103,60.313],[-43.179,60.279],[-43.099,60.244],[-43.226,60.259],[-43.33,60.217],[-43.157,60.215],[-43.11,60.156],[-43.206,60.17],[-43.213,60.135],[-43.088,60.099],[-43.589,60.138],[-43.624,60.191],[-43.661,60.154],[-43.991,60.191],[-44.166,60.173],[-44.157,60.223],[-43.995,60.307],[-44.055,60.32],[-44.101,60.387],[-44.098,60.283],[-44.159,60.251],[-44.275,60.334],[-44.224,60.232],[-44.317,60.238],[-44.262,60.191],[-44.458,60.146],[-44.59,59.989],[-44.668,60.016],[-44.666,60.107],[-44.711,60.074],[-44.714,60.007],[-44.802,60.017],[-44.885,60.115],[-44.844,60.15],[-44.926,60.104],[-44.844,60.019],[-44.975,60.04],[-44.975,60.081],[-44.947,60.074],[-45.02,60.106],[-45.173,60.088],[-45.081,60.156],[-44.755,60.204],[-44.837,60.217],[-44.529,60.451],[-44.466,60.567],[-44.659,60.391],[-44.859,60.278],[-44.879,60.225],[-45.084,60.197],[-45.174,60.134],[-45.208,60.142],[-45.159,60.184],[-45.207,60.176],[-45.187,60.213],[-45.092,60.282],[-44.926,60.327],[-44.94,60.365],[-44.844,60.478],[-44.953,60.471],[-44.782,60.58],[-44.772,60.656],[-44.625,60.738],[-44.803,60.685],[-44.858,60.587],[-45.0,60.491],[-45.214,60.439],[-45.283,60.465],[-45.26,60.505],[-45.063,60.663],[-45.222,60.633],[-45.228,60.574],[-45.265,60.591],[-45.29,60.55],[-45.496,60.492],[-45.398,60.548],[-45.371,60.608],[-45.122,60.725],[-45.307,60.677],[-45.351,60.725],[-45.371,60.649],[-45.455,60.629],[-45.478,60.567],[-45.509,60.584],[-45.584,60.471],[-45.591,60.539],[-45.674,60.53],[-45.596,60.588],[-45.731,60.588],[-45.625,60.649],[-45.785,60.625],[-45.803,60.551],[-45.848,60.566],[-45.881,60.518],[-45.91,60.571],[-45.982,60.58],[-45.578,60.704],[-45.858,60.698],[-45.578,60.767],[-45.628,60.784],[-45.377,60.898],[-45.255,60.908],[-45.365,60.93],[-45.331,60.98],[-45.395,61.011],[-45.394,60.957],[-45.713,60.77],[-45.875,60.756],[-45.9,60.773],[-45.756,60.827],[-45.87,60.847],[-45.98,60.822],[-46.016,60.733],[-46.205,60.747],[-46.215,60.78],[-46.06,60.797],[-45.851,60.896],[-46.195,60.811],[-46.174,60.831],[-45.885,60.93],[-45.51,60.982],[-45.431,61.05],[-45.259,61.105],[-45.262,61.15],[-45.203,61.193],[-45.365,61.094],[-45.513,61.248],[-45.484,61.109],[-45.618,61.02],[-45.79,60.958],[-46.033,60.914],[-46.07,60.937],[-46.036,60.937],[-46.093,60.983],[-45.705,61.069],[-45.68,61.088],[-45.776,61.098],[-45.703,61.121],[-45.735,61.143],[-45.619,61.145],[-45.772,61.147],[-45.786,61.192],[-45.872,61.223],[-45.714,61.328],[-45.817,61.328],[-45.938,61.233],[-46.112,61.253],[-45.836,61.152],[-45.954,61.136],[-45.913,61.094],[-46.033,61.054],[-46.297,61.074],[-46.117,61.023],[-46.158,60.998],[-46.236,60.979],[-46.27,61.047],[-46.413,61.088],[-46.382,61.047],[-46.461,61.047],[-46.413,61.012],[-46.578,61.006],[-46.544,60.952],[-46.653,60.986],[-46.578,60.91],[-46.626,60.945],[-46.652,60.903],[-46.749,60.951],[-46.701,60.91],[-46.887,60.937],[-46.71,60.887],[-46.862,60.8],[-46.941,60.8],[-46.887,60.835],[-46.978,60.82],[-46.846,60.882],[-47.044,60.841],[-47.044,60.879],[-46.914,60.93],[-46.943,60.958],[-47.078,60.945],[-47.003,60.965],[-47.03,60.975],[-47.249,60.896],[-47.3,60.961],[-47.547,60.912],[-47.497,60.903],[-47.527,60.892],[-47.736,60.917],[-47.859,60.868],[-47.722,60.876],[-47.763,60.848],[-47.483,60.896],[-47.325,60.862],[-47.438,60.827],[-47.932,60.842],[-47.914,60.876],[-47.941,60.883],[-48.038,60.83],[-48.233,60.821],[-47.688,61.006],[-47.91,61.019],[-48.161,60.965],[-48.207,60.994],[-48.402,60.987],[-47.838,61.042],[-47.859,61.081],[-47.914,61.06],[-47.935,61.088],[-47.77,61.191],[-47.892,61.124],[-48.086,61.088],[-48.12,61.115],[-48.052,61.184],[-48.138,61.132],[-48.216,61.186],[-48.106,61.239],[-48.127,61.28],[-47.914,61.328],[-48.147,61.321],[-48.291,61.177],[-48.215,61.143],[-48.407,61.134],[-48.442,61.163],[-48.305,61.184],[-48.333,61.191],[-48.299,61.227],[-48.483,61.177],[-48.544,61.197],[-48.511,61.239],[-48.572,61.211],[-48.497,61.273],[-48.619,61.212],[-48.641,61.239],[-48.581,61.28],[-48.399,61.301],[-48.511,61.301],[-48.486,61.348],[-48.353,61.345],[-48.34,61.376],[-48.675,61.396],[-48.654,61.444],[-48.971,61.362],[-48.94,61.403],[-49.066,61.403],[-48.23,61.547],[-48.476,61.534],[-48.344,61.565],[-48.346,61.609],[-48.99,61.458],[-49.006,61.492],[-49.114,61.496],[-49.045,61.54],[-49.299,61.561],[-49.223,61.582],[-49.241,61.608],[-48.95,61.587],[-48.592,61.636],[-49.058,61.623],[-49.066,61.698],[-48.88,61.726],[-48.904,61.765],[-48.874,61.793],[-49.148,61.726],[-49.102,61.766],[-49.109,61.829],[-49.003,61.85],[-48.89,61.949],[-48.75,61.958],[-48.784,61.992],[-48.946,61.977],[-49.167,61.857],[-49.22,61.724],[-49.353,61.767],[-49.176,61.903],[-49.288,61.883],[-49.346,61.815],[-49.428,61.821],[-49.387,61.924],[-49.326,61.93],[-49.408,61.938],[-49.144,61.976],[-48.839,62.081],[-49.017,62.089],[-48.983,62.136],[-49.079,62.081],[-49.073,62.141],[-49.003,62.205],[-49.031,62.212],[-49.099,62.181],[-49.169,62.021],[-49.436,61.992],[-49.353,62.007],[-49.422,62.034],[-49.387,62.068],[-49.638,61.989],[-49.694,62.016],[-49.537,62.027],[-49.618,62.058],[-49.463,62.089],[-49.603,62.076],[-49.696,62.117],[-49.333,62.081],[-49.428,62.117],[-49.295,62.137],[-49.292,62.178],[-49.367,62.171],[-49.346,62.212],[-49.475,62.151],[-49.683,62.158],[-49.576,62.226],[-49.369,62.23],[-49.292,62.267],[-49.573,62.253],[-49.558,62.306],[-49.614,62.253],[-49.888,62.246],[-49.788,62.298],[-49.891,62.29],[-49.909,62.364],[-50.014,62.32],[-50.32,62.506],[-50.213,62.676],[-50.115,62.707],[-50.035,62.805],[-49.897,62.849],[-49.922,62.856],[-49.873,62.897],[-50.135,62.778],[-50.197,62.808],[-50.178,62.766],[-50.272,62.706],[-50.32,62.739],[-50.244,62.852],[-50.143,62.938],[-49.703,63.061],[-50.182,62.959],[-50.274,62.851],[-50.39,62.792],[-50.356,62.83],[-50.401,62.856],[-50.326,62.932],[-50.148,63.02],[-50.255,63.044],[-50.279,62.979],[-50.469,62.951],[-50.614,62.979],[-50.491,63.014],[-50.525,63.056],[-50.539,63.027],[-50.614,63.041],[-50.608,63.096],[-50.427,63.142],[-50.45,63.171],[-50.4,63.189],[-50.059,63.23],[-50.352,63.24],[-50.489,63.184],[-50.593,63.23],[-50.782,63.202],[-50.912,63.143],[-50.92,63.186],[-50.778,63.253],[-51.001,63.165],[-51.049,63.209],[-50.956,63.251],[-51.074,63.253],[-51.005,63.288],[-51.071,63.288],[-51.101,63.329],[-50.279,63.404],[-50.402,63.426],[-51.049,63.372],[-51.087,63.383],[-51.005,63.473],[-51.135,63.376],[-51.171,63.381],[-51.138,63.435],[-51.223,63.445],[-51.127,63.496],[-50.744,63.555],[-51.093,63.531],[-51.145,63.613],[-51.056,63.651],[-50.906,63.61],[-50.573,63.644],[-50.565,63.61],[-50.505,63.671],[-50.895,63.63],[-51.076,63.664],[-51.185,63.629],[-51.13,63.513],[-51.279,63.549],[-51.423,63.541],[-51.306,63.63],[-51.539,63.692],[-51.347,63.726],[-51.552,63.706],[-51.529,63.764],[-51.21,63.815],[-50.923,63.938],[-51.458,63.818],[-51.464,63.857],[-51.402,63.843],[-51.405,63.889],[-51.375,63.891],[-51.437,63.956],[-51.361,63.973],[-51.656,64.014],[-51.58,64.042],[-51.328,64.013],[-51.388,64.055],[-50.881,64.097],[-50.653,64.175],[-50.434,64.138],[-50.21,64.206],[-50.114,64.193],[-50.072,64.097],[-50.045,64.199],[-50.163,64.245],[-50.552,64.179],[-50.333,64.35],[-50.364,64.359],[-50.597,64.236],[-50.814,64.178],[-51.44,64.082],[-51.649,64.13],[-51.522,64.172],[-51.355,64.144],[-51.529,64.201],[-51.672,64.152],[-51.765,64.185],[-51.662,64.218],[-51.413,64.219],[-51.266,64.178],[-51.07,64.24],[-50.953,64.219],[-50.847,64.26],[-51.046,64.281],[-50.888,64.411],[-50.764,64.428],[-50.721,64.397],[-50.58,64.384],[-50.686,64.411],[-50.696,64.452],[-50.341,64.39],[-50.176,64.448],[-50.225,64.478],[-50.395,64.425],[-50.625,64.467],[-50.655,64.487],[-50.491,64.526],[-50.443,64.556],[-50.641,64.522],[-50.69,64.548],[-50.627,64.59],[-50.915,64.603],[-50.806,64.651],[-50.608,64.631],[-50.45,64.666],[-50.662,64.686],[-50.48,64.713],[-50.275,64.655],[-50.149,64.487],[-49.586,64.343],[-49.683,64.422],[-50.063,64.53],[-50.12,64.638],[-49.997,64.701],[-50.217,64.726],[-50.13,64.813],[-49.997,64.864],[-50.195,64.828],[-50.296,64.748],[-50.56,64.775],[-50.683,64.908],[-50.717,64.973],[-50.695,65.005],[-50.776,65.025],[-50.841,65.131],[-50.69,65.206],[-50.888,65.152],[-50.977,65.22],[-50.958,65.149],[-50.888,65.11],[-50.943,65.09],[-50.882,65.069],[-50.888,64.984],[-50.724,64.994],[-50.737,64.933],[-50.703,64.905],[-50.772,64.871],[-50.665,64.852],[-50.655,64.822],[-50.709,64.79],[-50.642,64.759],[-50.735,64.771],[-51.075,64.652],[-51.01,64.634],[-51.145,64.617],[-51.217,64.624],[-51.167,64.711],[-51.039,64.781],[-51.253,64.76],[-51.333,64.652],[-51.423,64.611],[-51.458,64.512],[-51.6,64.4],[-51.71,64.369],[-51.663,64.309],[-51.835,64.225],[-52.074,64.191],[-52.161,64.256],[-52.122,64.311],[-52.162,64.334],[-52.11,64.391],[-52.195,64.472],[-52.044,64.496],[-52.155,64.537],[-52.022,64.597],[-52.141,64.578],[-52.161,64.632],[-52.045,64.625],[-52.123,64.645],[-52.156,64.679],[-52.132,64.713],[-51.979,64.737],[-51.875,64.825],[-51.608,64.891],[-51.532,64.869],[-51.245,65.021],[-51.423,65.008],[-51.388,64.987],[-51.704,64.891],[-51.649,64.973],[-51.553,64.994],[-51.693,65.026],[-51.731,64.96],[-51.841,64.912],[-51.758,64.864],[-51.837,64.891],[-51.94,64.816],[-52.105,64.799],[-51.944,64.877],[-52.057,64.924],[-52.044,64.881],[-52.184,64.802],[-52.224,64.822],[-52.156,64.864],[-52.218,64.912],[-52.012,64.98],[-52.102,64.987],[-52.082,65.021],[-52.161,65.004],[-52.191,65.028],[-52.163,65.049],[-52.279,65.079],[-52.273,65.104],[-52.102,65.124],[-52.177,65.129],[-52.204,65.178],[-52.005,65.316],[-52.276,65.2],[-52.31,65.217],[-52.223,65.259],[-52.195,65.324],[-52.32,65.288],[-52.328,65.343],[-52.444,65.214],[-52.535,65.192],[-52.444,65.275],[-52.567,65.322],[-51.969,65.499],[-51.812,65.586],[-51.717,65.59],[-51.903,65.624],[-51.688,65.705],[-51.026,65.767],[-50.741,65.683],[-50.532,65.693],[-50.552,65.713],[-50.772,65.699],[-50.793,65.72],[-50.662,65.734],[-50.943,65.782],[-51.441,65.773],[-51.992,65.673],[-51.931,65.556],[-52.491,65.392],[-52.547,65.432],[-52.444,65.518],[-52.563,65.472],[-52.614,65.49],[-52.567,65.508],[-52.609,65.529],[-52.481,65.624],[-52.471,65.673],[-52.697,65.501],[-52.801,65.552],[-52.663,65.618],[-52.8,65.597],[-52.775,65.612],[-52.547,65.679],[-52.773,65.638],[-52.642,65.713],[-52.691,65.72],[-52.693,65.807],[-52.824,65.673],[-53.239,65.686],[-52.878,65.809],[-53.111,65.747],[-53.263,65.752],[-53.02,65.816],[-53.088,65.816],[-53.033,65.864],[-52.832,65.879],[-52.694,65.939],[-52.567,65.899],[-52.338,65.875],[-52.299,65.837],[-52.218,65.878],[-52.261,65.895],[-52.236,65.935],[-51.977,66.004],[-51.74,65.931],[-51.711,65.939],[-51.861,66.022],[-51.731,66.076],[-52.211,65.99],[-52.303,65.905],[-52.534,65.91],[-52.594,65.958],[-52.519,65.994],[-52.576,66.008],[-52.715,65.96],[-52.802,65.995],[-52.78,65.947],[-53.181,65.86],[-53.232,65.871],[-53.143,65.889],[-53.266,65.92],[-52.875,66.022],[-53.359,65.933],[-53.472,65.981],[-53.108,66.022],[-53.465,66.036],[-52.739,66.262],[-52.7,66.324],[-52.361,66.44],[-51.978,66.488],[-52.025,66.536],[-51.875,66.642],[-51.445,66.708],[-51.525,66.742],[-51.283,66.845],[-51.1,66.838],[-51.149,66.864],[-51.116,66.881],[-50.893,66.83],[-50.364,66.829],[-50.333,66.845],[-50.679,66.875],[-50.78,66.852],[-51.012,66.906],[-50.683,67.009],[-50.132,66.967],[-49.997,66.982],[-50.634,67.015],[-50.285,67.07],[-50.319,67.079],[-51.175,66.928],[-51.971,66.662],[-52.14,66.518],[-52.719,66.349],[-53.006,66.2],[-53.451,66.104],[-53.65,66.124],[-53.486,66.159],[-53.663,66.139],[-53.53,66.233],[-53.122,66.289],[-53.626,66.252],[-53.695,66.359],[-53.657,66.412],[-53.499,66.474],[-53.643,66.418],[-53.642,66.46],[-53.588,66.481],[-53.623,66.509],[-53.368,66.542],[-53.201,66.493],[-52.951,66.545],[-52.457,66.522],[-52.416,66.55],[-52.82,66.577],[-53.226,66.552],[-53.41,66.571],[-53.327,66.618],[-53.486,66.611],[-53.431,66.625],[-53.458,66.638],[-53.259,66.698],[-53.054,66.673],[-52.581,66.707],[-52.588,66.742],[-52.985,66.707],[-53.204,66.748],[-52.816,66.758],[-52.649,66.801],[-52.681,66.833],[-52.862,66.823],[-53.108,66.772],[-53.002,66.855],[-52.488,66.855],[-52.295,66.815],[-52.232,66.845],[-52.464,66.878],[-52.293,66.9],[-52.293,66.927],[-52.499,66.919],[-52.45,66.982],[-52.603,66.912],[-52.8,66.892],[-53.096,66.932],[-53.647,66.912],[-53.684,66.919],[-53.65,66.94],[-53.828,66.984],[-53.218,66.995],[-53.635,66.997],[-53.815,67.027],[-53.829,67.064],[-53.589,67.07],[-53.398,67.112],[-53.965,67.078],[-53.89,67.139],[-53.924,67.145],[-53.841,67.176],[-53.383,67.207],[-53.588,67.221],[-53.521,67.241],[-52.498,67.31],[-52.191,67.372],[-51.553,67.331],[-51.461,67.303],[-51.277,67.147],[-51.176,67.125],[-50.828,67.183],[-50.347,67.187],[-50.525,67.228],[-51.182,67.145],[-51.366,67.247],[-51.439,67.331],[-51.522,67.35],[-51.115,67.426],[-51.974,67.36],[-52.149,67.406],[-53.114,67.28],[-53.232,67.296],[-53.188,67.343],[-53.345,67.28],[-53.767,67.207],[-53.877,67.235],[-53.841,67.248],[-53.883,67.262],[-53.85,67.367],[-53.794,67.392],[-53.822,67.406],[-53.704,67.461],[-53.126,67.59],[-53.101,67.598],[-53.239,67.59],[-52.91,67.687],[-53.108,67.659],[-52.979,67.715],[-52.533,67.742],[-52.828,67.742],[-52.79,67.75],[-52.409,67.769],[-52.128,67.7],[-52.062,67.721],[-51.864,67.636],[-51.348,67.68],[-50.693,67.494],[-50.197,67.467],[-50.072,67.516],[-50.552,67.51],[-50.874,67.605],[-50.602,67.649],[-50.282,67.738],[-49.936,67.7],[-50.286,67.745],[-50.66,67.655],[-51.012,67.625],[-50.902,67.659],[-51.104,67.659],[-51.32,67.715],[-51.004,67.721],[-50.641,67.824],[-50.332,67.804],[-50.265,67.845],[-50.413,67.847],[-50.493,67.9],[-50.524,67.873],[-50.784,67.911],[-50.888,67.859],[-50.649,67.851],[-51.169,67.762],[-51.238,67.783],[-51.176,67.804],[-51.368,67.886],[-50.976,67.887],[-50.97,67.92],[-51.046,67.94],[-51.039,67.982],[-51.244,67.97],[-51.364,67.92],[-51.573,67.934],[-51.326,67.824],[-51.398,67.769],[-51.382,67.749],[-51.598,67.754],[-51.704,67.7],[-51.848,67.735],[-51.63,67.777],[-52.232,67.769],[-52.342,67.822],[-52.159,67.892],[-51.923,67.886],[-51.629,67.937],[-51.573,67.968],[-51.607,67.977],[-51.949,67.908],[-52.237,67.902],[-52.626,67.794],[-52.824,67.796],[-53.064,67.736],[-53.577,67.519],[-53.679,67.503],[-53.73,67.538],[-53.711,67.564],[-53.753,67.603],[-53.56,67.653],[-53.697,67.646],[-53.541,67.72],[-53.554,67.762],[-53.688,67.812],[-53.48,67.859],[-53.463,67.821],[-53.506,67.81],[-53.278,67.806],[-53.245,67.824],[-53.387,67.827],[-53.431,67.845],[-53.376,67.865],[-53.486,67.879],[-53.379,67.9],[-53.299,67.883],[-53.314,67.842],[-53.184,67.838],[-53.286,67.859],[-53.054,67.886],[-53.314,67.914],[-53.191,67.934],[-53.25,67.965],[-52.889,67.982],[-53.259,67.989],[-53.259,68.023],[-53.177,68.046],[-53.041,68.063],[-52.729,67.967],[-52.589,67.943],[-52.207,67.927],[-52.059,67.975],[-52.197,67.95],[-52.755,67.987],[-53.163,68.126],[-53.081,68.16],[-53.112,68.178],[-53.284,68.13],[-53.266,68.167],[-53.458,68.153],[-53.308,68.187],[-53.115,68.199],[-52.446,68.069],[-52.389,68.078],[-52.799,68.176],[-52.554,68.187],[-51.932,68.047],[-51.217,68.071],[-50.567,67.906],[-50.477,67.934],[-50.233,67.912],[-50.148,67.948],[-50.561,67.97],[-50.546,68.003],[-50.724,68.003],[-50.68,68.027],[-51.046,68.091],[-50.936,68.126],[-51.101,68.107],[-51.437,68.201],[-50.956,68.189],[-51.382,68.256],[-51.156,68.295],[-51.121,68.351],[-51.167,68.414],[-50.772,68.495],[-50.848,68.507],[-51.232,68.416],[-51.649,68.413],[-51.483,68.36],[-51.313,68.366],[-51.223,68.297],[-52.445,68.181],[-52.505,68.194],[-52.444,68.228],[-52.562,68.264],[-52.512,68.291],[-52.795,68.277],[-52.629,68.242],[-52.714,68.215],[-52.938,68.263],[-52.588,68.351],[-53.34,68.272],[-53.389,68.332],[-53.248,68.353],[-53.088,68.318],[-52.8,68.379],[-52.82,68.4],[-52.775,68.423],[-52.423,68.469],[-52.478,68.495],[-52.389,68.51],[-52.642,68.516],[-52.616,68.526],[-52.193,68.572],[-52.108,68.544],[-51.885,68.593],[-51.813,68.579],[-51.964,68.564],[-51.916,68.557],[-51.957,68.537],[-51.569,68.524],[-51.49,68.567],[-51.505,68.537],[-51.352,68.549],[-51.402,68.571],[-51.345,68.585],[-51.149,68.564],[-51.093,68.604],[-51.036,68.584],[-51.006,68.642],[-51.074,68.701],[-50.862,68.62],[-50.888,68.653],[-50.806,68.681],[-50.929,68.674],[-50.991,68.736],[-50.655,68.831],[-50.787,68.842],[-51.115,68.736],[-51.292,68.749],[-51.176,68.811],[-51.217,68.845],[-51.102,68.866],[-50.964,68.934],[-51.19,68.886],[-51.087,68.951],[-51.135,69.044],[-51.08,69.05],[-51.121,69.099],[-51.062,69.114],[-51.08,69.133],[-50.749,69.121],[-50.991,69.037],[-50.634,69.072],[-50.649,69.05],[-50.525,69.03],[-50.523,68.951],[-50.378,68.908],[-50.32,68.924],[-50.493,69.006],[-50.418,69.031],[-50.351,68.996],[-50.299,69.065],[-50.255,69.039],[-50.299,68.989],[-50.222,68.96],[-50.217,69.024],[-50.175,69.03],[-50.223,69.072],[-50.509,69.071],[-50.69,69.127],[-50.299,69.123],[-50.14,69.18],[-50.165,69.229],[-50.243,69.196],[-50.47,69.209],[-50.443,69.229],[-50.47,69.304],[-50.367,69.339],[-50.6,69.277],[-50.543,69.258],[-50.593,69.215],[-50.685,69.232],[-50.915,69.174],[-51.115,69.212],[-51.012,69.27],[-50.868,69.284],[-50.988,69.33],[-50.833,69.345],[-50.892,69.386],[-50.847,69.428],[-50.868,69.462],[-50.685,69.492],[-50.484,69.448],[-50.518,69.49],[-50.203,69.523],[-50.396,69.549],[-50.593,69.496],[-50.716,69.527],[-50.854,69.482],[-50.881,69.508],[-50.796,69.558],[-50.847,69.626],[-50.775,69.65],[-50.408,69.606],[-50.461,69.646],[-50.436,69.654],[-50.794,69.672],[-50.827,69.702],[-50.796,69.72],[-50.594,69.791],[-50.189,69.763],[-50.319,69.827],[-50.301,69.862],[-50.333,69.89],[-50.593,69.928],[-50.561,69.975],[-50.299,69.987],[-50.21,70.017],[-50.237,70.038],[-50.471,70.058],[-50.939,69.964],[-51.26,69.963],[-51.286,69.97],[-51.087,70.037],[-50.981,69.996],[-50.861,70.024],[-51.221,70.074],[-51.439,69.966],[-51.573,69.983],[-51.55,70.03],[-51.969,70.011],[-52.061,70.051],[-52.321,70.051],[-52.61,70.217],[-53.232,70.353],[-54.019,70.413],[-54.325,70.573],[-54.537,70.656],[-54.63,70.654],[-54.561,70.727],[-54.155,70.829],[-53.434,70.753],[-52.791,70.757],[-52.45,70.703],[-51.549,70.432],[-50.659,70.326],[-50.532,70.359],[-50.683,70.401],[-50.505,70.5],[-50.53,70.537],[-50.772,70.421],[-50.993,70.425],[-51.094,70.47],[-50.943,70.47],[-51.223,70.511],[-51.347,70.572],[-51.195,70.628],[-51.161,70.579],[-50.886,70.511],[-50.864,70.535],[-50.909,70.572],[-50.737,70.545],[-50.868,70.585],[-50.833,70.613],[-50.991,70.613],[-50.97,70.639],[-50.879,70.663],[-50.625,70.622],[-50.653,70.65],[-50.915,70.689],[-51.1,70.661],[-51.08,70.764],[-51.208,70.693],[-51.399,70.697],[-51.445,70.732],[-51.292,70.764],[-51.251,70.814],[-50.819,70.721],[-50.688,70.707],[-50.632,70.739],[-50.915,70.816],[-50.847,70.873],[-51.124,70.844],[-51.19,70.887],[-51.589,70.93],[-51.957,71.024],[-51.832,71.069],[-51.208,70.962],[-50.998,70.965],[-50.915,71.024],[-51.202,71.018],[-51.485,71.07],[-51.292,71.079],[-51.396,71.113],[-51.223,71.148],[-51.674,71.111],[-51.843,71.137],[-52.026,71.1],[-52.243,71.127],[-51.903,71.248],[-51.529,71.274],[-51.536,71.313],[-51.69,71.347],[-51.642,71.367],[-52.424,71.152],[-52.558,71.179],[-52.498,71.227],[-52.259,71.273],[-52.288,71.349],[-52.258,71.366],[-51.884,71.44],[-51.421,71.439],[-51.361,71.494],[-51.682,71.51],[-52.426,71.372],[-52.992,71.421],[-52.701,71.526],[-51.782,71.603],[-51.676,71.673],[-51.663,71.73],[-52.166,71.613],[-52.573,71.638],[-52.581,71.697],[-53.266,71.71],[-52.896,71.836],[-52.854,71.868],[-52.908,71.914],[-52.683,72.011],[-52.776,72.018],[-53.017,71.93],[-52.985,71.847],[-53.364,71.778],[-53.321,71.857],[-53.405,71.956],[-53.4,72.042],[-53.698,72.126],[-53.852,72.331],[-53.554,72.36],[-53.87,72.357],[-53.959,72.326],[-53.841,72.252],[-53.835,72.162],[-53.568,72.039],[-53.399,71.846],[-53.64,71.748],[-53.918,71.737],[-53.769,71.72],[-53.723,71.671],[-53.766,71.64],[-53.911,71.641],[-54.017,71.71],[-54.102,71.71],[-54.047,71.672],[-54.102,71.635],[-53.849,71.545],[-53.913,71.451],[-54.625,71.351],[-54.816,71.356],[-55.244,71.496],[-55.268,71.484],[-55.118,71.388],[-55.288,71.381],[-55.514,71.449],[-55.676,71.63],[-55.569,71.641],[-55.905,71.682],[-55.788,71.743],[-55.562,71.743],[-55.576,71.771],[-55.464,71.803],[-55.26,71.778],[-55.37,71.826],[-55.33,71.883],[-54.853,71.913],[-54.555,72.034],[-54.525,72.11],[-54.383,72.223],[-54.529,72.177],[-54.527,72.134],[-54.644,72.071],[-54.642,72.019],[-54.921,71.933],[-55.268,71.927],[-55.61,71.99],[-55.552,72.038],[-55.281,72.066],[-55.411,72.086],[-54.883,72.251],[-54.947,72.278],[-54.903,72.333],[-54.952,72.36],[-54.685,72.367],[-54.973,72.408],[-54.883,72.429],[-55.224,72.362],[-55.288,72.374],[-55.246,72.395],[-55.297,72.412],[-55.317,72.47],[-55.342,72.408],[-55.483,72.395],[-55.651,72.45],[-55.459,72.526],[-54.888,72.47],[-54.294,72.484],[-54.701,72.499],[-54.801,72.552],[-55.011,72.522],[-54.998,72.571],[-54.91,72.607],[-54.636,72.622],[-54.831,72.636],[-54.883,72.676],[-54.589,72.697],[-54.754,72.738],[-54.527,72.779],[-54.924,72.786],[-54.603,72.834],[-54.849,72.971],[-54.781,72.998],[-55.029,72.998],[-55.054,73.012],[-55.016,73.071],[-55.167,73.011],[-55.268,73.052],[-55.695,73.07],[-55.661,73.124],[-55.472,73.11],[-55.335,73.183],[-55.459,73.19],[-55.43,73.196],[-55.142,73.19],[-55.212,73.244],[-55.459,73.265],[-55.334,73.308],[-55.315,73.326],[-55.37,73.334],[-55.25,73.392],[-55.09,73.368],[-55.519,73.473],[-55.665,73.585],[-55.774,73.585],[-55.773,73.627],[-56.068,73.653],[-55.843,73.683],[-56.041,73.691],[-55.911,73.724],[-55.963,73.766],[-55.734,73.707],[-55.613,73.721],[-55.747,73.724],[-55.945,73.861],[-55.699,73.841],[-55.63,73.855],[-55.645,73.875],[-56.082,73.961],[-56.11,73.97],[-56.082,74.005],[-56.124,74.012],[-55.971,74.027],[-56.412,74.067],[-56.199,74.121],[-56.316,74.121],[-56.171,74.193],[-56.124,74.28],[-56.563,74.165],[-57.314,74.103],[-57.288,74.142],[-57.089,74.142],[-57.158,74.177],[-56.703,74.204],[-56.302,74.306],[-56.583,74.293],[-56.532,74.325],[-56.713,74.348],[-56.13,74.389],[-56.795,74.451],[-56.145,74.492],[-56.26,74.512],[-56.192,74.553],[-56.222,74.563],[-56.422,74.553],[-56.603,74.608],[-56.473,74.649],[-56.702,74.645],[-56.877,74.712],[-56.992,74.672],[-57.076,74.712],[-57.055,74.745],[-57.158,74.738],[-57.13,74.766],[-57.193,74.773],[-57.115,74.801],[-56.987,74.766],[-56.795,74.814],[-56.987,74.855],[-56.994,74.903],[-57.058,74.922],[-57.293,74.907],[-57.694,75.02],[-58.142,75.052],[-58.146,75.084],[-58.077,75.088],[-58.131,75.108],[-57.923,75.163],[-58.241,75.211],[-58.439,75.314],[-58.303,75.334],[-58.365,75.355],[-58.248,75.403],[-58.7,75.348],[-58.207,75.444],[-58.167,75.5],[-58.19,75.534],[-58.426,75.566],[-58.31,75.643],[-58.594,75.68],[-58.406,75.719],[-59.042,75.701],[-59.099,75.775],[-59.283,75.766],[-59.222,75.801],[-59.303,75.815],[-59.14,75.842],[-59.272,75.88],[-59.773,75.801],[-59.815,75.819],[-59.797,75.842],[-59.591,75.917],[-59.756,75.972],[-59.993,75.929],[-59.989,75.965],[-60.14,75.986],[-60.091,76.013],[-60.124,76.032],[-60.462,76.034],[-60.501,76.067],[-60.745,76.001],[-60.832,76.034],[-60.825,76.081],[-60.907,76.081],[-60.832,76.144],[-60.924,76.166],[-61.657,76.183],[-61.939,76.239],[-62.167,76.222],[-62.195,76.239],[-62.147,76.26],[-62.267,76.29],[-62.376,76.245],[-62.736,76.257],[-62.777,76.239],[-62.729,76.212],[-62.792,76.198],[-62.853,76.239],[-62.82,76.28],[-62.849,76.304],[-63.367,76.377],[-63.497,76.369],[-63.517,76.31],[-63.751,76.198],[-63.729,76.178],[-64.031,76.136],[-64.191,76.211],[-64.224,76.294],[-64.169,76.322],[-64.429,76.349],[-64.374,76.308],[-64.381,76.26],[-64.69,76.253],[-64.575,76.175],[-64.683,76.186],[-64.683,76.157],[-64.594,76.136],[-65.025,76.178],[-64.988,76.106],[-65.238,76.136],[-65.208,76.181],[-65.343,76.176],[-65.32,76.15],[-65.361,76.136],[-65.3,76.075],[-65.354,76.027],[-65.662,76.04],[-65.642,76.062],[-65.889,76.103],[-65.69,76.198],[-65.772,76.212],[-65.552,76.239],[-65.74,76.279],[-66.207,76.278],[-66.219,76.225],[-66.41,76.15],[-66.366,76.112],[-66.414,76.086],[-66.759,76.184],[-66.67,76.219],[-66.927,76.267],[-67.097,76.259],[-67.159,76.229],[-67.109,76.205],[-67.25,76.205],[-67.308,76.164],[-67.057,76.14],[-67.012,76.103],[-67.06,76.081],[-67.035,76.064],[-66.451,75.924],[-66.488,75.91],[-67.098,75.989],[-68.433,76.079],[-68.57,76.117],[-68.438,76.144],[-68.471,76.163],[-68.792,76.167],[-68.746,76.184],[-69.637,76.383],[-69.577,76.438],[-68.815,76.555],[-68.897,76.561],[-68.867,76.57],[-68.031,76.584],[-67.986,76.623],[-68.095,76.657],[-67.986,76.684],[-69.24,76.677],[-70.103,76.801],[-69.743,76.969],[-69.542,77.006],[-69.757,77.011],[-70.05,76.892],[-70.521,76.787],[-70.987,76.897],[-70.679,76.939],[-71.083,76.966],[-71.121,76.951],[-71.097,76.932],[-71.384,77.024],[-71.342,77.071],[-71.236,77.072],[-71.193,77.137],[-70.699,77.151],[-70.925,77.178],[-70.903,77.191],[-69.733,77.239],[-68.617,77.171],[-67.878,77.202],[-66.362,77.116],[-66.451,77.144],[-66.17,77.199],[-66.637,77.154],[-67.993,77.226],[-68.216,77.206],[-69.103,77.274],[-68.369,77.377],[-67.436,77.384],[-66.773,77.356],[-66.505,77.279],[-66.226,77.253],[-66.197,77.261],[-66.497,77.312],[-66.663,77.418],[-66.125,77.433],[-66.053,77.493],[-66.232,77.555],[-66.163,77.569],[-66.3,77.575],[-66.241,77.6],[-66.281,77.618],[-66.724,77.68],[-66.663,77.719],[-67.141,77.672],[-67.25,77.575],[-67.592,77.524],[-68.356,77.5],[-68.39,77.507],[-68.37,77.567],[-68.73,77.669],[-68.815,77.658],[-68.61,77.565],[-68.611,77.518],[-69.223,77.453],[-70.288,77.575],[-69.518,77.687],[-69.48,77.754],[-69.507,77.76],[-70.068,77.674],[-70.676,77.68],[-70.706,77.691],[-70.212,77.827],[-69.973,77.836],[-70.412,77.863],[-70.679,77.781],[-71.313,77.77],[-71.44,77.8],[-71.213,77.87],[-71.525,77.856],[-71.631,77.863],[-71.591,77.905],[-71.617,77.925],[-71.906,77.889],[-72.242,77.939],[-72.228,77.96],[-72.351,78.015],[-72.297,78.056],[-72.583,78.062],[-72.895,78.154],[-73.057,78.158],[-72.734,78.192],[-72.817,78.227],[-72.68,78.254],[-72.707,78.268],[-72.661,78.291],[-72.461,78.289],[-72.851,78.315],[-72.814,78.359],[-72.604,78.404],[-72.584,78.425],[-72.673,78.439],[-72.588,78.467],[-72.571,78.487],[-72.639,78.501],[-72.59,78.521],[-71.942,78.558],[-71.555,78.643],[-70.802,78.599],[-70.802,78.678],[-70.746,78.695],[-69.987,78.753],[-69.963,78.763],[-70.021,78.775],[-69.909,78.804],[-69.359,78.799],[-69.148,78.881],[-68.781,78.837],[-68.913,78.901],[-69.172,78.925],[-69.034,78.98],[-68.04,79.077],[-67.759,79.038],[-67.67,79.055],[-67.746,79.077],[-67.712,79.094],[-67.476,79.107],[-67.506,79.138],[-67.227,79.115],[-67.177,79.118],[-67.218,79.138],[-67.183,79.158],[-67.113,79.156],[-67.04,79.116],[-66.962,79.154],[-66.91,79.131],[-66.93,79.104],[-66.745,79.145],[-66.821,79.118],[-66.363,79.143],[-66.317,79.105],[-66.117,79.103],[-65.786,79.138],[-65.909,79.151],[-65.662,79.22],[-65.71,79.241],[-65.67,79.253],[-65.519,79.267],[-65.552,79.289],[-65.428,79.334],[-65.154,79.376],[-65.047,79.433],[-65.087,79.44],[-65.051,79.464],[-64.831,79.527],[-64.836,79.612],[-65.012,79.659],[-64.909,79.707],[-65.032,79.755],[-64.943,79.783],[-65.053,79.824],[-64.998,79.83],[-65.129,79.85],[-64.998,79.864],[-65.047,79.899],[-64.95,79.96],[-65.073,80.009],[-65.044,80.024],[-64.341,80.079],[-64.126,80.144],[-63.779,80.152],[-64.159,80.163],[-64.203,80.193],[-64.171,80.239],[-64.223,80.256],[-64.335,80.149],[-64.473,80.106],[-64.926,80.073],[-65.306,80.096],[-65.863,80.012],[-66.061,80.021],[-66.433,80.117],[-66.553,80.074],[-67.05,80.061],[-67.124,80.126],[-67.081,80.145],[-67.506,80.207],[-67.437,80.235],[-67.519,80.266],[-67.448,80.314],[-67.486,80.323],[-66.788,80.464],[-66.698,80.522],[-66.793,80.533],[-66.758,80.552],[-66.143,80.608],[-66.053,80.666],[-65.525,80.663],[-65.498,80.673],[-65.708,80.704],[-65.075,80.793],[-64.984,80.851],[-65.039,80.879],[-65.017,80.895],[-64.71,80.94],[-64.794,80.96],[-64.79,80.99],[-63.929,81.057],[-63.655,81.149],[-63.507,81.131],[-63.306,80.954],[-62.78,80.759],[-62.736,80.783],[-62.866,80.804],[-63.184,80.952],[-63.323,81.062],[-63.373,81.159],[-62.977,81.228],[-62.196,81.199],[-61.546,81.066],[-61.502,81.108],[-61.076,81.121],[-60.893,81.166],[-61.085,81.221],[-61.201,81.303],[-61.161,81.317],[-61.311,81.365],[-60.773,81.492],[-61.024,81.55],[-61.454,81.745],[-61.281,81.815],[-60.067,81.947],[-58.838,81.862],[-58.667,81.769],[-58.755,81.74],[-58.681,81.684],[-57.645,81.591],[-57.179,81.475],[-57.281,81.461],[-57.191,81.425],[-56.453,81.338],[-56.583,81.394],[-57.066,81.44],[-57.201,81.534],[-57.748,81.651],[-58.138,81.667],[-58.474,81.831],[-58.486,81.879],[-59.463,82.0],[-53.586,82.0],[-53.517,81.961],[-53.51,81.91],[-53.588,81.813],[-53.822,81.701],[-53.776,81.671],[-53.804,81.566],[-53.683,81.526],[-53.472,81.509],[-53.65,81.543],[-53.465,81.563],[-53.541,81.672],[-52.93,81.865],[-52.953,81.958],[-53.015,82.0],[-52.474,82.0],[-51.386,81.905],[-50.287,81.724],[-50.223,81.701],[-50.203,81.649],[-49.921,81.612],[-49.614,81.646],[-49.872,81.663],[-49.927,81.718],[-50.51,81.789],[-50.645,81.858],[-51.066,81.934],[-49.829,81.871],[-49.436,81.928],[-49.75,82.0],[-45.999,82.0],[-45.948,81.976],[-46.05,81.954],[-45.4,81.867],[-45.156,81.79],[-44.663,81.754],[-44.632,81.763],[-44.68,81.777],[-44.652,81.786],[-44.173,81.838],[-44.727,81.94],[-44.461,81.968],[-44.514,81.983],[-44.926,81.995],[-31.094,82.0],[-32.563,81.883],[-32.798,81.829],[-32.809,81.761],[-32.708,81.745],[-32.718,81.692],[-32.612,81.674],[-32.148,81.681],[-32.112,81.736],[-31.68,81.835],[-29.788,81.948],[-29.571,81.943],[-29.55,81.89],[-29.342,81.903],[-29.282,81.968],[-29.039,82.0],[-24.62,81.987],[-24.698,81.925],[-24.617,81.841],[-24.706,81.781],[-26.315,81.617],[-26.723,81.531],[-26.477,81.512],[-26.506,81.458],[-26.387,81.428],[-25.617,81.561],[-24.435,81.633],[-23.766,81.746],[-23.404,81.719],[-23.308,81.793],[-23.362,81.874],[-23.266,81.919],[-23.312,81.965],[-23.23,82.0],[-21.164,82.0],[-21.057,81.913],[-21.088,81.843],[-21.033,81.745],[-21.257,81.517],[-21.813,81.31],[-22.091,81.268],[-22.098,81.22],[-22.256,81.202],[-22.271,81.15],[-22.56,81.12],[-22.598,81.075],[-23.267,80.896],[-23.226,80.823],[-23.502,80.751],[-23.458,80.73],[-23.474,80.707],[-23.85,80.636],[-23.897,80.601],[-23.865,80.584],[-23.093,80.728],[-23.076,80.751],[-23.124,80.763],[-23.102,80.784],[-22.914,80.824],[-22.972,80.88],[-22.748,80.931],[-22.305,80.963],[-22.204,81.025],[-21.959,81.021],[-21.896,81.077],[-21.363,81.2],[-20.951,81.236],[-20.724,81.304],[-20.692,81.36],[-19.851,81.543],[-20.051,81.587],[-19.879,81.622],[-19.946,81.647],[-19.904,81.67],[-19.708,81.696],[-19.645,81.69],[-19.633,81.632],[-18.984,81.61],[-19.279,81.541],[-19.333,81.457],[-19.505,81.379],[-19.461,81.375],[-18.524,81.506],[-17.855,81.404],[-17.819,81.41],[-17.852,81.467],[-17.546,81.389],[-17.147,81.413],[-17.22,81.481],[-16.813,81.537],[-17.047,81.562],[-17.02,81.585],[-16.461,81.63],[-16.54,81.685],[-16.485,81.749],[-15.845,81.782],[-15.793,81.832],[-15.29,81.839],[-13.92,81.812],[-12.57,81.696],[-12.028,81.637],[-11.682,81.504],[-11.377,81.476],[-11.639,81.388],[-12.166,81.332],[-12.533,81.223],[-12.538,81.187],[-13.204,81.092],[-13.355,81.02],[-14.553,80.991],[-14.132,80.886],[-14.295,80.784],[-15.321,80.715],[-15.42,80.648],[-17.063,80.663],[-17.24,80.722],[-17.463,80.717],[-17.459,80.641],[-18.322,80.558],[-19.472,80.665],[-20.223,80.566],[-20.845,80.557],[-20.38,80.535],[-20.353,80.461],[-19.488,80.635],[-18.055,80.492],[-17.31,80.512],[-16.896,80.584],[-16.448,80.479],[-15.755,80.419],[-16.27,80.29],[-16.375,80.326],[-16.405,80.296],[-16.327,80.262],[-16.447,80.219],[-17.122,80.183],[-17.288,80.218],[-17.873,80.161],[-18.666,80.201],[-19.18,80.268],[-19.474,80.26],[-19.78,80.146],[-20.171,80.104],[-19.966,80.083],[-20.228,80.024],[-20.077,79.99],[-20.423,79.84],[-20.101,79.821],[-20.068,79.764],[-19.976,79.738],[-19.967,79.679],[-19.486,79.774],[-19.208,79.708],[-19.385,79.624],[-19.352,79.551],[-19.472,79.496],[-19.566,79.386],[-19.466,79.315],[-19.604,79.18],[-19.432,79.28],[-19.321,79.291],[-19.277,79.392],[-19.23,79.355],[-19.241,79.273],[-18.938,79.261],[-18.879,79.225],[-19.001,79.207],[-18.955,79.149],[-19.173,79.17],[-19.231,79.097],[-19.551,79.114],[-19.879,79.032],[-19.906,78.993],[-19.766,78.898],[-19.881,78.837],[-20.238,78.827],[-20.442,78.861],[-20.651,78.831],[-20.568,78.777],[-20.971,78.779],[-20.842,78.715],[-21.208,78.633],[-20.891,78.627],[-20.848,78.593],[-21.047,78.505],[-21.11,78.415],[-21.295,78.3],[-21.24,78.184],[-21.366,78.144],[-21.322,78.077],[-21.63,77.998],[-21.547,77.932],[-21.557,77.899],[-21.815,77.85],[-21.795,77.81],[-21.967,77.679],[-21.447,77.663],[-21.605,77.55],[-21.562,77.553],[-21.293,77.675],[-21.409,77.713],[-21.374,77.777],[-20.937,77.974],[-20.761,77.971],[-19.961,77.791],[-19.127,77.684],[-18.979,77.617],[-19.358,77.526],[-20.092,77.701],[-20.822,77.654],[-20.775,77.617],[-20.277,77.53],[-20.47,77.519],[-20.441,77.49],[-20.468,77.474],[-20.926,77.522],[-20.168,77.404],[-20.502,77.362],[-19.728,77.341],[-19.465,77.282],[-19.444,77.21],[-19.275,77.189],[-19.063,77.187],[-19.109,77.215],[-19.083,77.318],[-18.536,77.281],[-18.324,77.208],[-18.259,77.1],[-18.266,76.921],[-18.511,76.741],[-18.626,76.776],[-18.628,76.702],[-19.063,76.838],[-19.391,76.831],[-19.895,76.925],[-20.513,76.946],[-20.792,76.87],[-21.036,76.902],[-21.73,76.891],[-20.777,76.842],[-21.093,76.787],[-21.286,76.808],[-21.312,76.794],[-21.195,76.78],[-21.668,76.684],[-21.6,76.657],[-21.624,76.646],[-21.73,76.657],[-22.196,76.857],[-22.47,76.836],[-22.306,76.753],[-22.646,76.746],[-22.744,76.698],[-22.487,76.654],[-22.464,76.639],[-22.509,76.604],[-22.323,76.515],[-22.285,76.528],[-22.34,76.589],[-22.145,76.646],[-21.805,76.589],[-22.086,76.555],[-21.675,76.527],[-22.038,76.466],[-21.723,76.5],[-21.681,76.491],[-21.7,76.47],[-21.792,76.438],[-22.145,76.439],[-22.436,76.5],[-22.353,76.466],[-22.504,76.451],[-22.19,76.411],[-21.585,76.443],[-21.607,76.417],[-21.567,76.385],[-21.704,76.256],[-21.652,76.238],[-21.408,76.246],[-21.456,76.26],[-21.4,76.293],[-21.326,76.287],[-21.408,76.273],[-21.358,76.263],[-21.121,76.285],[-20.558,76.15],[-20.655,76.124],[-20.421,76.136],[-21.086,76.294],[-21.024,76.317],[-20.489,76.224],[-19.938,76.258],[-19.847,76.245],[-19.671,76.136],[-19.715,76.062],[-19.996,76.063],[-20.269,75.992],[-21.655,75.972],[-21.924,76.048],[-21.984,75.993],[-21.845,75.958],[-19.935,75.934],[-19.749,75.889],[-19.57,75.779],[-19.345,75.733],[-19.549,75.736],[-19.612,75.684],[-19.396,75.56],[-19.342,75.411],[-19.402,75.253],[-19.589,75.142],[-20.003,75.186],[-20.051,75.226],[-19.948,75.28],[-20.14,75.336],[-20.714,75.299],[-21.161,75.405],[-21.285,75.495],[-21.669,75.593],[-22.263,75.67],[-21.408,75.458],[-22.506,75.54],[-22.461,75.509],[-21.429,75.432],[-21.314,75.364],[-20.56,75.197],[-20.517,75.142],[-21.182,75.122],[-21.761,74.985],[-21.927,75.083],[-22.436,75.17],[-22.41,75.155],[-21.942,75.054],[-22.018,75.019],[-21.769,74.96],[-21.509,74.98],[-21.116,75.091],[-20.677,75.074],[-20.626,75.06],[-20.714,74.98],[-20.682,74.898],[-20.764,74.841],[-20.61,74.735],[-20.792,74.666],[-21.12,74.667],[-20.701,74.648],[-20.521,74.684],[-20.155,74.677],[-19.718,74.587],[-19.403,74.689],[-19.27,74.649],[-19.309,74.614],[-19.291,74.581],[-19.386,74.561],[-18.975,74.484],[-19.366,74.269],[-19.627,74.239],[-20.201,74.28],[-20.243,74.376],[-20.373,74.448],[-21.255,74.474],[-21.629,74.447],[-21.806,74.479],[-21.876,74.547],[-22.082,74.603],[-22.114,74.594],[-21.939,74.532],[-21.769,74.415],[-22.052,74.321],[-22.471,74.314],[-22.069,74.294],[-22.059,74.232],[-22.34,74.163],[-22.21,74.17],[-22.155,74.129],[-22.176,74.113],[-22.488,74.081],[-21.989,73.999],[-21.997,73.943],[-21.86,73.902],[-21.813,73.848],[-21.854,73.773],[-21.827,73.652],[-21.703,73.697],[-21.757,73.751],[-21.758,73.866],[-21.915,73.978],[-21.909,74.016],[-21.785,74.053],[-21.59,74.058],[-20.689,73.886],[-20.278,73.875],[-20.25,73.841],[-20.298,73.791],[-20.449,73.775],[-20.483,73.759],[-20.428,73.732],[-20.52,73.729],[-20.463,73.635],[-20.521,73.556],[-20.382,73.518],[-20.543,73.449],[-21.543,73.49],[-21.62,73.457],[-21.555,73.424],[-21.572,73.395],[-22.314,73.25],[-23.096,73.35],[-23.45,73.436],[-23.968,73.589],[-24.033,73.697],[-23.983,73.724],[-23.517,73.711],[-22.843,73.561],[-22.662,73.549],[-22.175,73.628],[-22.799,73.568],[-23.553,73.736],[-23.864,73.744],[-24.06,73.82],[-24.341,73.779],[-24.472,73.656],[-24.375,73.56],[-24.457,73.541],[-24.942,73.612],[-24.995,73.645],[-24.969,73.685],[-24.999,73.717],[-25.43,73.824],[-25.519,73.916],[-25.691,73.957],[-25.739,73.93],[-25.59,73.867],[-25.551,73.811],[-25.088,73.697],[-25.112,73.637],[-25.057,73.602],[-24.68,73.525],[-24.719,73.492],[-25.292,73.474],[-25.499,73.403],[-25.424,73.395],[-25.453,73.346],[-25.965,73.242],[-26.151,73.241],[-26.406,73.34],[-26.826,73.343],[-27.332,73.498],[-27.459,73.444],[-27.341,73.443],[-27.129,73.354],[-26.856,73.306],[-26.447,73.28],[-26.397,73.238],[-26.582,73.217],[-26.713,73.135],[-27.089,73.19],[-27.726,73.134],[-27.404,73.111],[-27.364,73.003],[-27.528,72.936],[-27.483,72.926],[-27.328,72.968],[-27.314,73.097],[-27.26,73.127],[-26.652,73.103],[-26.444,73.197],[-25.999,73.203],[-25.721,73.138],[-25.053,73.084],[-24.984,73.026],[-25.136,72.94],[-25.321,72.893],[-25.74,72.896],[-26.083,72.782],[-26.783,72.872],[-27.103,72.826],[-27.388,72.846],[-27.15,72.804],[-26.7,72.833],[-26.397,72.771],[-26.781,72.717],[-26.72,72.704],[-26.307,72.73],[-26.469,72.577],[-26.178,72.726],[-25.883,72.741],[-25.523,72.84],[-25.256,72.811],[-25.187,72.759],[-24.717,72.686],[-24.724,72.587],[-24.663,72.573],[-24.668,72.545],[-24.601,72.552],[-25.132,72.436],[-25.91,72.416],[-25.289,72.391],[-25.496,72.231],[-25.465,72.162],[-25.507,72.124],[-25.403,72.149],[-25.375,72.264],[-25.181,72.365],[-24.828,72.436],[-24.546,72.423],[-24.342,72.332],[-24.234,72.337],[-23.807,72.231],[-23.895,72.231],[-23.872,72.217],[-23.794,72.217],[-23.761,72.244],[-23.711,72.217],[-23.711,72.182],[-23.821,72.114],[-23.62,72.156],[-23.087,72.059],[-23.197,72.018],[-23.143,72.001],[-23.006,72.011],[-22.503,71.901],[-23.06,71.712],[-23.123,71.632],[-22.416,71.797],[-22.427,71.753],[-22.655,71.668],[-22.634,71.581],[-22.596,71.574],[-22.6,71.613],[-22.394,71.627],[-22.306,71.73],[-22.214,71.756],[-22.16,71.757],[-22.139,71.716],[-21.895,71.743],[-22.025,71.703],[-21.99,71.689],[-22.013,71.675],[-22.217,71.635],[-22.1,71.613],[-22.148,71.59],[-22.425,71.586],[-22.507,71.552],[-22.536,71.475],[-22.498,71.367],[-22.449,71.339],[-22.477,71.264],[-22.355,71.27],[-22.334,71.329],[-22.36,71.343],[-22.306,71.415],[-22.132,71.491],[-21.941,71.464],[-21.956,71.497],[-21.881,71.493],[-21.895,71.518],[-21.765,71.508],[-21.874,71.449],[-21.716,71.442],[-21.819,71.421],[-21.668,71.401],[-21.856,71.349],[-21.716,71.361],[-21.819,71.319],[-21.607,71.326],[-21.963,71.27],[-21.89,71.237],[-21.739,71.254],[-21.75,71.229],[-21.661,71.189],[-21.713,71.138],[-21.847,71.195],[-21.833,71.148],[-21.716,71.12],[-22.333,71.059],[-21.697,71.079],[-21.661,71.024],[-21.99,70.969],[-21.695,70.983],[-21.792,70.928],[-21.572,70.956],[-21.757,70.866],[-21.7,70.836],[-21.744,70.8],[-21.929,70.812],[-21.823,70.777],[-21.639,70.801],[-21.792,70.736],[-21.618,70.744],[-21.546,70.709],[-21.764,70.709],[-21.579,70.675],[-21.654,70.668],[-21.62,70.641],[-21.646,70.634],[-21.757,70.634],[-21.737,70.613],[-21.771,70.59],[-21.653,70.599],[-21.62,70.585],[-21.675,70.572],[-21.477,70.545],[-21.664,70.436],[-21.793,70.44],[-21.94,70.39],[-22.0,70.411],[-21.944,70.47],[-22.023,70.499],[-22.381,70.449],[-22.408,70.579],[-22.473,70.665],[-22.429,70.846],[-22.479,70.855],[-22.573,70.825],[-22.608,70.77],[-22.586,70.744],[-22.649,70.723],[-22.641,70.65],[-22.566,70.572],[-22.633,70.445],[-23.345,70.441],[-23.809,70.569],[-24.066,70.69],[-24.208,70.861],[-24.228,70.932],[-24.196,71.012],[-24.265,71.081],[-24.57,71.218],[-24.573,71.264],[-24.669,71.272],[-24.615,71.339],[-24.638,71.362],[-24.848,71.307],[-25.096,71.305],[-25.622,71.539],[-26.076,71.586],[-26.276,71.571],[-26.401,71.642],[-26.5,71.56],[-26.785,71.547],[-27.158,71.668],[-27.223,71.745],[-27.931,72.01],[-28.005,71.975],[-28.206,71.998],[-28.62,72.134],[-28.706,72.086],[-28.46,72.062],[-28.36,72.007],[-28.49,71.959],[-28.457,71.939],[-27.862,71.908],[-27.802,71.874],[-28.034,71.879],[-27.331,71.719],[-27.408,71.642],[-27.633,71.652],[-27.854,71.607],[-27.983,71.631],[-28.007,71.613],[-27.932,71.6],[-28.494,71.566],[-27.908,71.57],[-27.651,71.613],[-27.123,71.572],[-27.329,71.518],[-27.22,71.481],[-27.034,71.531],[-26.687,71.482],[-26.447,71.51],[-25.805,71.491],[-25.556,71.387],[-25.444,71.38],[-25.41,71.354],[-25.417,71.285],[-25.513,71.216],[-25.78,71.257],[-25.581,71.189],[-26.002,71.062],[-26.828,70.935],[-27.506,70.942],[-27.771,71.147],[-27.907,71.14],[-27.812,71.036],[-27.618,70.954],[-28.017,70.997],[-28.398,70.981],[-28.107,70.939],[-28.062,70.894],[-27.921,70.868],[-28.01,70.74],[-28.15,70.648],[-28.336,70.626],[-28.24,70.6],[-28.31,70.564],[-29.234,70.448],[-29.18,70.421],[-29.206,70.394],[-29.111,70.394],[-28.788,70.47],[-28.281,70.511],[-28.349,70.434],[-28.233,70.372],[-26.743,70.484],[-26.529,70.474],[-26.321,70.38],[-26.699,70.29],[-26.972,70.329],[-27.295,70.25],[-27.435,70.176],[-27.819,70.099],[-28.254,70.145],[-28.59,70.092],[-28.514,70.044],[-28.103,70.071],[-27.966,70.01],[-27.553,70.06],[-27.525,69.982],[-27.474,69.96],[-27.31,69.978],[-27.188,70.089],[-27.185,70.168],[-26.884,70.257],[-26.326,70.198],[-25.305,70.413],[-25.204,70.398],[-25.396,70.359],[-25.273,70.359],[-25.348,70.314],[-25.325,70.278],[-25.219,70.28],[-25.001,70.366],[-24.889,70.299],[-24.819,70.325],[-24.472,70.222],[-24.034,70.185],[-23.863,70.134],[-22.081,70.138],[-22.161,70.071],[-22.38,69.971],[-22.466,70.013],[-22.582,69.939],[-22.778,69.928],[-22.778,69.955],[-22.881,69.963],[-22.929,69.931],[-22.772,69.894],[-22.806,69.88],[-23.038,69.945],[-23.094,69.92],[-23.047,69.874],[-23.279,69.86],[-22.909,69.813],[-22.999,69.766],[-23.178,69.788],[-23.334,69.862],[-23.389,69.853],[-23.244,69.753],[-23.93,69.756],[-23.703,69.718],[-23.58,69.626],[-23.731,69.606],[-23.621,69.592],[-23.814,69.512],[-23.938,69.535],[-24.003,69.594],[-24.065,69.558],[-24.355,69.6],[-24.115,69.544],[-24.074,69.486],[-24.156,69.476],[-24.094,69.428],[-24.368,69.448],[-24.346,69.418],[-24.448,69.362],[-24.735,69.434],[-24.752,69.4],[-24.615,69.318],[-24.766,69.298],[-24.615,69.28],[-24.676,69.245],[-25.102,69.304],[-25.191,69.284],[-25.198,69.249],[-25.281,69.238],[-25.023,69.225],[-24.992,69.167],[-25.116,69.147],[-25.04,69.133],[-25.078,69.11],[-25.328,69.133],[-25.211,69.065],[-25.286,69.024],[-25.371,69.052],[-25.349,69.065],[-25.656,69.092],[-25.548,69.033],[-25.656,69.009],[-25.45,68.968],[-25.702,68.962],[-25.718,68.934],[-25.578,68.915],[-25.668,68.87],[-25.789,68.889],[-25.821,68.873],[-25.773,68.858],[-25.944,68.79],[-26.262,68.787],[-26.289,68.765],[-26.252,68.729],[-26.326,68.679],[-26.643,68.653],[-26.744,68.705],[-26.844,68.637],[-26.993,68.636],[-27.047,68.581],[-27.337,68.601],[-27.238,68.54],[-27.582,68.579],[-27.756,68.522],[-27.602,68.495],[-27.781,68.469],[-27.98,68.571],[-28.022,68.563],[-28.01,68.458],[-28.109,68.441],[-28.357,68.503],[-28.253,68.441],[-28.508,68.448],[-28.507,68.413],[-28.637,68.393],[-28.631,68.363],[-28.822,68.381],[-28.852,68.329],[-29.172,68.4],[-29.196,68.366],[-29.097,68.31],[-29.189,68.263],[-29.282,68.324],[-29.357,68.25],[-29.474,68.25],[-29.378,68.201],[-29.626,68.254],[-29.611,68.297],[-29.772,68.308],[-29.785,68.37],[-29.853,68.416],[-30.069,68.321],[-29.993,68.251],[-30.303,68.256],[-30.123,68.225],[-30.008,68.126],[-30.056,68.112],[-30.338,68.099],[-30.403,68.139],[-30.402,68.222],[-30.817,68.256],[-30.495,68.185],[-30.461,68.085],[-30.42,68.071],[-30.897,68.079],[-30.913,68.045],[-31.017,68.041],[-31.454,68.132],[-31.337,68.146],[-31.404,68.163],[-31.503,68.134],[-31.413,68.091],[-31.581,68.076],[-31.701,68.105],[-31.683,68.182],[-31.749,68.214],[-31.546,68.246],[-31.991,68.26],[-32.078,68.368],[-32.158,68.398],[-32.125,68.475],[-32.166,68.486],[-32.256,68.42],[-32.315,68.444],[-32.303,68.495],[-32.371,68.579],[-32.487,68.624],[-32.495,68.579],[-32.4,68.544],[-32.455,68.503],[-32.571,68.51],[-32.501,68.429],[-32.209,68.348],[-32.071,68.194],[-32.44,68.242],[-32.454,68.208],[-32.052,68.156],[-31.996,68.05],[-32.146,68.05],[-32.091,68.023],[-32.119,67.999],[-32.071,68.003],[-32.105,67.955],[-32.037,67.927],[-32.179,67.922],[-32.14,67.851],[-32.331,67.886],[-32.542,67.868],[-32.523,67.831],[-32.927,67.689],[-33.202,67.694],[-33.201,67.664],[-33.057,67.633],[-33.21,67.547],[-33.366,67.551],[-33.311,67.508],[-33.346,67.489],[-33.27,67.478],[-33.346,67.434],[-33.274,67.401],[-33.362,67.358],[-33.437,67.393],[-33.598,67.372],[-33.421,67.338],[-33.475,67.317],[-33.365,67.248],[-33.601,67.256],[-33.668,67.223],[-33.516,67.201],[-33.537,67.078],[-33.592,67.098],[-33.607,67.099],[-33.653,67.098],[-33.88,67.015],[-33.762,67.025],[-33.751,66.988],[-33.976,66.995],[-33.859,66.954],[-33.999,66.954],[-33.948,66.927],[-34.015,66.827],[-33.935,66.769],[-33.988,66.747],[-34.085,66.81],[-34.05,66.745],[-34.099,66.762],[-34.088,66.721],[-34.167,66.714],[-34.151,66.672],[-34.27,66.577],[-34.302,66.58],[-34.26,66.673],[-34.289,66.684],[-34.372,66.597],[-34.417,66.75],[-34.433,66.688],[-34.531,66.638],[-34.476,66.632],[-34.524,66.598],[-34.408,66.543],[-34.538,66.501],[-34.557,66.449],[-34.702,66.419],[-34.624,66.419],[-34.654,66.371],[-34.724,66.407],[-34.715,66.344],[-34.816,66.316],[-34.839,66.358],[-34.942,66.344],[-34.907,66.317],[-34.973,66.29],[-35.134,66.344],[-35.114,66.421],[-35.237,66.324],[-35.038,66.262],[-35.216,66.241],[-35.435,66.29],[-35.445,66.33],[-35.497,66.289],[-35.589,66.289],[-35.799,66.412],[-35.737,66.44],[-35.833,66.444],[-35.881,66.419],[-35.678,66.331],[-35.743,66.268],[-35.552,66.248],[-35.702,66.207],[-35.625,66.209],[-35.576,66.156],[-35.586,66.111],[-35.745,66.199],[-35.698,66.167],[-35.711,66.123],[-35.886,66.142],[-35.942,66.104],[-35.717,66.09],[-35.908,66.09],[-35.881,66.076],[-35.942,66.063],[-35.874,66.056],[-35.922,66.042],[-35.894,66.015],[-36.09,65.933],[-36.224,65.939],[-36.203,65.981],[-36.262,65.952],[-36.261,66.008],[-36.347,65.988],[-36.326,65.912],[-36.385,65.952],[-36.359,66.091],[-36.554,66.084],[-36.58,66.07],[-36.477,66.049],[-36.522,65.991],[-36.909,65.933],[-36.826,65.92],[-36.881,65.869],[-37.014,65.84],[-37.097,65.943],[-37.032,66.053],[-37.08,66.063],[-37.086,65.994],[-37.168,66.009],[-37.123,65.905],[-37.237,65.905],[-37.086,65.864],[-37.114,65.817],[-37.272,65.83],[-37.185,65.774],[-37.679,65.946],[-37.854,65.885],[-37.731,65.981],[-37.793,66.001],[-37.798,66.049],[-37.547,66.114],[-37.548,66.173],[-37.311,66.298],[-37.17,66.317],[-37.193,66.34],[-37.616,66.329],[-37.804,66.376],[-37.852,66.445],[-37.898,66.373],[-38.099,66.394],[-38.142,66.341],[-37.69,66.262],[-37.765,66.221],[-37.998,66.241],[-37.854,66.199],[-37.986,66.11],[-38.107,66.114],[-38.087,66.083],[-37.96,66.076],[-38.004,66.04],[-37.985,65.95],[-38.03,65.927],[-38.184,65.972],[-38.149,65.914],[-38.27,65.905],[-38.355,65.939],[-38.392,66.008],[-38.485,66.015],[-38.432,65.902],[-38.106,65.811],[-38.111,65.772],[-38.19,65.775],[-38.176,65.686],[-38.259,65.705],[-38.221,65.646],[-38.419,65.665],[-38.489,65.594],[-38.498,65.652],[-38.43,65.679],[-38.538,65.71],[-38.56,65.635],[-38.602,65.651],[-38.587,65.679],[-38.689,65.663],[-38.752,65.693],[-38.782,65.664],[-38.63,65.631],[-38.6,65.578],[-38.831,65.618],[-38.912,65.569],[-39.075,65.555],[-39.142,65.667],[-39.341,65.748],[-39.357,65.711],[-39.197,65.593],[-39.307,65.61],[-39.335,65.545],[-39.344,65.628],[-39.423,65.541],[-39.548,65.62],[-39.505,65.659],[-39.581,65.645],[-39.668,65.685],[-39.712,65.665],[-39.636,65.624],[-39.759,65.641],[-39.745,65.597],[-39.835,65.583],[-39.716,65.556],[-39.811,65.555],[-39.807,65.508],[-40.047,65.583],[-40.115,65.549],[-40.041,65.495],[-40.218,65.508],[-40.133,65.46],[-39.789,65.412],[-39.891,65.406],[-39.883,65.378],[-39.951,65.361],[-39.871,65.318],[-39.876,65.272],[-39.821,65.288],[-39.759,65.247],[-39.917,65.254],[-39.933,65.198],[-40.032,65.188],[-39.917,65.165],[-39.942,65.149],[-40.123,65.166],[-40.068,65.11],[-39.937,65.097],[-40.135,65.087],[-40.163,65.023],[-40.229,65.04],[-40.281,65.001],[-40.379,65.083],[-40.41,65.09],[-40.369,65.038],[-40.426,65.038],[-40.603,65.145],[-40.658,65.134],[-40.707,65.03],[-40.76,65.083],[-40.876,65.097],[-40.854,65.066]]],[[[-44.588,59.978],[-44.528,59.987],[-44.515,59.956],[-44.577,59.947],[-44.588,59.978]]],[[[-44.369,59.966],[-44.433,59.985],[-44.378,60.081],[-44.495,60.011],[-44.419,60.15],[-44.292,60.129],[-44.204,60.053],[-44.317,59.978],[-44.344,60.008],[-44.31,60.04],[-44.34,60.033],[-44.369,59.966]]],[[[-44.139,60.041],[-44.248,60.129],[-44.208,60.175],[-44.147,60.096],[-44.008,60.047],[-44.139,60.041]]],[[[-45.304,60.142],[-45.246,60.189],[-45.221,60.15],[-45.304,60.142]]],[[[-45.137,60.361],[-45.183,60.273],[-45.411,60.195],[-45.35,60.389],[-45.137,60.361]]],[[[-45.096,60.382],[-45.132,60.434],[-45.002,60.451],[-45.041,60.389],[-45.096,60.382]]],[[[-44.989,60.437],[-44.926,60.437],[-45.008,60.348],[-45.118,60.313],[-45.005,60.386],[-44.989,60.437]]],[[[-45.352,60.458],[-45.395,60.427],[-45.44,60.431],[-45.382,60.478],[-45.352,60.458]]],[[[-45.979,60.68],[-45.812,60.672],[-45.783,60.663],[-45.979,60.623],[-45.979,60.68]]],[[[-45.969,60.697],[-46.089,60.643],[-46.208,60.677],[-46.177,60.688],[-45.908,60.704],[-45.893,60.698],[-45.969,60.697]]],[[[-46.643,60.739],[-46.533,60.77],[-46.509,60.752],[-46.643,60.739]]],[[[-46.391,60.764],[-46.248,60.752],[-46.42,60.718],[-46.345,60.67],[-46.502,60.704],[-46.391,60.764]]],[[[-47.359,60.793],[-47.27,60.8],[-47.222,60.786],[-47.359,60.793]]],[[[-47.03,60.814],[-47.003,60.773],[-47.051,60.8],[-47.03,60.814]]],[[[-47.207,60.802],[-47.195,60.827],[-47.147,60.813],[-47.207,60.802]]],[[[-46.303,60.821],[-46.405,60.783],[-46.427,60.8],[-46.303,60.821]]],[[[-47.194,60.841],[-47.101,60.869],[-47.085,60.868],[-47.117,60.827],[-47.194,60.841]]],[[[-47.195,60.865],[-47.245,60.845],[-47.256,60.851],[-47.228,60.879],[-47.195,60.865]]],[[[-47.174,60.882],[-47.112,60.93],[-47.072,60.93],[-47.174,60.882]]],[[[-47.051,60.896],[-46.984,60.934],[-46.962,60.93],[-47.051,60.896]]],[[[-46.567,60.79],[-46.846,60.773],[-46.201,60.951],[-46.164,60.911],[-46.567,60.79]]],[[[-46.506,60.999],[-46.427,60.978],[-46.426,60.938],[-46.517,60.937],[-46.506,60.999]]],[[[-48.044,61.068],[-48.284,61.055],[-48.373,61.081],[-48.242,61.101],[-48.044,61.068]]],[[[-48.956,61.259],[-48.772,61.307],[-48.723,61.294],[-48.956,61.259]]],[[[-48.559,61.373],[-48.516,61.337],[-48.833,61.341],[-48.728,61.367],[-48.559,61.373]]],[[[-49.15,61.702],[-49.086,61.677],[-49.097,61.633],[-49.217,61.657],[-49.15,61.702]]],[[[-50.758,63.068],[-50.631,63.094],[-50.679,63.024],[-50.758,63.068]]],[[[-50.691,63.113],[-50.817,63.084],[-50.88,63.138],[-50.772,63.192],[-50.691,63.113]]],[[[-50.571,63.213],[-50.469,63.147],[-50.624,63.117],[-50.68,63.149],[-50.571,63.213]]],[[[-52.028,64.181],[-51.895,64.192],[-51.882,64.168],[-52.045,64.105],[-52.083,64.128],[-52.028,64.181]]],[[[-50.822,64.485],[-51.0,64.404],[-51.155,64.254],[-51.258,64.219],[-51.339,64.246],[-51.162,64.301],[-51.207,64.337],[-51.135,64.384],[-51.182,64.398],[-51.087,64.444],[-51.022,64.556],[-50.83,64.55],[-50.822,64.485]]],[[[-51.319,64.376],[-51.515,64.394],[-51.341,64.452],[-51.265,64.562],[-51.094,64.57],[-51.176,64.46],[-51.319,64.376]]],[[[-43.961,59.978],[-43.645,59.854],[-43.791,59.816],[-43.789,59.889],[-43.897,59.793],[-43.933,59.81],[-43.916,59.897],[-44.008,59.818],[-44.118,59.834],[-43.961,59.978]]],[[[-43.219,59.972],[-43.299,59.929],[-43.326,59.962],[-43.371,59.916],[-43.316,60.005],[-43.219,59.972]]],[[[-43.997,60.01],[-44.151,59.903],[-44.16,59.985],[-44.193,59.903],[-44.301,59.876],[-44.399,59.909],[-44.2,60.028],[-43.997,60.01]]],[[[-43.372,60.024],[-43.395,59.939],[-43.446,59.957],[-43.515,59.909],[-43.446,60.04],[-43.372,60.024]]],[[[-43.151,60.072],[-43.157,60.012],[-43.22,59.991],[-43.364,60.06],[-43.576,60.081],[-43.481,60.039],[-43.59,59.923],[-43.671,59.998],[-43.72,59.951],[-43.919,60.005],[-43.722,60.063],[-43.941,60.049],[-44.13,60.142],[-44.073,60.176],[-43.151,60.072]]],[[[-47.828,60.752],[-47.653,60.759],[-47.9,60.682],[-47.894,60.73],[-48.071,60.701],[-48.127,60.725],[-48.097,60.747],[-48.236,60.8],[-48.014,60.824],[-47.969,60.841],[-47.899,60.802],[-47.757,60.807],[-47.828,60.752]]],[[[-42.624,60.896],[-42.768,60.862],[-42.953,60.876],[-42.85,60.903],[-42.624,60.896]]],[[[-42.482,61.465],[-42.412,61.499],[-42.39,61.485],[-42.468,61.439],[-42.482,61.465]]],[[[-42.095,61.862],[-42.096,61.825],[-42.172,61.807],[-42.118,61.779],[-42.288,61.76],[-42.165,61.857],[-42.095,61.862]]],[[[-42.29,62.581],[-42.232,62.551],[-42.16,62.58],[-42.123,62.561],[-42.123,62.5],[-42.264,62.511],[-42.29,62.581]]],[[[-42.035,62.767],[-41.863,62.739],[-42.206,62.733],[-42.031,62.733],[-42.035,62.685],[-42.259,62.698],[-42.267,62.733],[-42.386,62.687],[-42.426,62.725],[-42.405,62.753],[-42.446,62.753],[-42.349,62.813],[-42.007,62.782],[-41.986,62.767],[-42.035,62.767]]],[[[-41.956,62.838],[-41.816,62.808],[-41.917,62.779],[-41.956,62.838]]],[[[-41.562,63.019],[-41.452,63.014],[-41.452,62.973],[-41.583,62.875],[-41.534,62.932],[-41.612,62.917],[-41.562,63.019]]],[[[-41.527,63.082],[-41.404,63.117],[-41.308,63.076],[-41.44,63.051],[-41.527,63.082]]],[[[-41.322,63.165],[-41.296,63.148],[-41.185,63.123],[-41.384,63.134],[-41.462,63.195],[-41.302,63.2],[-41.212,63.157],[-41.322,63.165]]],[[[-41.106,63.242],[-41.159,63.219],[-41.24,63.288],[-41.22,63.224],[-41.26,63.22],[-41.342,63.285],[-41.37,63.281],[-41.349,63.243],[-41.415,63.232],[-41.847,63.433],[-41.863,63.473],[-41.681,63.497],[-41.583,63.43],[-41.425,63.396],[-41.446,63.349],[-41.238,63.34],[-41.106,63.242]]],[[[-51.218,63.512],[-51.246,63.484],[-51.396,63.467],[-51.316,63.53],[-51.218,63.512]]],[[[-40.681,63.654],[-40.726,63.61],[-40.838,63.634],[-40.824,63.643],[-40.681,63.654]]],[[[-40.732,64.234],[-40.623,64.227],[-40.651,64.204],[-41.018,64.202],[-41.062,64.234],[-40.827,64.314],[-40.678,64.295],[-40.732,64.234]]],[[[-40.155,64.481],[-40.198,64.434],[-40.493,64.494],[-40.479,64.538],[-40.541,64.576],[-40.512,64.603],[-40.602,64.72],[-40.773,64.802],[-40.87,64.905],[-40.717,64.932],[-40.5,64.83],[-40.534,64.809],[-40.439,64.741],[-40.548,64.71],[-40.407,64.666],[-40.376,64.617],[-40.483,64.628],[-40.451,64.597],[-40.479,64.583],[-40.265,64.543],[-40.155,64.481]]],[[[-39.492,65.322],[-39.595,65.316],[-39.571,65.287],[-39.492,65.288],[-39.569,65.276],[-39.803,65.335],[-39.753,65.377],[-39.492,65.322]]],[[[-37.217,65.583],[-37.051,65.578],[-37.025,65.552],[-37.033,65.538],[-37.093,65.555],[-37.169,65.533],[-37.196,65.535],[-37.217,65.583]]],[[[-53.231,65.602],[-52.848,65.642],[-52.865,65.61],[-53.037,65.543],[-53.231,65.602]]],[[[-37.075,65.734],[-36.909,65.651],[-37.011,65.624],[-37.004,65.588],[-37.217,65.686],[-37.075,65.734]]],[[[-36.764,65.854],[-36.806,65.823],[-36.786,65.761],[-36.848,65.738],[-36.942,65.782],[-36.916,65.802],[-36.998,65.816],[-36.813,65.876],[-36.764,65.854]]],[[[-37.401,65.758],[-37.497,65.81],[-37.47,65.748],[-37.415,65.734],[-37.497,65.72],[-37.313,65.679],[-37.601,65.597],[-37.601,65.638],[-37.711,65.654],[-37.628,65.604],[-37.738,65.569],[-37.907,65.588],[-37.987,65.701],[-37.954,65.796],[-37.693,65.905],[-37.272,65.761],[-37.401,65.758]]],[[[-36.374,65.881],[-36.183,65.885],[-36.381,65.837],[-36.374,65.881]]],[[[-36.751,65.905],[-36.547,65.963],[-36.504,65.953],[-36.522,65.911],[-36.607,65.89],[-36.587,65.816],[-36.635,65.796],[-36.737,65.802],[-36.683,65.84],[-36.751,65.905]]],[[[-35.558,66.193],[-35.482,66.242],[-35.387,66.248],[-35.484,66.185],[-35.558,66.193]]],[[[-33.907,66.831],[-33.846,66.802],[-33.952,66.795],[-33.976,66.831],[-33.918,66.831],[-33.905,66.881],[-33.866,66.859],[-33.907,66.831]]],[[[-33.483,67.153],[-33.37,67.208],[-33.338,67.207],[-33.41,67.153],[-33.483,67.153]]],[[[-33.248,67.354],[-33.277,67.331],[-33.256,67.298],[-33.331,67.338],[-33.248,67.354]]],[[[-29.701,68.218],[-29.716,68.176],[-29.867,68.143],[-29.986,68.169],[-30.014,68.214],[-29.874,68.242],[-29.701,68.218]]],[[[-53.225,68.434],[-52.972,68.441],[-53.051,68.479],[-52.992,68.495],[-52.854,68.424],[-52.95,68.369],[-53.092,68.361],[-53.225,68.434]]],[[[-51.859,68.607],[-51.886,68.605],[-51.834,68.605],[-51.859,68.607]]],[[[-51.941,68.647],[-51.807,68.626],[-52.115,68.564],[-52.207,68.589],[-52.409,68.564],[-52.424,68.591],[-52.177,68.646],[-52.033,68.626],[-52.115,68.598],[-52.074,68.585],[-51.941,68.647]]],[[[-52.371,68.657],[-52.937,68.606],[-53.122,68.571],[-53.026,68.642],[-52.826,68.655],[-52.766,68.667],[-52.848,68.674],[-52.65,68.715],[-52.128,68.708],[-52.326,68.634],[-52.371,68.657]]],[[[-51.195,69.922],[-50.804,69.9],[-50.799,69.866],[-50.681,69.87],[-50.662,69.835],[-50.962,69.73],[-50.987,69.634],[-50.951,69.559],[-51.167,69.512],[-51.245,69.538],[-51.333,69.688],[-51.387,69.701],[-51.005,69.887],[-51.361,69.853],[-51.195,69.922]]],[[[-52.142,69.477],[-53.552,69.236],[-53.845,69.265],[-53.925,69.322],[-54.149,69.338],[-54.273,69.4],[-54.225,69.454],[-53.403,69.439],[-53.376,69.448],[-53.582,69.476],[-53.473,69.567],[-53.349,69.585],[-53.564,69.569],[-53.658,69.487],[-53.817,69.459],[-53.862,69.469],[-53.733,69.517],[-54.0,69.503],[-53.881,69.561],[-53.93,69.604],[-53.988,69.603],[-53.993,69.558],[-54.13,69.551],[-54.737,69.589],[-54.993,69.702],[-54.893,69.751],[-54.685,69.756],[-54.389,69.682],[-54.62,69.774],[-54.912,69.821],[-54.932,69.866],[-54.794,69.88],[-54.865,69.943],[-54.767,69.97],[-54.225,69.92],[-54.761,70.035],[-54.832,70.086],[-54.842,70.175],[-54.757,70.247],[-54.33,70.324],[-53.266,70.202],[-53.031,70.119],[-52.728,69.929],[-51.998,69.805],[-51.909,69.743],[-52.026,69.674],[-51.837,69.644],[-52.142,69.477]]],[[[-54.654,70.383],[-54.986,70.401],[-55.027,70.486],[-54.799,70.458],[-54.654,70.383]]],[[[-51.82,70.75],[-51.505,70.675],[-51.583,70.658],[-51.861,70.723],[-51.82,70.75]]],[[[-52.065,70.979],[-51.566,70.88],[-51.665,70.846],[-52.161,70.892],[-52.136,70.953],[-52.065,70.979]]],[[[-53.964,71.102],[-53.954,71.171],[-53.612,71.322],[-53.382,71.137],[-53.512,71.038],[-53.668,71.032],[-53.964,71.102]]],[[[-52.328,71.298],[-52.632,71.22],[-52.662,71.168],[-52.957,71.154],[-53.12,71.213],[-53.177,71.328],[-52.972,71.387],[-52.409,71.354],[-52.328,71.298]]],[[[-53.406,71.547],[-53.478,71.655],[-52.76,71.662],[-53.074,71.587],[-53.163,71.531],[-53.406,71.547]]],[[[-55.808,71.881],[-55.561,71.934],[-55.411,71.894],[-55.561,71.821],[-55.808,71.881]]],[[[-55.04,72.308],[-55.376,72.167],[-55.486,72.149],[-55.683,72.19],[-55.638,72.233],[-55.435,72.268],[-55.624,72.303],[-55.419,72.292],[-55.013,72.382],[-55.04,72.308]]],[[[-55.726,72.703],[-55.903,72.723],[-55.939,72.703],[-55.898,72.662],[-56.062,72.655],[-56.226,72.71],[-55.973,72.745],[-56.0,72.765],[-55.972,72.773],[-55.64,72.776],[-55.726,72.703]]],[[[-55.707,72.615],[-55.849,72.614],[-55.791,72.666],[-55.636,72.689],[-55.607,72.759],[-55.247,72.82],[-55.109,72.806],[-55.233,72.84],[-55.199,72.847],[-54.965,72.812],[-55.281,72.686],[-55.367,72.59],[-55.427,72.616],[-55.541,72.556],[-55.589,72.587],[-55.48,72.614],[-55.648,72.654],[-55.707,72.615]]],[[[-55.588,73.041],[-55.159,72.998],[-55.068,72.957],[-55.3,72.922],[-55.356,72.998],[-55.5,72.95],[-55.692,72.998],[-55.588,73.041]]],[[[-56.117,73.56],[-55.945,73.574],[-55.473,73.43],[-55.59,73.416],[-55.589,73.381],[-55.754,73.395],[-55.648,73.419],[-55.698,73.45],[-55.664,73.484],[-55.752,73.464],[-55.898,73.53],[-56.117,73.56]]],[[[-56.164,73.824],[-56.317,73.787],[-56.357,73.807],[-56.335,73.84],[-56.659,73.819],[-56.693,73.841],[-56.631,73.861],[-56.657,73.879],[-56.775,73.882],[-56.624,73.923],[-55.955,73.833],[-55.998,73.805],[-56.164,73.824]]],[[[-56.467,74.512],[-57.195,74.473],[-57.556,74.498],[-56.713,74.561],[-56.467,74.512]]],[[[-69.484,76.586],[-69.678,76.534],[-70.034,76.568],[-69.557,76.614],[-69.484,76.586]]],[[[-72.234,77.459],[-71.343,77.377],[-71.704,77.315],[-72.132,77.322],[-72.098,77.339],[-72.577,77.412],[-72.234,77.459]]],[[[-70.899,77.473],[-70.055,77.404],[-71.08,77.378],[-71.303,77.453],[-70.899,77.473]]],[[[-51.2,82.0],[-51.295,81.979],[-52.126,82.0],[-51.2,82.0]]],[[[-23.593,69.715],[-23.258,69.729],[-23.224,69.671],[-23.48,69.655],[-23.593,69.715]]],[[[-26.193,70.564],[-26.074,70.524],[-26.19,70.458],[-26.383,70.49],[-26.383,70.524],[-26.193,70.564]]],[[[-27.74,70.754],[-27.76,70.858],[-27.723,70.889],[-27.24,70.894],[-27.411,70.805],[-27.672,70.738],[-27.74,70.754]]],[[[-25.322,70.762],[-25.301,70.657],[-25.825,70.601],[-26.0,70.535],[-26.238,70.589],[-26.575,70.524],[-26.968,70.528],[-28.068,70.431],[-28.137,70.46],[-27.995,70.522],[-28.064,70.582],[-27.963,70.631],[-27.651,70.661],[-27.15,70.878],[-26.309,70.939],[-25.704,71.086],[-25.677,71.024],[-25.725,70.991],[-25.41,70.925],[-25.375,70.873],[-25.417,70.853],[-25.342,70.81],[-25.485,70.781],[-25.322,70.762]]],[[[-25.581,71.106],[-25.341,71.079],[-25.376,71.056],[-25.308,71.017],[-25.581,71.106]]],[[[-21.935,72.413],[-22.006,72.386],[-22.258,72.45],[-22.76,72.441],[-22.733,72.384],[-22.327,72.31],[-22.303,72.257],[-22.221,72.287],[-22.045,72.272],[-22.196,72.21],[-22.125,72.159],[-22.201,72.125],[-22.525,72.135],[-22.6,72.162],[-22.498,72.21],[-22.685,72.171],[-22.948,72.239],[-23.065,72.31],[-23.953,72.473],[-24.064,72.445],[-24.081,72.47],[-23.998,72.499],[-24.026,72.521],[-24.372,72.604],[-24.409,72.738],[-24.485,72.827],[-23.93,72.882],[-23.633,72.838],[-23.137,72.84],[-23.045,72.76],[-22.73,72.668],[-22.718,72.635],[-22.482,72.626],[-22.152,72.528],[-22.202,72.484],[-21.952,72.488],[-21.935,72.413]]],[[[-24.787,72.915],[-24.882,72.867],[-24.901,72.782],[-25.321,72.847],[-24.787,72.915]]],[[[-22.189,72.812],[-21.875,72.71],[-21.919,72.685],[-22.086,72.689],[-22.045,72.717],[-22.07,72.721],[-22.654,72.698],[-22.723,72.717],[-22.614,72.738],[-22.742,72.753],[-22.82,72.819],[-23.163,72.878],[-24.526,72.902],[-24.587,72.95],[-24.536,72.992],[-23.779,73.015],[-23.238,73.075],[-22.255,72.978],[-22.095,72.93],[-21.97,72.944],[-21.888,72.895],[-22.189,72.812]]],[[[-21.463,73.121],[-21.168,73.134],[-21.328,73.101],[-21.463,73.121]]],[[[-24.557,73.053],[-25.063,73.118],[-25.431,73.121],[-25.711,73.195],[-25.312,73.32],[-25.297,73.385],[-25.244,73.411],[-24.46,73.425],[-23.21,73.231],[-24.97,73.325],[-25.012,73.313],[-23.766,73.195],[-22.892,73.158],[-22.981,73.107],[-24.557,73.053]]],[[[-20.461,74.309],[-20.133,74.19],[-21.269,74.088],[-21.933,74.208],[-21.987,74.248],[-21.84,74.351],[-21.247,74.457],[-20.533,74.407],[-20.442,74.358],[-20.461,74.309]]],[[[-18.726,74.633],[-18.736,74.573],[-18.823,74.547],[-19.173,74.545],[-19.153,74.561],[-19.222,74.587],[-18.905,74.675],[-18.75,74.649],[-18.81,74.622],[-18.726,74.633]]],[[[-18.319,74.714],[-18.379,74.69],[-18.324,74.636],[-18.483,74.629],[-18.591,74.725],[-18.319,74.714]]],[[[-20.031,74.93],[-19.735,74.855],[-19.891,74.774],[-20.138,74.699],[-20.433,74.734],[-20.681,74.821],[-20.549,74.908],[-20.6,74.999],[-20.339,75.054],[-19.962,74.999],[-20.202,74.924],[-20.176,74.904],[-20.031,74.93]]],[[[-17.317,75.136],[-17.4,75.077],[-17.355,75.026],[-17.516,75.006],[-17.506,74.972],[-17.618,74.936],[-17.646,74.944],[-17.611,74.998],[-17.88,75.036],[-18.448,74.985],[-18.893,74.999],[-18.928,75.081],[-18.831,75.157],[-18.887,75.191],[-18.837,75.206],[-18.838,75.263],[-18.948,75.334],[-18.54,75.375],[-18.317,75.3],[-18.16,75.323],[-18.129,75.392],[-18.051,75.42],[-17.803,75.314],[-18.209,75.222],[-18.016,75.229],[-18.052,75.182],[-18.02,75.159],[-17.813,75.089],[-17.603,75.099],[-17.59,75.153],[-17.317,75.136]]],[[[-18.554,76.042],[-18.55,75.944],[-18.653,75.903],[-18.636,75.982],[-18.871,76.194],[-18.902,76.307],[-19.106,76.473],[-19.133,76.513],[-19.095,76.582],[-18.763,76.589],[-18.783,76.616],[-18.985,76.616],[-19.073,76.734],[-18.948,76.762],[-18.673,76.655],[-18.66,76.609],[-18.722,76.527],[-18.708,76.383],[-18.607,76.235],[-18.646,76.164],[-18.554,76.042]]],[[[-17.809,77.655],[-18.267,77.657],[-17.994,77.772],[-17.953,77.845],[-17.89,77.868],[-17.703,77.88],[-17.617,77.807],[-17.809,77.655]]],[[[-21.395,77.873],[-21.333,77.946],[-21.086,77.985],[-21.243,77.876],[-21.395,77.873]]],[[[-19.292,77.878],[-19.241,77.848],[-19.261,77.809],[-20.49,77.96],[-19.996,78.0],[-19.898,77.93],[-19.747,77.894],[-19.292,77.878]]],[[[-19.202,77.927],[-19.114,78.061],[-19.295,78.104],[-19.32,78.144],[-19.153,78.109],[-18.86,78.144],[-18.927,78.094],[-18.894,78.044],[-19.112,77.932],[-19.202,77.927]]],[[[-20.353,78.147],[-20.6,78.133],[-20.815,78.175],[-20.468,78.249],[-20.347,78.183],[-20.353,78.147]]],[[[-19.497,78.201],[-19.648,78.265],[-19.646,78.351],[-19.469,78.31],[-19.352,78.215],[-19.497,78.201]]],[[[-18.891,78.406],[-18.935,78.379],[-18.905,78.341],[-19.063,78.309],[-18.881,78.22],[-19.049,78.185],[-19.271,78.231],[-19.266,78.289],[-19.316,78.348],[-18.938,78.475],[-18.891,78.406]]],[[[-18.227,78.624],[-18.51,78.526],[-18.653,78.555],[-18.392,78.636],[-18.227,78.624]]],[[[-18.205,78.696],[-18.24,78.785],[-18.162,78.829],[-18.0,78.766],[-18.205,78.696]]],[[[-19.156,78.701],[-19.396,78.705],[-19.611,78.77],[-19.155,78.928],[-19.048,78.924],[-19.165,78.896],[-19.139,78.864],[-19.021,78.868],[-19.213,78.793],[-19.042,78.779],[-19.281,78.766],[-19.021,78.745],[-19.156,78.701]]],[[[-17.682,79.039],[-17.829,78.96],[-17.965,78.956],[-17.897,78.969],[-17.96,79.01],[-17.921,79.063],[-17.646,79.187],[-17.406,79.123],[-17.451,79.045],[-17.682,79.039]]],[[[-18.738,79.973],[-17.741,80.091],[-17.261,80.004],[-17.836,79.742],[-18.174,79.694],[-18.485,79.686],[-19.414,79.848],[-18.919,79.934],[-19.002,80.014],[-18.826,80.025],[-18.738,79.973]]],[[[-19.656,80.023],[-19.704,80.058],[-19.628,80.086],[-19.592,80.16],[-19.35,80.213],[-18.703,80.126],[-19.656,80.023]]],[[[-17.796,81.617],[-18.213,81.692],[-18.281,81.718],[-17.794,81.746],[-17.336,81.602],[-17.796,81.617]]],[[[-19.597,81.992],[-19.053,82.0],[-18.679,81.869],[-18.631,81.82],[-19.045,81.825],[-19.597,81.992]]],[[[-66.588,80.62],[-66.913,80.619],[-66.983,80.672],[-66.588,80.62]]],[[[-66.311,80.821],[-66.378,80.831],[-66.298,80.827],[-66.311,80.821]]]]}},{"type":"Feature","properties":{},"geometry":{"type":"Polygon","coordinates":[[[-68.745,12.062],[-68.815,12.043],[-68.978,12.125],[-69.16,12.293],[-69.166,12.388],[-69.072,12.341],[-69.004,12.222],[-68.821,12.162],[-68.745,12.062]]]}},{"type":"Feature","properties":{},"geometry":{"type":"Polygon","coordinates":[[[-69.936,12.532],[-69.888,12.418],[-70.058,12.537],[-70.061,12.625],[-69.936,12.532]]]}},{"type":"Feature","properties":{},"geometry":{"type":"MultiPolygon","coordinates":[[[[-73.034,21.436],[-73.076,21.507],[-72.992,21.562],[-72.91,21.505],[-73.034,21.436]]],[[[-73.156,22.368],[-73.132,22.46],[-72.82,22.384],[-72.746,22.331],[-72.779,22.288],[-72.898,22.362],[-73.156,22.368]]],[[[-73.475,22.586],[-73.556,22.606],[-73.559,22.612],[-73.501,22.611],[-73.475,22.586]]],[[[-73.645,21.081],[-73.668,21.115],[-73.553,21.13],[-73.515,21.187],[-73.39,21.233],[-73.344,21.165],[-73.255,21.135],[-73.161,21.17],[-73.053,21.329],[-73.005,21.314],[-73.034,21.157],[-73.13,20.994],[-73.226,20.952],[-73.601,20.947],[-73.652,20.914],[-73.703,21.02],[-73.645,21.081]]],[[[-74.284,22.672],[-74.318,22.602],[-74.386,22.541],[-74.284,22.672]]],[[[-74.031,22.624],[-74.016,22.685],[-73.934,22.698],[-73.955,22.72],[-73.852,22.733],[-73.88,22.672],[-73.9,22.698],[-73.831,22.541],[-73.865,22.48],[-74.014,22.33],[-74.119,22.297],[-74.277,22.172],[-74.272,22.226],[-74.184,22.254],[-74.181,22.302],[-74.103,22.332],[-74.084,22.391],[-73.88,22.503],[-73.886,22.576],[-74.031,22.624]]],[[[-74.352,22.823],[-74.298,22.84],[-74.167,22.747],[-74.016,22.72],[-74.091,22.658],[-74.249,22.72],[-74.278,22.693],[-74.352,22.823]]],[[[-73.666,23.09],[-73.817,23.104],[-73.666,23.097],[-73.666,23.09]]],[[[-75.654,23.459],[-75.54,23.428],[-75.524,23.405],[-75.654,23.459]]],[[[-75.783,23.508],[-75.661,23.453],[-75.794,23.471],[-75.945,23.588],[-76.037,23.597],[-76.003,23.614],[-76.031,23.669],[-75.908,23.645],[-75.783,23.508]]],[[[-74.847,22.97],[-74.84,22.86],[-74.978,23.073],[-75.105,23.1],[-75.23,23.171],[-75.202,23.206],[-75.17,23.15],[-75.068,23.117],[-75.14,23.203],[-75.132,23.356],[-75.227,23.447],[-75.277,23.583],[-75.312,23.577],[-75.312,23.645],[-75.353,23.624],[-75.331,23.686],[-75.195,23.514],[-75.094,23.305],[-75.06,23.142],[-74.91,23.067],[-74.847,22.97]]],[[[-74.939,23.694],[-74.777,23.7],[-74.819,23.651],[-74.942,23.659],[-74.939,23.694]]],[[[-76.319,23.98],[-76.398,24.093],[-76.401,24.117],[-76.319,23.98]]],[[[-74.477,24.01],[-74.492,23.96],[-74.558,23.954],[-74.53,24.1],[-74.465,24.144],[-74.428,24.074],[-74.475,23.98],[-74.477,24.01]]],[[[-77.799,24.255],[-77.963,24.152],[-77.976,24.187],[-77.85,24.251],[-77.799,24.255]]],[[[-77.922,24.262],[-77.936,24.227],[-78.017,24.248],[-77.932,24.276],[-77.922,24.262]]],[[[-76.463,24.214],[-76.535,24.268],[-76.545,24.296],[-76.463,24.214]]],[[[-77.517,23.919],[-77.535,23.829],[-77.573,23.829],[-77.566,23.741],[-77.778,23.747],[-77.749,23.778],[-77.675,23.761],[-77.576,23.847],[-77.72,23.785],[-77.765,23.823],[-77.666,23.863],[-77.661,23.885],[-77.799,23.857],[-77.833,24.022],[-77.942,24.097],[-77.675,24.303],[-77.631,24.249],[-77.758,24.173],[-77.702,24.113],[-77.744,24.035],[-77.608,24.218],[-77.549,24.126],[-77.525,23.97],[-77.601,23.905],[-77.517,23.919]]],[[[-77.787,24.315],[-77.739,24.367],[-77.682,24.353],[-77.748,24.346],[-77.787,24.315]]],[[[-75.532,24.445],[-75.29,24.145],[-75.51,24.142],[-75.415,24.213],[-75.41,24.273],[-75.481,24.309],[-75.588,24.513],[-75.647,24.529],[-75.653,24.588],[-75.757,24.66],[-75.732,24.699],[-75.626,24.645],[-75.532,24.445]]],[[[-77.38,25.002],[-77.562,25.019],[-77.456,25.077],[-77.264,25.058],[-77.38,25.002]]],[[[-78.343,24.665],[-78.327,24.711],[-78.298,24.697],[-78.319,24.582],[-78.272,24.631],[-78.238,24.557],[-78.231,24.611],[-78.197,24.604],[-78.264,24.739],[-78.265,24.672],[-78.304,24.728],[-78.158,25.0],[-78.214,25.185],[-78.045,25.183],[-77.977,25.138],[-77.981,25.002],[-77.737,24.7],[-77.754,24.602],[-77.719,24.5],[-78.027,24.273],[-78.08,24.379],[-78.134,24.404],[-78.134,24.502],[-78.226,24.465],[-78.431,24.602],[-78.443,24.624],[-78.343,24.665]]],[[[-76.131,25.148],[-76.161,24.645],[-76.236,24.755],[-76.336,24.815],[-76.219,24.81],[-76.182,24.849],[-76.176,24.895],[-76.206,24.864],[-76.211,24.901],[-76.154,25.005],[-76.165,25.13],[-76.372,25.322],[-76.49,25.351],[-76.631,25.433],[-76.784,25.426],[-76.737,25.564],[-76.675,25.557],[-76.689,25.488],[-76.461,25.355],[-76.352,25.339],[-76.131,25.148]]],[[[-77.821,25.717],[-77.88,25.769],[-77.881,25.79],[-77.821,25.717]]],[[[-77.544,26.312],[-77.573,26.269],[-77.58,26.338],[-77.544,26.312]]],[[[-78.293,26.621],[-78.767,26.508],[-78.998,26.701],[-78.806,26.578],[-78.714,26.571],[-78.574,26.684],[-78.642,26.715],[-78.594,26.811],[-78.52,26.729],[-78.32,26.687],[-77.972,26.73],[-77.915,26.776],[-77.929,26.639],[-78.293,26.621]]],[[[-77.831,26.909],[-77.963,26.893],[-77.868,26.928],[-77.607,26.92],[-77.251,26.688],[-77.305,26.674],[-77.27,26.625],[-77.05,26.516],[-77.015,26.316],[-77.165,26.245],[-77.191,25.916],[-77.227,25.885],[-77.315,25.991],[-77.408,26.03],[-77.223,26.146],[-77.25,26.313],[-77.219,26.355],[-77.23,26.447],[-77.161,26.564],[-77.33,26.605],[-77.37,26.698],[-77.427,26.695],[-77.534,26.863],[-77.831,26.909]]],[[[-79.514,23.496],[-79.537,23.506],[-79.538,23.51],[-79.514,23.496]]],[[[-79.563,23.547],[-79.555,23.533],[-79.594,23.575],[-79.563,23.547]]],[[[-79.267,25.538],[-79.262,25.528],[-79.269,25.539],[-79.267,25.538]]],[[[-79.289,25.559],[-79.279,25.552],[-79.28,25.548],[-79.289,25.559]]],[[[-75.736,22.225],[-75.743,22.183],[-75.739,22.223],[-75.736,22.225]]],[[[-75.745,22.245],[-75.753,22.237],[-75.752,22.263],[-75.745,22.245]]],[[[-75.812,22.372],[-75.805,22.348],[-75.82,22.388],[-75.812,22.372]]],[[[-73.618,22.601],[-73.594,22.602],[-73.625,22.574],[-73.618,22.601]]],[[[-75.124,23.831],[-75.111,23.819],[-75.117,23.815],[-75.124,23.831]]],[[[-77.884,24.341],[-77.849,24.328],[-77.884,24.327],[-77.884,24.341]]],[[[-76.785,24.553],[-76.789,24.519],[-76.792,24.549],[-76.785,24.553]]],[[[-77.852,25.413],[-77.907,25.409],[-77.837,25.435],[-77.852,25.413]]],[[[-79.246,25.764],[-79.292,25.734],[-79.262,25.694],[-79.301,25.698],[-79.301,25.717],[-79.28,25.757],[-79.246,25.764]]],[[[-77.254,26.48],[-77.247,26.439],[-77.278,26.466],[-77.254,26.48]]],[[[-77.893,26.603],[-77.835,26.611],[-77.868,26.564],[-77.893,26.603]]],[[[-76.77,25.551],[-76.746,25.545],[-76.787,25.542],[-76.77,25.551]]],[[[-76.857,25.524],[-76.811,25.524],[-76.872,25.507],[-76.857,25.524]]]]}},{"type":"Feature","properties":{},"geometry":{"type":"MultiPolygon","coordinates":[[[[-72.433,21.709],[-72.452,21.645],[-72.481,21.63],[-72.461,21.705],[-72.433,21.709]]],[[[-71.46,21.664],[-71.591,21.754],[-71.481,21.725],[-71.46,21.664]]],[[[-71.828,21.786],[-71.851,21.856],[-71.679,21.842],[-71.631,21.774],[-71.679,21.822],[-71.645,21.746],[-71.741,21.795],[-71.828,21.786]]],[[[-72.34,21.814],[-72.33,21.862],[-72.232,21.793],[-72.124,21.808],[-72.292,21.749],[-72.275,21.774],[-72.316,21.795],[-72.337,21.76],[-72.31,21.822],[-72.34,21.814]]],[[[-72.026,21.914],[-72.017,21.957],[-71.911,21.948],[-71.903,21.867],[-71.857,21.843],[-71.954,21.867],[-71.948,21.942],[-72.026,21.914]]],[[[-71.138,21.514],[-71.134,21.446],[-71.145,21.432],[-71.138,21.514]]],[[[-71.688,21.3],[-71.674,21.307],[-71.699,21.292],[-71.688,21.3]]],[[[-71.641,21.303],[-71.628,21.31],[-71.635,21.295],[-71.641,21.303]]],[[[-71.214,21.333],[-71.192,21.335],[-71.214,21.311],[-71.214,21.333]]],[[[-71.496,21.563],[-71.496,21.507],[-71.521,21.489],[-71.54,21.517],[-71.496,21.563]]],[[[-72.125,21.855],[-72.124,21.847],[-72.133,21.848],[-72.125,21.855]]],[[[-72.102,21.872],[-72.087,21.873],[-72.1,21.865],[-72.102,21.872]]]]}},{"type":"Feature","properties":{},"geometry":{"type":"MultiPolygon","coordinates":[[[[-56.192,46.807],[-56.168,46.757],[-56.24,46.766],[-56.192,46.807]]],[[[-56.236,46.872],[-56.346,46.784],[-56.391,46.824],[-56.328,46.915],[-56.388,47.052],[-56.366,47.14],[-56.357,47.095],[-56.253,47.054],[-56.28,46.99],[-56.35,46.985],[-56.309,46.972],[-56.312,46.9],[-56.236,46.872]]]]}},{"type":"Feature","properties":{},"geometry":{"type":"MultiPolygon","coordinates":[[[[-14.564,66.385],[-14.991,66.286],[-15.015,66.268],[-14.935,66.222],[-14.952,66.193],[-15.179,66.111],[-15.074,66.097],[-15.076,66.05],[-14.853,66.037],[-14.719,66.07],[-14.617,65.998],[-14.603,65.953],[-14.65,65.888],[-14.891,65.761],[-14.788,65.796],[-14.844,65.735],[-14.329,65.782],[-14.395,65.722],[-14.274,65.673],[-14.358,65.656],[-14.53,65.545],[-14.562,65.501],[-14.32,65.652],[-14.192,65.632],[-14.248,65.665],[-14.028,65.61],[-13.871,65.619],[-13.806,65.529],[-13.715,65.558],[-13.61,65.514],[-13.671,65.378],[-13.836,65.364],[-13.73,65.327],[-14.007,65.282],[-13.688,65.306],[-13.568,65.261],[-13.654,65.22],[-14.034,65.2],[-13.627,65.2],[-13.644,65.159],[-13.747,65.145],[-13.627,65.104],[-13.52,65.172],[-13.503,65.081],[-13.61,65.035],[-13.585,65.008],[-13.782,64.989],[-14.034,65.083],[-13.994,65.055],[-14.233,65.035],[-13.918,65.015],[-13.698,64.925],[-14.055,64.933],[-13.788,64.877],[-13.767,64.854],[-13.832,64.83],[-13.966,64.836],[-13.839,64.799],[-14.014,64.802],[-14.048,64.781],[-13.986,64.74],[-14.271,64.699],[-14.421,64.79],[-14.514,64.802],[-14.274,64.651],[-14.493,64.658],[-14.409,64.61],[-14.584,64.59],[-14.49,64.548],[-14.346,64.606],[-14.466,64.535],[-14.545,64.405],[-14.747,64.384],[-14.569,64.418],[-14.713,64.432],[-14.949,64.322],[-14.878,64.281],[-14.929,64.265],[-15.107,64.301],[-15.226,64.268],[-15.207,64.301],[-15.29,64.334],[-15.281,64.295],[-15.323,64.304],[-15.366,64.369],[-15.408,64.388],[-15.474,64.398],[-15.364,64.337],[-15.398,64.337],[-15.398,64.274],[-15.992,64.144],[-16.179,64.042],[-16.309,64.017],[-16.47,63.905],[-16.783,63.863],[-16.748,63.85],[-16.796,63.802],[-16.887,63.866],[-16.915,63.805],[-16.93,63.866],[-16.926,63.8],[-16.967,63.788],[-16.94,63.898],[-16.969,63.92],[-16.967,63.869],[-17.029,63.85],[-17.006,63.798],[-17.207,63.815],[-17.561,63.751],[-17.55,63.788],[-17.591,63.747],[-17.721,63.706],[-17.625,63.747],[-17.715,63.781],[-17.715,63.754],[-17.817,63.754],[-17.967,63.676],[-17.797,63.671],[-17.866,63.624],[-17.926,63.637],[-17.969,63.623],[-17.858,63.61],[-17.965,63.523],[-18.195,63.473],[-18.228,63.493],[-18.119,63.534],[-18.317,63.549],[-18.266,63.467],[-18.184,63.464],[-18.732,63.397],[-19.287,63.439],[-19.736,63.549],[-20.186,63.544],[-20.551,63.712],[-20.558,63.74],[-20.499,63.763],[-20.311,63.733],[-20.442,63.788],[-20.411,63.836],[-20.562,63.757],[-20.578,63.714],[-20.77,63.774],[-20.606,63.768],[-20.716,63.781],[-20.686,63.863],[-20.818,63.781],[-21.189,63.891],[-21.195,63.932],[-21.045,63.946],[-21.236,63.953],[-21.299,63.918],[-21.209,63.884],[-21.35,63.884],[-21.367,63.85],[-22.336,63.863],[-22.691,63.812],[-22.731,63.891],[-22.635,63.949],[-22.73,63.975],[-22.702,64.086],[-22.61,64.062],[-22.518,63.979],[-22.041,64.051],[-21.963,64.076],[-22.035,64.113],[-21.915,64.124],[-22.045,64.158],[-21.8,64.137],[-21.819,64.172],[-21.724,64.171],[-21.703,64.192],[-21.929,64.234],[-21.755,64.345],[-21.442,64.364],[-21.414,64.384],[-21.631,64.403],[-21.963,64.297],[-22.1,64.315],[-21.86,64.391],[-22.045,64.405],[-21.975,64.504],[-21.778,64.542],[-21.819,64.562],[-21.703,64.611],[-21.58,64.572],[-21.497,64.57],[-21.62,64.603],[-21.579,64.617],[-21.682,64.617],[-21.511,64.651],[-21.703,64.631],[-21.661,64.666],[-22.009,64.525],[-22.039,64.567],[-22.085,64.479],[-22.165,64.46],[-22.258,64.487],[-22.243,64.576],[-22.34,64.556],[-22.347,64.617],[-22.443,64.666],[-22.365,64.643],[-22.333,64.692],[-22.218,64.717],[-22.189,64.74],[-22.402,64.676],[-22.32,64.754],[-22.436,64.768],[-22.408,64.823],[-22.658,64.767],[-22.673,64.802],[-22.778,64.802],[-22.71,64.781],[-22.737,64.775],[-23.246,64.83],[-23.457,64.794],[-23.555,64.82],[-23.674,64.741],[-23.834,64.726],[-23.946,64.761],[-24.06,64.891],[-23.85,64.931],[-23.638,64.899],[-23.381,64.946],[-23.395,64.967],[-23.263,64.926],[-23.224,64.949],[-23.238,65.001],[-23.169,65.02],[-23.087,65.015],[-23.163,64.953],[-23.107,64.918],[-23.11,64.957],[-23.021,65.013],[-22.943,64.987],[-22.718,65.076],[-22.696,65.049],[-22.751,65.028],[-22.58,64.98],[-22.628,65.015],[-22.545,65.052],[-21.826,65.035],[-21.799,65.057],[-21.847,65.069],[-21.734,65.194],[-21.809,65.206],[-22.034,65.115],[-22.558,65.169],[-22.457,65.178],[-22.552,65.186],[-22.429,65.268],[-21.695,65.453],[-21.976,65.44],[-21.935,65.467],[-21.99,65.508],[-22.063,65.484],[-22.114,65.529],[-22.135,65.474],[-22.254,65.434],[-22.387,65.492],[-22.165,65.541],[-22.107,65.597],[-22.244,65.537],[-22.347,65.529],[-22.312,65.562],[-22.479,65.508],[-22.546,65.634],[-22.547,65.561],[-22.589,65.536],[-22.631,65.566],[-22.656,65.528],[-22.708,65.572],[-22.682,65.624],[-22.759,65.63],[-22.732,65.502],[-22.888,65.541],[-22.802,65.601],[-22.854,65.618],[-22.905,65.567],[-22.953,65.61],[-22.985,65.551],[-23.183,65.576],[-23.182,65.514],[-23.231,65.487],[-23.408,65.514],[-23.898,65.405],[-23.984,65.419],[-23.986,65.474],[-24.54,65.508],[-24.375,65.569],[-24.366,65.618],[-24.303,65.638],[-23.893,65.522],[-23.807,65.535],[-23.895,65.541],[-24.087,65.651],[-23.807,65.61],[-24.081,65.706],[-24.135,65.789],[-24.093,65.805],[-23.628,65.706],[-23.567,65.673],[-23.562,65.614],[-23.285,65.679],[-23.458,65.682],[-23.539,65.723],[-23.245,65.74],[-23.19,65.782],[-23.729,65.774],[-23.867,65.876],[-23.801,65.926],[-23.601,65.878],[-23.21,65.843],[-23.578,65.905],[-23.813,66.011],[-23.807,66.058],[-23.751,66.077],[-23.429,66.029],[-23.375,65.988],[-23.423,66.036],[-23.67,66.117],[-23.395,66.098],[-23.601,66.145],[-23.461,66.204],[-23.153,66.146],[-23.107,66.076],[-23.028,66.109],[-22.977,66.034],[-23.059,65.967],[-22.929,66.049],[-22.902,66.008],[-22.84,66.022],[-22.943,65.947],[-22.823,66.005],[-22.819,65.912],[-22.764,66.049],[-22.683,66.056],[-22.577,65.973],[-22.648,65.834],[-22.539,65.974],[-22.456,65.91],[-22.422,65.926],[-22.47,65.837],[-22.361,65.912],[-22.484,66.029],[-22.381,66.098],[-22.488,66.077],[-22.866,66.159],[-22.978,66.234],[-22.751,66.262],[-22.552,66.221],[-22.559,66.248],[-22.368,66.275],[-22.565,66.284],[-22.47,66.309],[-22.492,66.322],[-22.71,66.296],[-22.669,66.357],[-22.608,66.371],[-22.684,66.358],[-22.763,66.324],[-22.823,66.317],[-22.799,66.365],[-22.834,66.359],[-22.94,66.301],[-23.19,66.355],[-23.047,66.361],[-23.025,66.392],[-23.135,66.433],[-23.105,66.443],[-22.864,66.431],[-22.95,66.467],[-22.696,66.419],[-22.575,66.466],[-22.427,66.428],[-22.463,66.467],[-22.431,66.465],[-22.202,66.337],[-22.217,66.268],[-21.979,66.275],[-21.922,66.241],[-21.99,66.214],[-21.75,66.186],[-21.723,66.082],[-21.641,66.07],[-21.668,66.022],[-21.62,66.039],[-21.641,66.083],[-21.549,66.098],[-21.509,66.072],[-21.558,66.047],[-21.535,66.026],[-21.331,66.009],[-21.607,65.961],[-21.302,65.936],[-21.284,65.899],[-21.326,65.878],[-21.278,65.857],[-21.328,65.809],[-21.477,65.769],[-21.332,65.741],[-21.444,65.69],[-21.579,65.693],[-21.686,65.769],[-21.778,65.769],[-21.668,65.728],[-21.689,65.693],[-21.628,65.648],[-21.401,65.624],[-21.483,65.563],[-21.321,65.602],[-21.32,65.522],[-21.477,65.447],[-21.315,65.481],[-21.212,65.438],[-21.193,65.31],[-21.09,65.166],[-21.065,65.186],[-21.12,65.268],[-21.074,65.324],[-21.099,65.445],[-21.055,65.452],[-20.915,65.343],[-20.987,65.507],[-20.918,65.601],[-20.675,65.694],[-20.623,65.671],[-20.646,65.556],[-20.586,65.583],[-20.579,65.535],[-20.476,65.495],[-20.428,65.549],[-20.531,65.577],[-20.411,65.597],[-20.388,65.529],[-20.376,65.596],[-20.27,65.665],[-20.308,65.693],[-20.271,65.77],[-20.339,65.823],[-20.323,65.869],[-20.449,66.029],[-20.408,66.091],[-20.092,66.131],[-19.88,65.905],[-19.708,65.871],[-19.629,65.753],[-19.456,65.729],[-19.399,65.837],[-19.511,65.96],[-19.414,66.008],[-19.438,66.067],[-19.135,66.105],[-19.132,66.09],[-19.058,66.07],[-19.105,66.111],[-19.069,66.165],[-18.945,66.191],[-18.92,66.152],[-18.827,66.203],[-18.777,66.193],[-18.805,66.142],[-18.692,66.17],[-18.62,66.131],[-18.66,66.09],[-18.545,66.083],[-18.516,66.029],[-18.54,65.974],[-18.348,65.95],[-18.218,65.868],[-18.177,65.734],[-18.064,65.645],[-18.06,65.694],[-18.109,65.732],[-18.068,65.831],[-18.1,65.899],[-18.218,65.932],[-18.297,66.015],[-18.329,66.104],[-18.297,66.18],[-17.913,66.152],[-17.713,66.06],[-17.55,65.912],[-17.578,65.974],[-17.495,65.988],[-17.611,65.994],[-17.452,65.995],[-17.413,65.961],[-17.352,66.097],[-17.146,66.221],[-16.992,66.2],[-16.923,66.111],[-16.758,66.15],[-16.721,66.145],[-16.783,66.131],[-16.752,66.113],[-16.701,66.145],[-16.597,66.098],[-16.686,66.166],[-16.531,66.199],[-16.624,66.166],[-16.516,66.18],[-16.426,66.145],[-16.487,66.19],[-16.422,66.287],[-16.515,66.367],[-16.508,66.426],[-16.573,66.481],[-16.543,66.507],[-16.43,66.52],[-16.412,66.481],[-16.365,66.515],[-16.313,66.481],[-16.166,66.536],[-16.023,66.537],[-15.891,66.495],[-15.938,66.424],[-15.707,66.396],[-15.68,66.344],[-15.775,66.289],[-15.691,66.266],[-15.699,66.234],[-15.529,66.227],[-15.38,66.15],[-15.331,66.261],[-15.109,66.278],[-14.925,66.385],[-14.564,66.385]]],[[[-17.823,63.691],[-17.749,63.692],[-17.765,63.682],[-17.823,63.691]]],[[[-18.009,66.564],[-18.0,66.533],[-18.02,66.561],[-18.009,66.564]]],[[[-20.283,63.451],[-20.28,63.403],[-20.306,63.435],[-20.283,63.451]]],[[[-18.409,66.027],[-18.357,65.982],[-18.414,66.024],[-18.409,66.027]]]]}},{"type":"Feature","properties":{},"geometry":{"type":"MultiPolygon","coordinates":[[[[-61.021,10.703],[-61.042,10.482],[-60.961,10.33],[-61.003,10.248],[-60.996,10.138],[-61.192,10.074],[-61.929,10.056],[-61.669,10.184],[-61.627,10.247],[-61.507,10.241],[-61.462,10.282],[-61.489,10.631],[-61.668,10.707],[-61.367,10.803],[-60.907,10.837],[-61.021,10.703]]],[[[-60.523,11.344],[-60.533,11.267],[-60.803,11.143],[-60.848,11.164],[-60.681,11.296],[-60.523,11.344]]]]}},{"type":"Feature","properties":{},"geometry":{"type":"MultiPolygon","coordinates":[[[[-61.605,12.197],[-61.632,12.044],[-61.695,12.003],[-61.791,12.008],[-61.671,12.236],[-61.605,12.197]]],[[[-61.428,12.455],[-61.496,12.44],[-61.428,12.53],[-61.428,12.455]]]]}},{"type":"Feature","properties":{},"geometry":{"type":"MultiPolygon","coordinates":[[[[-61.201,13.051],[-61.242,12.975],[-61.277,12.988],[-61.201,13.051]]],[[[-61.185,13.133],[-61.279,13.216],[-61.27,13.29],[-61.176,13.381],[-61.134,13.353],[-61.124,13.247],[-61.185,13.133]]],[[[-61.448,12.61],[-61.433,12.588],[-61.46,12.591],[-61.448,12.61]]],[[[-61.335,12.727],[-61.334,12.694],[-61.353,12.696],[-61.335,12.727]]],[[[-61.192,12.868],[-61.175,12.882],[-61.191,12.856],[-61.192,12.868]]]]}},{"type":"Feature","properties":{},"geometry":{"type":"Polygon","coordinates":[[[-59.43,13.126],[-59.536,13.051],[-59.622,13.094],[-59.645,13.324],[-59.594,13.335],[-59.43,13.126]]]}},{"type":"Feature","properties":{},"geometry":{"type":"Polygon","coordinates":[[[-60.883,13.981],[-60.905,13.784],[-60.955,13.715],[-61.074,13.799],[-61.076,13.89],[-60.933,14.112],[-60.883,13.981]]]}},{"type":"Feature","properties":{},"geometry":{"type":"Polygon","coordinates":[[[-61.374,15.205],[-61.489,15.536],[-61.469,15.634],[-61.308,15.579],[-61.258,15.473],[-61.257,15.285],[-61.374,15.205]]]}},{"type":"Feature","properties":{},"geometry":{"type":"Polygon","coordinates":[[[-75.019,18.398],[-75.007,18.415],[-75.003,18.398],[-75.019,18.398]]]}},{"type":"Feature","properties":{},"geometry":{"type":"Polygon","coordinates":[[[-62.202,16.819],[-62.15,16.682],[-62.219,16.689],[-62.202,16.819]]]}},{"type":"Feature","properties":{},"geometry":{"type":"MultiPolygon","coordinates":[[[[-61.852,17.008],[-61.894,17.101],[-61.825,17.169],[-61.668,17.079],[-61.695,17.079],[-61.686,17.029],[-61.734,17.035],[-61.737,16.989],[-61.852,17.008]]],[[[-61.852,17.587],[-61.873,17.711],[-61.831,17.614],[-61.838,17.728],[-61.754,17.669],[-61.728,17.588],[-61.771,17.546],[-61.852,17.587]]],[[[-62.347,16.937],[-62.343,16.935],[-62.347,16.932],[-62.347,16.937]]]]}},{"type":"Feature","properties":{},"geometry":{"type":"MultiPolygon","coordinates":[[[[-62.578,17.203],[-62.538,17.121],[-62.612,17.104],[-62.619,17.183],[-62.578,17.203]]],[[[-62.637,17.258],[-62.647,17.217],[-62.703,17.289],[-62.832,17.33],[-62.853,17.395],[-62.82,17.416],[-62.72,17.359],[-62.637,17.258]]]]}},{"type":"Feature","properties":{},"geometry":{"type":"MultiPolygon","coordinates":[[[[-64.559,17.758],[-64.671,17.717],[-64.895,17.683],[-64.876,17.776],[-64.559,17.758]]],[[[-64.708,18.34],[-64.704,18.303],[-64.801,18.328],[-64.747,18.374],[-64.66,18.337],[-64.708,18.34]]],[[[-64.84,18.317],[-64.931,18.34],[-65.041,18.354],[-64.929,18.38],[-64.84,18.317]]]]}},{"type":"Feature","properties":{},"geometry":{"type":"Polygon","coordinates":[[[-62.824,17.883],[-62.866,17.929],[-62.792,17.915],[-62.824,17.883]]]}},{"type":"Feature","properties":{},"geometry":{"type":"MultiPolygon","coordinates":[[[[-67.844,18.105],[-67.873,18.053],[-67.938,18.094],[-67.92,18.114],[-67.844,18.105]]],[[[-65.276,18.137],[-65.484,18.087],[-65.58,18.122],[-65.399,18.169],[-65.276,18.137]]],[[[-65.245,18.307],[-65.334,18.337],[-65.334,18.341],[-65.245,18.307]]],[[[-65.621,18.389],[-65.604,18.215],[-65.738,18.183],[-65.83,18.027],[-65.939,17.971],[-66.204,17.923],[-66.21,17.957],[-66.416,17.95],[-66.469,17.993],[-66.623,17.964],[-66.774,18.002],[-66.93,17.929],[-67.067,17.973],[-67.18,17.966],[-67.195,17.936],[-67.214,17.994],[-67.163,18.023],[-67.202,18.054],[-67.152,18.203],[-67.271,18.362],[-67.159,18.421],[-67.17,18.486],[-67.102,18.523],[-66.907,18.485],[-66.382,18.491],[-66.144,18.469],[-66.108,18.421],[-66.06,18.437],[-66.122,18.473],[-65.893,18.454],[-65.698,18.371],[-65.621,18.389]]]]}},{"type":"Feature","properties":{},"geometry":{"type":"MultiPolygon","coordinates":[[[[-62.984,18.276],[-63.012,18.22],[-63.168,18.169],[-63.038,18.268],[-62.984,18.276]]],[[[-63.429,18.601],[-63.424,18.6],[-63.428,18.593],[-63.429,18.601]]],[[[-62.957,18.274],[-62.948,18.297],[-62.926,18.29],[-62.957,18.274]]],[[[-63.252,18.273],[-63.254,18.287],[-63.236,18.283],[-63.252,18.273]]],[[[-63.19,18.269],[-63.187,18.265],[-63.192,18.269],[-63.19,18.269]]],[[[-63.174,18.262],[-63.169,18.265],[-63.168,18.262],[-63.174,18.262]]]]}},{"type":"Feature","properties":{},"geometry":{"type":"MultiPolygon","coordinates":[[[[-64.517,18.439],[-64.714,18.386],[-64.642,18.451],[-64.517,18.439]]],[[[-64.326,18.512],[-64.443,18.443],[-64.415,18.512],[-64.326,18.512]]],[[[-64.271,18.701],[-64.409,18.745],[-64.32,18.746],[-64.271,18.701]]],[[[-64.578,18.361],[-64.571,18.335],[-64.603,18.356],[-64.578,18.361]]],[[[-64.743,18.455],[-64.73,18.438],[-64.774,18.442],[-64.743,18.455]]],[[[-64.538,18.491],[-64.529,18.476],[-64.537,18.462],[-64.538,18.491]]]]}},{"type":"Feature","properties":{},"geometry":{"type":"Polygon","coordinates":[[[-76.351,18.156],[-76.188,17.915],[-76.363,17.861],[-76.603,17.868],[-76.708,17.946],[-76.832,17.937],[-76.722,17.95],[-76.85,17.992],[-76.942,17.834],[-77.038,17.847],[-77.017,17.861],[-77.064,17.899],[-77.142,17.881],[-77.175,17.778],[-77.216,17.772],[-77.141,17.765],[-77.134,17.71],[-77.179,17.704],[-77.418,17.862],[-77.731,17.855],[-77.84,17.95],[-77.846,18.017],[-77.956,18.032],[-78.05,18.185],[-78.234,18.193],[-78.375,18.266],[-78.335,18.363],[-78.231,18.444],[-77.97,18.443],[-77.902,18.519],[-77.273,18.459],[-77.137,18.409],[-76.895,18.409],[-76.783,18.278],[-76.351,18.156]]]}},{"type":"Feature","properties":{},"geometry":{"type":"MultiPolygon","coordinates":[[[[-81.118,19.353],[-81.107,19.295],[-81.387,19.264],[-81.417,19.37],[-81.376,19.389],[-81.35,19.302],[-81.273,19.328],[-81.286,19.368],[-81.118,19.353]]],[[[-80.062,19.701],[-79.964,19.705],[-80.113,19.659],[-80.062,19.701]]],[[[-79.872,19.705],[-79.727,19.737],[-79.894,19.68],[-79.872,19.705]]]]}},{"type":"Feature","properties":{},"geometry":{"type":"MultiPolygon","coordinates":[[[[-64.648,32.368],[-64.809,32.256],[-64.861,32.249],[-64.883,32.272],[-64.869,32.309],[-64.833,32.26],[-64.779,32.291],[-64.811,32.308],[-64.719,32.324],[-64.736,32.344],[-64.676,32.389],[-64.648,32.368]]],[[[-64.821,32.287],[-64.8,32.283],[-64.833,32.287],[-64.821,32.287]]]]}},{"type":"Feature","properties":{},"geometry":{"type":"MultiPolygon","coordinates":[[[[-24.693,14.891],[-24.687,14.827],[-24.718,14.804],[-24.759,14.867],[-24.693,14.891]]],[[[-24.32,15.013],[-24.3,14.863],[-24.377,14.816],[-24.526,14.925],[-24.489,14.991],[-24.365,15.045],[-24.32,15.013]]],[[[-23.455,15.019],[-23.494,14.919],[-23.532,14.909],[-23.715,14.968],[-23.793,15.086],[-23.752,15.233],[-23.78,15.312],[-23.703,15.313],[-23.697,15.266],[-23.511,15.127],[-23.455,15.019]]],[[[-23.122,15.299],[-23.112,15.172],[-23.196,15.122],[-23.258,15.175],[-23.246,15.271],[-23.19,15.333],[-23.122,15.299]]],[[[-22.724,16.213],[-22.68,16.063],[-22.806,15.986],[-22.874,15.984],[-22.964,16.052],[-22.914,16.126],[-22.916,16.244],[-22.853,16.207],[-22.724,16.213]]],[[[-24.048,16.599],[-24.033,16.562],[-24.272,16.587],[-24.325,16.483],[-24.431,16.639],[-24.361,16.682],[-24.048,16.599]]],[[[-22.929,16.593],[-22.978,16.689],[-22.991,16.816],[-22.922,16.86],[-22.881,16.693],[-22.929,16.593]]],[[[-24.978,16.923],[-24.881,16.862],[-24.891,16.814],[-24.988,16.785],[-25.094,16.826],[-24.978,16.923]]],[[[-24.971,17.107],[-25.188,16.928],[-25.299,16.917],[-25.36,17.055],[-25.103,17.197],[-24.971,17.107]]],[[[-24.593,16.624],[-24.575,16.606],[-24.604,16.621],[-24.593,16.624]]],[[[-24.749,16.794],[-24.726,16.757],[-24.685,16.743],[-24.788,16.775],[-24.749,16.794]]]]}},{"type":"Feature","properties":{},"geometry":{"type":"MultiPolygon","coordinates":[[[[14.563,35.87],[14.528,35.801],[14.424,35.824],[14.346,35.876],[14.322,35.973],[14.377,35.994],[14.349,35.973],[14.445,35.96],[14.563,35.87]]],[[[14.184,36.065],[14.334,36.034],[14.185,36.035],[14.184,36.065]]]]}},{"type":"Feature","properties":{},"geometry":{"type":"Polygon","coordinates":[[[-2.241,49.26],[-2.021,49.235],[-2.025,49.171],[-2.138,49.206],[-2.234,49.185],[-2.241,49.26]]]}},{"type":"Feature","properties":{},"geometry":{"type":"MultiPolygon","coordinates":[[[[-2.673,49.433],[-2.502,49.507],[-2.542,49.431],[-2.673,49.433]]],[[[-2.375,49.435],[-2.354,49.428],[-2.378,49.413],[-2.375,49.435]]],[[[-2.17,49.729],[-2.201,49.706],[-2.226,49.708],[-2.205,49.724],[-2.17,49.729]]],[[[-2.454,49.482],[-2.445,49.475],[-2.453,49.462],[-2.454,49.482]]]]}},{"type":"Feature","properties":{},"geometry":{"type":"Polygon","coordinates":[[[-4.621,54.07],[-4.79,54.064],[-4.71,54.221],[-4.598,54.277],[-4.531,54.366],[-4.351,54.414],[-4.376,54.348],[-4.312,54.287],[-4.391,54.195],[-4.621,54.07]]]}},{"type":"Feature","properties":{},"geometry":{"type":"MultiPolygon","coordinates":[[[[20.298,60.122],[20.266,60.06],[20.202,60.088],[20.222,60.15],[20.258,60.108],[20.256,60.145],[20.298,60.122]]],[[[19.579,60.26],[19.671,60.158],[19.592,60.197],[19.565,60.13],[19.517,60.17],[19.579,60.26]]],[[[20.435,60.262],[20.393,60.197],[20.383,60.241],[20.345,60.238],[20.435,60.262]]],[[[20.819,60.232],[20.787,60.286],[20.853,60.266],[20.819,60.232]]],[[[20.278,60.279],[20.162,60.167],[20.087,60.182],[20.188,60.245],[20.148,60.245],[20.058,60.191],[20.024,60.255],[20.061,60.31],[20.024,60.313],[20.025,60.276],[19.976,60.279],[20.031,60.217],[20.016,60.184],[19.915,60.218],[20.01,60.156],[20.044,60.176],[20.05,60.098],[19.949,60.084],[19.948,60.048],[19.91,60.101],[19.763,60.074],[19.647,60.266],[19.688,60.238],[19.771,60.286],[19.749,60.307],[19.797,60.3],[19.765,60.249],[19.814,60.191],[19.893,60.307],[19.934,60.282],[19.889,60.345],[19.858,60.313],[19.777,60.355],[19.882,60.406],[19.928,60.356],[20.093,60.355],[20.192,60.312],[20.181,60.286],[20.278,60.279]]],[[[20.868,59.918],[20.897,59.94],[20.92,59.909],[20.912,59.904],[20.868,59.918]]],[[[20.969,59.944],[20.991,59.927],[20.913,59.948],[20.997,59.945],[20.969,59.944]]],[[[20.613,60.043],[20.587,60.008],[20.501,60.013],[20.545,60.056],[20.613,60.043]]],[[[20.449,60.065],[20.432,60.025],[20.39,60.028],[20.424,60.055],[20.449,60.065]]],[[[20.542,60.071],[20.471,60.041],[20.47,60.057],[20.542,60.071]]],[[[20.66,60.15],[20.672,60.109],[20.636,60.144],[20.66,60.15]]],[[[20.668,60.227],[20.708,60.2],[20.664,60.205],[20.668,60.227]]],[[[20.74,60.312],[20.757,60.366],[20.787,60.362],[20.785,60.334],[20.74,60.312]]],[[[20.307,59.954],[20.339,60.02],[20.447,59.995],[20.307,59.954]]],[[[20.025,60.042],[20.163,60.088],[20.225,60.005],[20.175,59.971],[20.105,59.996],[20.104,60.028],[20.025,60.042]]],[[[21.076,60.48],[21.078,60.449],[21.059,60.467],[21.076,60.48]]]]}},{"type":"Feature","properties":{},"geometry":{"type":"MultiPolygon","coordinates":[[[[-6.646,61.408],[-6.87,61.502],[-6.963,61.629],[-6.895,61.649],[-6.866,61.623],[-6.914,61.595],[-6.716,61.568],[-6.806,61.554],[-6.674,61.488],[-6.784,61.472],[-6.681,61.458],[-6.646,61.408]]],[[[-6.626,61.81],[-6.661,61.746],[-6.747,61.821],[-6.868,61.839],[-6.907,61.91],[-6.667,61.866],[-6.626,61.81]]],[[[-7.411,62.106],[-7.432,62.148],[-7.329,62.13],[-7.216,62.164],[-7.038,62.089],[-7.202,62.02],[-7.189,62.034],[-7.221,62.066],[-7.208,62.034],[-7.38,62.068],[-7.285,62.075],[-7.411,62.106]]],[[[-7.232,62.176],[-7.189,62.239],[-7.195,62.315],[-7.073,62.29],[-6.997,62.184],[-6.847,62.142],[-6.901,62.102],[-6.813,62.104],[-6.779,62.066],[-6.846,62.054],[-6.716,62.034],[-6.702,61.944],[-6.857,61.995],[-7.016,62.112],[-7.127,62.127],[-7.129,62.162],[-7.232,62.176]]],[[[-6.958,62.19],[-7.077,62.322],[-6.928,62.335],[-6.883,62.311],[-6.935,62.29],[-6.907,62.239],[-6.913,62.282],[-6.814,62.293],[-6.737,62.262],[-6.784,62.232],[-6.606,62.196],[-6.722,62.184],[-6.564,62.136],[-6.668,62.15],[-6.592,62.117],[-6.661,62.095],[-6.655,62.061],[-6.754,62.182],[-6.812,62.191],[-6.733,62.149],[-6.74,62.101],[-6.958,62.19]]],[[[-6.571,62.213],[-6.546,62.272],[-6.572,62.347],[-6.537,62.37],[-6.517,62.323],[-6.483,62.295],[-6.387,62.26],[-6.496,62.253],[-6.421,62.226],[-6.424,62.185],[-6.537,62.226],[-6.51,62.174],[-6.571,62.213]]],[[[-7.588,62.115],[-7.537,62.099],[-7.644,62.107],[-7.588,62.115]]],[[[-6.291,62.308],[-6.313,62.251],[-6.381,62.269],[-6.372,62.288],[-6.291,62.308]]],[[[-6.581,62.282],[-6.636,62.28],[-6.681,62.366],[-6.648,62.367],[-6.581,62.282]]],[[[-6.648,62.26],[-6.691,62.252],[-6.789,62.375],[-6.765,62.374],[-6.648,62.26]]],[[[-6.402,62.32],[-6.456,62.296],[-6.556,62.391],[-6.505,62.388],[-6.449,62.318],[-6.402,62.32]]]]}},{"type":"Feature","properties":{},"geometry":{"type":"MultiPolygon","coordinates":[[[[50.595,26.16],[50.62,26.185],[50.646,26.146],[50.565,25.79],[50.46,25.985],[50.491,26.048],[50.461,26.225],[50.587,26.242],[50.604,26.198],[50.552,26.194],[50.595,26.16]]],[[[50.381,26.139],[50.419,26.166],[50.423,26.12],[50.381,26.139]]],[[[50.633,26.287],[50.684,26.222],[50.674,26.203],[50.6,26.263],[50.633,26.287]]],[[[50.741,25.674],[50.801,25.731],[50.757,25.58],[50.741,25.674]]],[[[50.776,25.753],[50.791,25.749],[50.781,25.745],[50.776,25.753]]],[[[50.805,25.679],[50.817,25.669],[50.808,25.664],[50.805,25.679]]],[[[50.791,25.631],[50.817,25.644],[50.812,25.632],[50.791,25.631]]]]}},{"type":"Feature","properties":{},"geometry":{"type":"Polygon","coordinates":[[[-79.988,15.796],[-79.986,15.794],[-79.989,15.795],[-79.988,15.796]]]}},{"type":"Feature","properties":{},"geometry":{"type":"Polygon","coordinates":[[[-78.64,15.864],[-78.637,15.867],[-78.637,15.862],[-78.64,15.864]]]}}]}
